date,open,high,low,close,volume
2015-06-26,28.5,51.4,28.11,51.4,9079600
2015-06-29,41.95,43.85,35.9,38.0,2083600
2015-06-30,39.6,42.0,39.5,41.5,480200
2015-07-01,42.4,42.8,39.8,39.8,293000
2015-07-02,39.8,41.15,39.51,40.11,111200
2015-07-06,40.0,40.5,37.15,40.11,319200
2015-07-07,40.0,40.9,38.6,39.8,279200
2015-07-08,39.4,40.91,38.77,39.97,173100
2015-07-09,40.04,40.97,39.52,39.84,60800
2015-07-10,40.0,41.69,40.0,40.9,87300
2015-07-13,40.8,44.43,40.8,42.29,163300
2015-07-14,42.0,43.42,42.0,42.17,117000
2015-07-15,42.25,45.2,42.25,43.74,103400
2015-07-16,44.0,47.18,43.183,46.5,192600
2015-07-17,46.8,51.0,43.0,43.99,375500
2015-07-20,44.48,45.278,41.1,42.38,113200
2015-07-21,41.68,41.71,37.26,39.16,263700
2015-07-22,39.45,41.7,39.296,41.07,79500
2015-07-23,41.56,43.0,41.07,41.12,60800
2015-07-24,41.01,41.01,37.51,38.2,113300
2015-07-27,37.87,38.0,34.5,35.05,218100
2015-07-28,35.25,37.05,34.8,36.42,232100
2015-07-29,36.49,38.0,36.0,37.62,97000
2015-07-30,38.0,39.45,36.953,38.03,128800
2015-07-31,38.02,38.57,37.59,37.85,161600
2015-08-03,37.73,40.72,36.82,38.91,130200
2015-08-04,38.91,41.5,38.36,39.11,49500
2015-08-05,39.3,41.0,38.51,40.51,73000
2015-08-06,40.52,41.19,39.54,40.05,121200
2015-08-07,39.68,40.5,38.0,40.05,78700
2015-08-10,40.0,40.115,38.83,40.07,133600
2015-08-11,39.18,41.55,39.18,40.02,143900
2015-08-12,39.27,39.93,36.53,39.36,113200
2015-08-13,39.44,40.29,38.68,40.145,101100
2015-08-14,40.12,40.65,37.97,38.97,151300
2015-08-17,38.72,39.39,38.2,38.86,47900
2015-08-18,38.86,39.26,37.61,38.03,155000
2015-08-19,38.13,40.98,38.0,40.4,165100
2015-08-20,42.0,44.0,39.0,39.29,581100
2015-08-21,39.09,40.94,38.103,40.56,217800
2015-08-24,39.48,40.58,37.28,38.01,195200
2015-08-25,39.39,39.75,38.01,38.5,106300
2015-08-26,39.62,39.73,37.03,39.16,187200
2015-08-27,39.47,41.24,39.22,40.49,138500
2015-08-28,40.15,41.48,40.08,41.02,58400
2015-08-31,40.96,42.56,40.94,41.33,126400
2015-09-01,40.37,41.98,39.88,40.97,115800
2015-09-02,41.82,42.24,40.751,42.0,111500
2015-09-03,42.31,43.99,42.01,43.44,206000
2015-09-04,43.09,44.5,42.941,44.26,91500
2015-09-08,44.5,48.98,44.21,48.23,297500
2015-09-09,49.22,52.0,47.788,49.49,266300
2015-09-10,49.4,49.49,46.02,47.71,204300
2015-09-11,47.35,49.304,47.305,48.66,110000
2015-09-14,48.97,49.72,46.042,46.88,166200
2015-09-15,47.11,47.434,46.08,46.73,70900
2015-09-16,47.0,48.99,46.92,48.68,156000
2015-09-17,48.43,49.535,47.162,48.44,199200
2015-09-18,48.48,49.471,45.0,45.72,652700
2015-09-21,45.91,46.72,42.775,43.32,198200
2015-09-22,42.62,42.62,38.02,38.6,437900
2015-09-23,38.51,40.38,38.0,39.67,319000
2015-09-24,39.23,39.83,38.57,39.15,127500
2015-09-25,39.59,39.636,38.0,38.35,296200
2015-09-28,38.35,38.52,33.66,34.65,859500
2015-09-29,34.56,34.56,27.0,27.0,871500
2015-09-30,27.89,29.83,26.945,29.64,1665000
2015-10-01,29.65,30.02,25.018,25.83,633400
2015-10-02,25.5,27.44,25.0,26.15,408600
2015-10-05,26.84,27.841,26.626,27.74,337000
2015-10-06,27.27,28.7,27.27,28.17,407800
2015-10-07,28.18,30.46,27.695,29.3,270000
2015-10-08,29.15,29.46,28.445,29.22,273800
2015-10-09,29.17,30.69,29.063,29.8,136100
2015-10-12,29.87,30.802,29.0,29.34,262000
2015-10-13,29.1,30.16,28.75,29.05,165600
2015-10-14,28.98,29.68,28.32,29.08,99200
2015-10-15,29.32,30.59,28.73,30.41,72800
2015-10-16,30.58,31.42,30.34,30.93,173200
2015-10-19,30.87,32.01,30.44,31.49,107500
2015-10-20,31.3,31.83,29.26,29.59,130600
2015-10-21,29.61,31.12,27.1,28.05,186200
2015-10-22,29.87,30.02,27.63,28.73,164800
2015-10-23,28.78,29.33,28.114,28.82,103300
2015-10-26,28.68,31.33,28.05,31.01,160500
2015-10-27,30.71,31.65,29.26,30.58,155600
2015-10-28,30.78,32.28,29.81,31.9,80400
2015-10-29,31.69,32.69,30.0,31.33,165900
2015-10-30,31.27,31.91,29.11,29.64,120700
2015-11-02,29.95,31.1,29.485,30.79,165000
2015-11-03,30.9,31.95,29.35,31.2,130300
2015-11-04,31.19,34.42,30.77,34.12,210700
2015-11-05,34.32,34.976,31.41,32.67,147900
2015-11-06,32.53,33.83,30.01,31.57,177100
2015-11-09,31.67,33.44,31.28,32.76,267300
2015-11-10,32.53,32.73,29.059,31.43,280100
2015-11-11,31.46,31.836,30.41,30.87,110200
2015-11-12,30.63,31.47,30.1,30.65,146800
2015-11-13,30.52,30.83,29.79,30.22,162400
2015-11-16,30.17,30.53,29.06,29.16,177400
2015-11-17,29.37,30.07,27.0,28.34,277000
2015-11-18,28.49,30.64,28.0,30.36,132800
2015-11-19,30.36,32.24,29.89,31.81,152900
2015-11-20,31.99,33.28,31.31,33.27,117500
2015-11-23,33.0,34.0,29.94,32.38,101500
2015-11-24,31.99,33.35,31.99,33.01,116800
2015-11-25,33.07,34.98,32.47,34.89,114700
2015-11-27,35.0,35.84,34.245,34.56,56600
2015-11-30,34.53,35.935,34.0,35.83,214100
2015-12-01,35.93,36.01,33.39,35.17,126100
2015-12-02,34.83,36.31,33.98,34.33,110200
2015-12-03,34.55,35.07,32.68,34.17,108600
2015-12-04,33.85,36.08,33.85,35.74,73700
2015-12-07,35.86,35.86,34.306,34.82,116000
2015-12-08,34.48,37.51,34.22,37.02,131000
2015-12-09,36.52,37.4,36.02,36.65,95800
2015-12-10,36.76,37.24,36.524,37.05,63600
2015-12-11,36.36,37.67,36.02,36.78,182600
2015-12-14,36.73,38.24,35.663,37.91,241700
2015-12-15,38.67,43.57,37.91,40.9,492000
2015-12-16,41.45,43.97,40.75,43.85,385200
2015-12-17,44.5,44.51,40.52,42.5,310900
2015-12-18,42.53,44.0,40.78,41.09,1324600
2015-12-21,41.47,41.52,38.03,38.16,363800
2015-12-22,38.0,39.14,37.52,37.6,179900
2015-12-23,36.85,36.952,35.12,35.77,495000
2015-12-24,35.55,35.76,35.02,35.41,186900
2015-12-28,35.16,35.5,33.42,35.0,282600
2015-12-29,35.27,36.64,34.88,36.58,279000
2015-12-30,36.94,36.98,35.26,35.62,127400
2015-12-31,35.11,35.415,34.02,35.09,147100
2016-01-04,33.7,34.18,32.6,34.1,212600
2016-01-05,34.28,34.7,33.25,34.47,147700
2016-01-06,33.87,34.07,32.55,32.77,116900
2016-01-07,32.2,32.625,30.201,30.55,166800
2016-01-08,30.71,31.105,29.59,30.04,165300
2016-01-11,31.4,33.81,29.18,30.28,685500
2016-01-12,30.83,31.79,29.62,31.33,191300
2016-01-13,31.3,31.56,28.02,28.22,307000
2016-01-14,28.5,32.59,27.299,31.6,555900
2016-01-15,30.18,31.29,28.01,29.33,406100
2016-01-19,29.03,30.35,25.11,25.73,480900
2016-01-20,25.4,26.95,23.54,25.48,471600
2016-01-21,26.66,26.86,22.76,24.34,253900
2016-01-22,25.29,25.67,24.02,24.88,141400
2016-01-25,25.39,26.55,24.13,24.58,315300
2016-01-26,24.84,25.47,23.07,24.77,320200
2016-01-27,25.0,25.963,24.28,24.92,152900
2016-01-28,25.42,25.91,24.16,24.58,231800
2016-01-29,24.6,27.73,24.36,26.93,307300
2016-02-01,27.02,27.17,25.68,26.2,210000
2016-02-02,25.68,25.95,24.37,25.72,160400
2016-02-03,25.87,25.97,23.83,24.78,132500
2016-02-04,24.89,26.52,24.56,26.3,119900
2016-02-05,25.68,26.67,24.82,25.08,157700
2016-02-08,24.93,25.09,22.76,23.27,110800
2016-02-09,23.47,23.58,21.12,22.31,162300
2016-02-10,22.86,24.09,22.31,23.21,144700
2016-02-11,22.51,25.12,22.51,24.79,180600
2016-02-12,25.49,26.67,24.1,25.89,159400
2016-02-16,26.22,28.0,24.51,25.0,152100
2016-02-17,25.17,26.71,24.43,25.43,176100
2016-02-18,26.0,26.08,24.05,24.37,192000
2016-02-19,24.25,24.7,23.09,23.65,208200
2016-02-22,24.23,24.35,23.26,24.07,118300
2016-02-23,24.27,24.88,23.865,24.04,147600
2016-02-24,23.53,24.575,23.303,24.5,178200
2016-02-25,24.99,25.75,24.11,24.53,152000
2016-02-26,24.51,25.04,24.341,24.73,145200
2016-02-29,24.99,24.99,23.01,23.11,195500
2016-03-01,23.25,23.8,22.95,23.72,222600
2016-03-02,23.51,26.98,23.105,26.73,366200
2016-03-03,27.0,27.33,25.92,26.86,193200
2016-03-04,27.02,27.89,26.5,27.79,220500
2016-03-07,27.93,30.54,27.61,29.6,293900
2016-03-08,29.27,30.0,25.0,25.12,397100
2016-03-09,25.19,26.41,24.6,25.17,270700
2016-03-10,25.64,26.185,24.8,24.93,213600
2016-03-11,25.2,25.34,24.2,25.3,127200
2016-03-14,25.09,26.97,25.05,25.88,199100
2016-03-15,25.49,25.9,24.29,24.59,222700
2016-03-16,24.46,25.48,24.02,24.69,150300
2016-03-17,24.65,26.15,24.3,25.94,293500
2016-03-18,26.2,26.34,24.21,24.77,774100
2016-03-21,24.77,25.22,24.5,24.84,170300
2016-03-22,24.54,25.13,24.46,25.01,184800
2016-03-23,25.0,26.0,24.5,24.64,193100
2016-03-24,24.39,25.49,24.05,24.7,98600
2016-03-28,24.78,25.105,23.7,24.45,158900
2016-03-29,24.34,25.76,24.0,25.51,174800
2016-03-30,25.5,25.86,24.82,25.13,158800
2016-03-31,25.13,26.78,24.97,26.56,369400
2016-04-01,27.02,27.82,25.21,27.55,556100
2016-04-04,27.87,30.0,27.52,28.32,459900
2016-04-05,28.05,29.25,27.55,27.98,304900
2016-04-06,28.07,29.95,28.07,29.85,357200
2016-04-07,29.67,32.98,29.0,31.5,877200
2016-04-08,32.13,32.51,30.54,30.98,226900
2016-04-11,30.84,30.95,29.75,30.25,166900
2016-04-12,30.23,30.83,29.33,30.49,145300
2016-04-13,30.91,31.41,29.99,30.21,164700
2016-04-14,29.95,30.44,29.52,29.91,81500
2016-04-15,29.92,30.212,29.12,29.96,173400
2016-04-18,30.02,30.545,29.83,30.14,258400
2016-04-19,30.48,30.715,29.26,29.89,153600
2016-04-20,29.97,30.75,29.8,30.59,105500
2016-04-21,30.62,31.54,30.135,31.32,76100
2016-04-22,31.25,32.27,31.05,31.79,103600
2016-04-25,31.79,32.959,31.48,32.6,159500
2016-04-26,32.6,32.67,30.75,31.18,192000
2016-04-27,31.0,32.99,29.65,30.0,102400
2016-04-28,29.94,30.79,29.275,29.5,150700
2016-04-29,29.5,29.806,28.305,29.52,191800
2016-05-02,30.0,30.0,28.4,29.7,214600
2016-05-03,29.32,29.32,27.19,27.73,174800
2016-05-04,27.49,27.49,26.13,26.53,204900
2016-05-05,26.64,26.64,25.05,25.1,213400
2016-05-06,25.11,25.166,23.89,24.07,219500
2016-05-09,24.22,25.98,24.0,25.79,202100
2016-05-10,25.78,26.57,24.45,26.15,171200
2016-05-11,26.1,26.2,25.18,25.33,268000
2016-05-12,25.5,25.611,22.88,23.37,314200
2016-05-13,23.19,24.0,23.0,23.87,146100
2016-05-16,23.99,25.0,23.55,24.95,223600
2016-05-17,24.82,25.83,24.26,25.43,246400
2016-05-18,25.09,27.41,25.035,27.1,380300
2016-05-19,27.0,27.89,26.73,27.53,197000
2016-05-20,27.69,28.98,27.69,28.9,249700
2016-05-23,29.04,29.84,28.47,28.77,188500
2016-05-24,29.03,30.2,28.52,30.01,294600
2016-05-25,30.0,30.0,28.13,28.98,263300
2016-05-26,28.69,29.61,27.88,29.28,189200
2016-05-27,29.18,29.65,28.31,29.46,182100
2016-05-31,29.66,30.72,29.36,30.43,267100
2016-06-01,29.43,30.96,29.41,30.9,357200
2016-06-02,30.92,33.78,30.88,32.1,635900
2016-06-03,31.97,31.97,29.5,29.92,258900
2016-06-06,30.58,32.6,29.75,32.1,345700
2016-06-07,31.82,33.05,31.05,32.79,289500
2016-06-08,32.82,34.76,32.6,34.3,353300
2016-06-09,34.03,34.46,32.48,32.67,203700
2016-06-10,31.9,33.75,31.255,33.53,261400
2016-06-13,33.34,34.99,33.34,34.5,333800
2016-06-14,34.37,34.75,30.1,30.51,731900
2016-06-15,31.1,31.78,30.07,30.24,333900
2016-06-16,30.1,30.39,28.15,29.49,259800
2016-06-17,29.56,30.29,29.05,29.39,413700
2016-06-20,29.86,31.04,29.255,30.26,166800
2016-06-21,30.46,30.46,28.83,29.28,240100
2016-06-22,29.13,30.22,28.53,29.38,226100
2016-06-23,29.9,30.52,29.64,30.37,159900
2016-06-24,28.5,29.6,27.98,28.29,1445400
2016-06-27,28.0,28.0,25.87,27.06,315200
2016-06-28,27.61,29.6,27.13,29.43,197100
2016-06-29,29.55,29.96,29.15,29.84,278100
2016-06-30,29.54,29.7,28.66,29.05,167100
2016-07-01,28.8,30.02,28.575,29.93,244400
2016-07-05,29.71,30.11,28.79,29.09,402200
2016-07-06,28.85,30.06,28.51,30.02,262400
2016-07-07,30.08,30.62,29.7,29.99,115700
2016-07-08,29.97,30.07,29.22,29.99,202600
2016-07-11,30.0,30.78,29.64,30.51,385900
2016-07-12,31.05,32.78,30.86,32.31,301500
2016-07-13,32.55,32.76,31.06,31.66,299500
2016-07-14,31.99,32.72,31.0,32.04,247700
2016-07-15,32.38,33.23,32.16,32.73,273900
2016-07-18,33.0,34.169,33.0,33.37,327100
2016-07-19,33.4,33.79,32.73,32.95,188000
2016-07-20,33.29,33.79,33.27,33.7,268800
2016-07-21,33.6,34.36,33.26,33.66,566200
2016-07-22,33.9,34.94,33.53,34.47,191800
2016-07-25,34.17,34.38,33.33,34.01,216100
2016-07-26,33.69,34.98,33.69,34.88,214800
2016-07-27,35.0,35.25,34.75,35.09,276200
2016-07-28,35.23,35.98,35.07,35.77,189800
2016-07-29,8.52,12.35,8.05,10.94,38290000
2016-08-01,10.33,11.18,9.641,9.73,5655500
2016-08-02,9.8,10.2,9.26,9.58,2450800
2016-08-03,9.43,9.762,9.28,9.62,1066300
2016-08-04,9.6,9.74,9.2,9.31,1339900
2016-08-05,9.31,9.73,9.13,9.6,1385400
2016-08-08,9.63,10.08,9.53,9.69,1041500
2016-08-09,9.68,9.88,9.465,9.53,605100
2016-08-10,9.56,9.6,9.14,9.21,1059800
2016-08-11,9.0,9.82,8.92,9.73,1237600
2016-08-12,9.86,11.2,9.75,10.53,2876900
2016-08-15,10.69,10.86,10.38,10.7,947700
2016-08-16,10.74,11.3,10.65,11.14,944400
2016-08-17,11.08,11.89,11.08,11.42,1196700
2016-08-18,11.49,11.887,11.4,11.82,718600
2016-08-19,11.79,11.927,10.95,11.04,1022200
2016-08-22,11.35,11.575,11.08,11.4,645300
2016-08-23,11.45,11.67,11.38,11.55,408400
2016-08-24,11.6,11.86,10.8,10.96,731300
2016-08-25,11.06,11.28,10.29,10.66,667900
2016-08-26,10.69,11.02,10.67,10.88,408300
2016-08-29,10.94,11.1,10.76,10.93,289400
2016-08-30,10.98,11.14,10.76,10.81,337500
2016-08-31,10.75,10.81,10.4,10.47,484500
2016-09-01,10.44,10.72,9.8,10.15,523400
2016-09-02,10.22,10.32,10.02,10.13,261500
2016-09-06,10.14,10.79,10.11,10.68,484900
2016-09-07,10.71,10.98,10.58,10.7,421700
2016-09-08,10.71,11.3,10.71,11.16,592400
2016-09-09,11.0,11.08,10.45,10.45,348100
2016-09-12,10.3,11.29,10.2,11.28,551800
2016-09-13,11.24,11.5,10.975,11.39,443800
2016-09-14,11.38,12.12,11.38,11.8,500400
2016-09-15,11.9,12.61,11.88,12.48,545800
2016-09-16,12.45,12.7,11.76,12.59,940800
2016-09-19,12.58,12.95,12.495,12.55,436700
2016-09-20,13.68,14.81,13.391,14.22,2460500
2016-09-21,14.6,15.09,13.631,14.36,1774200
2016-09-22,14.4,14.53,13.22,13.54,931000
2016-09-23,13.51,13.8,13.3,13.4,626000
2016-09-26,13.54,13.54,12.97,13.02,618500
2016-09-27,12.92,13.33,12.87,13.29,325400
2016-09-28,13.33,13.52,13.06,13.2,259800
2016-09-29,13.25,13.47,12.64,12.68,743200
2016-09-30,12.75,12.776,12.0,12.29,557300
2016-10-03,12.17,12.28,11.69,11.92,435100
2016-10-04,11.89,12.01,11.66,11.72,301500
2016-10-05,11.8,12.19,11.66,12.07,410600
2016-10-06,11.91,11.99,11.3,11.41,280500
2016-10-07,11.45,11.56,11.02,11.525,431200
2016-10-10,11.64,11.96,11.54,11.82,239600
2016-10-11,11.71,11.85,11.25,11.425,312100
2016-10-12,11.46,11.5,10.84,11.01,306100
2016-10-13,10.84,11.55,10.71,11.44,299900
2016-10-14,11.57,11.65,11.22,11.45,287000
2016-10-17,11.49,11.49,11.14,11.35,268100
2016-10-18,11.48,11.755,11.43,11.67,226400
2016-10-19,11.9,11.9,11.57,11.71,176600
2016-10-20,11.6,12.395,11.6,12.36,220300
2016-10-21,12.2,12.5,12.045,12.32,154500
2016-10-24,12.33,12.43,12.03,12.22,145400
2016-10-25,12.14,12.36,12.0,12.15,159000
2016-10-26,12.12,12.379,11.76,11.87,151700
2016-10-27,12.04,12.1,11.546,11.58,118600
2016-10-28,11.55,11.55,11.08,11.18,354100
2016-10-31,11.41,11.41,10.6,10.79,337000
2016-11-01,10.79,11.2,10.63,11.1,284900
2016-11-02,11.0,11.01,10.41,10.56,307000
2016-11-03,10.45,10.675,10.14,10.19,240400
2016-11-04,10.19,10.58,10.19,10.42,219100
2016-11-07,10.72,10.95,10.597,10.8,340300
2016-11-08,10.76,10.97,10.5,10.59,224400
2016-11-09,10.78,11.5,10.71,11.4,460800
2016-11-10,11.8,13.77,11.56,12.99,971600
2016-11-11,12.75,13.02,11.85,12.33,673900
2016-11-14,12.43,12.54,12.14,12.36,274200
2016-11-15,12.3,12.52,12.01,12.41,228200
2016-11-16,12.34,12.46,11.76,11.82,183100
2016-11-17,11.85,11.9,11.621,11.78,201700
2016-11-18,11.81,11.87,11.42,11.63,298000
2016-11-21,11.52,11.685,11.39,11.49,135800
2016-11-22,11.54,11.56,10.72,10.87,333800
2016-11-23,10.71,11.09,10.3,11.06,320000
2016-11-25,11.13,11.23,10.67,10.9,92500
2016-11-28,11.04,11.04,10.41,10.45,203100
2016-11-29,10.5,10.639,10.26,10.29,162200
2016-11-30,10.44,10.45,9.99,9.99,229500
2016-12-01,10.08,10.2,9.72,9.94,215900
2016-12-02,9.93,10.45,9.93,10.32,173600
2016-12-05,10.44,10.77,10.39,10.45,199700
2016-12-06,10.47,10.51,10.2,10.42,233100
2016-12-07,10.27,10.454,9.66,9.78,427000
2016-12-08,9.75,9.8,9.41,9.69,279100
2016-12-09,9.78,10.13,9.74,9.79,250700
2016-12-12,9.82,9.89,9.4,9.44,187100
2016-12-13,9.52,9.71,9.183,9.22,212600
2016-12-14,9.2,9.38,8.917,8.99,279600
2016-12-15,9.01,9.24,8.86,9.2,402700
2016-12-16,9.44,10.45,9.4,9.76,872500
2016-12-19,9.75,10.39,9.75,10.0,343900
2016-12-20,10.0,10.26,9.945,10.09,183800
2016-12-21,10.0,10.06,9.78,9.86,200500
2016-12-22,9.88,9.99,9.65,9.75,152000
2016-12-23,9.74,10.2,9.65,10.17,176200
2016-12-27,10.13,10.24,9.93,9.96,183800
2016-12-28,9.97,10.14,9.78,9.85,175200
2016-12-29,9.85,10.1,9.85,9.98,141900
2016-12-30,10.0,10.08,9.79,9.9,166300
2017-01-03,10.1,10.16,9.894,10.01,204200
2017-01-04,10.01,11.115,10.01,10.99,466700
2017-01-05,10.87,10.923,10.43,10.79,230800
2017-01-06,10.82,11.18,10.82,11.11,199600
2017-01-09,11.07,11.11,10.885,11.0,130200
2017-01-10,10.94,11.0,10.76,10.95,141700
2017-01-11,10.99,11.02,10.63,10.81,169700
2017-01-12,10.73,11.02,10.56,10.79,157700
2017-01-13,10.8,11.16,10.8,10.94,111100
2017-01-17,10.86,10.86,10.45,10.51,110900
2017-01-18,10.54,10.69,10.402,10.48,108500
2017-01-19,10.44,10.48,10.155,10.26,112200
2017-01-20,10.26,10.33,10.125,10.15,70300
2017-01-23,10.11,10.165,9.81,9.85,143500
2017-01-24,9.87,9.91,9.52,9.82,151100
2017-01-25,9.92,10.28,9.81,10.09,92600
2017-01-26,10.09,10.155,9.85,9.89,71500
2017-01-27,9.89,9.99,9.751,9.92,94700
2017-01-30,9.85,9.88,9.35,9.41,122700
2017-01-31,10.31,10.349,9.635,9.89,492300
2017-02-01,9.95,10.15,9.29,9.45,284900
2017-02-02,9.46,9.59,9.25,9.44,132600
2017-02-03,9.54,9.82,9.5,9.77,153400
2017-02-06,9.75,9.875,9.67,9.81,83000
2017-02-07,9.81,9.89,9.42,9.5,117600
2017-02-08,9.44,9.595,9.22,9.29,102000
2017-02-09,9.33,9.74,9.33,9.52,230500
2017-02-10,9.53,9.75,9.425,9.48,171100
2017-02-13,9.53,9.73,9.415,9.6,113300
2017-02-14,9.62,9.89,9.51,9.78,192800
2017-02-15,9.75,9.96,9.66,9.95,98300
2017-02-16,9.96,10.0,9.47,9.64,104800
2017-02-17,9.62,9.795,9.5,9.56,103400
2017-02-21,9.66,9.66,9.422,9.55,110200
2017-02-22,9.54,9.54,9.26,9.36,148000
2017-02-23,9.25,9.41,9.09,9.19,113300
2017-02-24,9.19,9.24,9.01,9.09,91400
2017-02-27,9.07,9.75,9.07,9.71,220400
2017-02-28,9.67,9.89,9.4,9.68,145000
2017-03-01,9.89,9.95,9.595,9.91,123300
2017-03-02,9.91,10.25,9.541,9.76,193800
2017-03-03,9.8,9.95,9.51,9.6,83700
2017-03-06,9.58,9.7,9.45,9.53,73900
2017-03-07,9.57,9.66,9.22,9.29,121700
2017-03-08,9.44,9.587,9.27,9.38,118300
2017-03-09,9.4,9.5,9.2,9.38,72200
2017-03-10,9.45,9.52,9.09,9.33,182700
2017-03-13,9.33,9.505,9.22,9.33,76800
2017-03-14,9.27,9.27,9.01,9.13,100000
2017-03-15,9.15,9.38,9.06,9.27,91100
2017-03-16,10.0,13.315,9.87,12.71,4364600
2017-03-17,12.3,12.85,12.0,12.04,853500
2017-03-20,12.81,12.81,11.64,11.99,458400
2017-03-21,11.98,11.98,11.06,11.1,322700
2017-03-22,11.07,11.07,10.27,10.76,418300
2017-03-23,10.72,11.12,10.6,10.71,257400
2017-03-24,10.81,11.0,10.63,10.83,119000
2017-03-27,10.62,11.41,10.62,11.37,185700
2017-03-28,11.37,11.7,10.92,11.0,160400
2017-03-29,11.03,11.45,10.777,11.25,115600
2017-03-30,11.22,11.43,11.06,11.16,142100
2017-03-31,11.15,11.54,11.07,11.27,132200
2017-04-03,11.28,11.87,11.23,11.33,210700
2017-04-04,11.29,11.48,10.95,11.02,209100
2017-04-05,11.05,11.4,10.4,10.44,238400
2017-04-06,10.53,11.14,10.445,11.11,276900
2017-04-07,11.05,11.114,10.77,10.85,139100
2017-04-10,10.9,11.43,10.75,11.16,217500
2017-04-11,11.09,11.278,10.64,10.84,192100
2017-04-12,10.86,10.9,10.64,10.65,190800
2017-04-13,10.66,10.865,10.43,10.62,176000
2017-04-17,10.65,10.73,9.85,9.98,217800
2017-04-18,9.93,10.0,9.5,9.66,301200
2017-04-19,9.72,9.89,9.4,9.43,198400
2017-04-20,9.46,9.69,9.46,9.64,213800
2017-04-21,9.63,9.72,9.425,9.46,152600
2017-04-24,9.61,9.79,9.41,9.76,120700
2017-04-25,9.8,10.22,9.72,10.18,164800
2017-04-26,10.15,10.23,10.03,10.11,119600
2017-04-27,10.12,10.21,9.9,10.0,73700
2017-04-28,10.02,10.08,9.7,9.83,115100
2017-05-01,9.89,10.03,9.72,9.87,109800
2017-05-02,9.91,10.043,9.69,9.79,89600
2017-05-03,9.77,9.83,9.43,9.77,207600
2017-05-04,10.74,10.75,9.64,10.56,329500
2017-05-05,10.55,10.59,9.841,9.99,198100
2017-05-08,9.94,10.0,9.5,9.6,198700
2017-05-09,9.65,10.04,9.59,9.93,112000
2017-05-10,9.89,10.059,9.78,9.97,108100
2017-05-11,9.91,10.11,9.58,9.86,158300
2017-05-12,9.85,10.11,9.721,9.98,109800
2017-05-15,10.04,10.39,10.02,10.13,66900
2017-05-16,10.18,10.4,10.11,10.18,142100
2017-05-17,9.98,10.34,9.81,9.83,154300
2017-05-18,9.84,10.02,9.713,9.85,108300
2017-05-19,9.88,10.03,9.75,9.75,134500
2017-05-22,9.81,9.94,9.65,9.72,112200
2017-05-23,9.74,9.91,9.606,9.81,129500
2017-05-24,9.82,10.06,9.74,9.89,87800
2017-05-25,9.96,9.96,9.56,9.57,97500
2017-05-26,9.57,9.68,9.22,9.38,153500
2017-05-30,9.32,9.41,8.91,9.08,224200
2017-05-31,9.11,9.2,8.85,9.12,178200
2017-06-01,9.13,9.45,9.0,9.42,115000
2017-06-02,9.45,9.66,9.3,9.52,88200
2017-06-05,9.57,9.8,9.21,9.72,169400
2017-06-06,9.71,10.08,9.7,9.79,131800
2017-06-07,9.81,10.05,9.52,9.67,120300
2017-06-08,9.75,10.05,9.64,9.72,102300
2017-06-09,9.73,10.05,9.61,9.92,169900
2017-06-12,9.91,10.602,9.89,10.49,278100
2017-06-13,10.54,10.54,10.09,10.35,133600
2017-06-14,10.41,10.45,10.0,10.22,101500
2017-06-15,10.15,10.34,9.95,10.0,157000
2017-06-16,9.92,10.5,9.92,10.49,284600
2017-06-19,10.54,10.85,10.3,10.84,189500
2017-06-20,10.87,11.83,10.87,11.21,369500
2017-06-21,11.29,11.71,11.26,11.67,168200
2017-06-22,11.74,12.07,11.49,11.56,219100
2017-06-23,11.56,11.8,11.24,11.68,546100
2017-06-26,11.74,12.34,11.52,12.1,256500
2017-06-27,12.07,12.29,11.81,11.93,185300
2017-06-28,12.0,12.2,11.74,11.9,170000
2017-06-29,11.94,12.0,11.3,11.65,227900
2017-06-30,11.65,11.7,11.3,11.3,136400
2017-07-03,11.34,11.62,11.07,11.53,152100
2017-07-05,11.5,11.5,10.94,11.13,228800
2017-07-06,11.12,11.39,11.0,11.03,126600
2017-07-07,11.06,11.19,10.88,11.14,150900
2017-07-10,11.16,11.22,10.51,10.73,177900
2017-07-11,10.81,11.13,10.66,10.97,142700
2017-07-12,11.02,11.145,10.91,11.07,107300
2017-07-13,11.05,11.14,10.86,11.02,117600
2017-07-14,10.99,11.42,10.99,11.26,187000
2017-07-17,11.19,11.59,11.19,11.46,170400
2017-07-18,11.32,12.35,11.27,12.24,222400
2017-07-19,12.34,12.48,11.98,12.46,279800
2017-07-20,12.53,14.29,12.498,13.6,624600
2017-07-21,14.3,14.3,13.6,13.74,272700
2017-07-24,13.72,14.57,13.625,14.5,372500
2017-07-25,14.59,14.801,13.04,14.04,384900
2017-07-26,14.05,14.765,14.02,14.56,180600
2017-07-27,14.63,14.677,13.67,13.73,202100
2017-07-28,13.65,14.0,13.45,13.65,176200
2017-07-31,13.62,13.77,13.26,13.53,116300
2017-08-01,13.55,13.59,13.044,13.47,101300
2017-08-02,13.45,13.67,12.91,13.32,131100
2017-08-03,12.65,13.55,12.15,12.91,242400
2017-08-04,13.06,14.27,12.92,13.69,328100
2017-08-07,13.75,13.98,13.56,13.69,173900
2017-08-08,13.61,13.98,13.366,13.56,147100
2017-08-09,13.42,13.89,13.42,13.53,94300
2017-08-10,13.41,13.62,13.05,13.46,176200
2017-08-11,13.63,13.84,13.3,13.77,98000
2017-08-14,14.0,14.17,13.5,13.7,129800
2017-08-15,13.75,13.82,13.35,13.35,64800
2017-08-16,13.36,13.85,13.3,13.5,84800
2017-08-17,13.36,13.95,13.24,13.33,164100
2017-08-18,13.18,13.33,12.94,12.94,160700
2017-08-21,12.85,12.95,12.53,12.81,171700
2017-08-22,12.99,13.17,12.58,13.08,133200
2017-08-23,13.07,13.17,12.82,12.89,95300
2017-08-24,13.02,13.33,12.9,13.25,153400
2017-08-25,13.29,13.4,13.07,13.35,77800
2017-08-28,13.41,13.63,13.05,13.57,65500
2017-08-29,13.39,13.81,13.38,13.49,105400
2017-08-30,13.53,13.7,13.343,13.49,121200
2017-08-31,13.51,14.19,13.501,14.03,120000
2017-09-01,14.04,14.2,13.67,13.86,69100
2017-09-05,13.86,14.07,13.58,13.97,133600
2017-09-06,14.03,14.73,13.56,14.31,283600
2017-09-07,14.24,14.6,14.08,14.23,131500
2017-09-08,14.24,14.44,14.075,14.36,112700
2017-09-11,14.49,14.83,14.35,14.8,147800
2017-09-12,14.87,15.41,14.25,14.5,178700
2017-09-13,14.49,14.83,13.936,14.0,119200
2017-09-14,13.71,14.45,13.32,14.34,168400
2017-09-15,14.37,14.69,14.11,14.67,213600
2017-09-18,14.66,15.189,14.55,15.16,135000
2017-09-19,15.16,15.33,14.85,15.02,101700
2017-09-20,15.03,16.6,15.03,16.09,289100
2017-09-21,15.99,17.17,15.961,16.77,263100
2017-09-22,16.77,17.42,16.6,16.75,178200
2017-09-25,16.82,17.359,16.66,16.85,287600
2017-09-26,16.97,17.399,16.52,16.6,122000
2017-09-27,16.79,17.08,16.45,16.6,150200
2017-09-28,16.63,16.91,16.43,16.5,284600
2017-09-29,16.59,16.6,16.01,16.04,245600
2017-10-02,14.22,15.4,12.18,12.3,1710100
2017-10-03,12.37,13.04,12.11,12.64,651300
2017-10-04,12.78,12.82,12.331,12.41,320400
2017-10-05,12.35,12.73,11.88,12.0,278900
2017-10-06,12.28,12.489,11.817,11.92,245100
2017-10-09,11.83,12.16,11.5,11.53,235200
2017-10-10,11.45,11.809,11.42,11.5,179500
2017-10-11,11.43,11.64,10.93,10.97,249500
2017-10-12,11.01,11.19,10.61,10.87,170500
2017-10-13,11.3,11.43,10.8,10.99,360900
2017-10-16,10.88,11.36,10.72,10.81,160400
2017-10-17,10.72,11.134,10.72,10.93,183100
2017-10-18,10.89,11.01,10.42,10.45,121400
2017-10-19,10.45,10.61,10.12,10.3,237400
2017-10-20,10.38,10.53,9.88,9.98,283300
2017-10-23,10.0,10.09,9.76,9.95,341200
2017-10-24,9.9,10.55,9.88,10.37,285900
2017-10-25,10.32,10.46,9.85,10.01,328100
2017-10-26,9.97,10.38,9.64,9.79,398500
2017-10-27,9.8,9.94,9.61,9.75,152700
2017-10-30,9.78,10.17,9.76,9.98,159500
2017-10-31,9.96,10.11,9.8,10.04,150600
2017-11-01,10.07,10.27,9.64,9.68,163900
2017-11-02,9.63,9.738,9.4,9.64,208500
2017-11-03,9.69,9.98,9.613,9.97,132800
2017-11-06,9.96,10.08,9.85,9.98,80100
2017-11-07,9.97,10.01,9.53,9.58,147600
2017-11-08,10.2,10.75,9.8,9.98,458700
2017-11-09,10.52,10.52,9.89,9.97,357400
2017-11-10,10.0,10.49,9.831,10.34,191200
2017-11-13,10.35,10.35,9.6,9.66,197600
2017-11-14,9.7,9.88,9.29,9.52,247000
2017-11-15,9.58,9.58,9.15,9.15,182700
2017-11-16,9.23,9.645,9.15,9.32,187900
2017-11-17,9.4,9.62,9.1,9.41,185500
2017-11-20,9.36,9.6,9.21,9.38,99000
2017-11-21,9.49,9.56,9.29,9.4,122400
2017-11-22,9.4,9.59,9.32,9.41,127500
2017-11-24,9.4,9.62,9.4,9.54,43000
2017-11-27,9.58,10.53,9.58,10.38,219900
2017-11-28,10.47,10.47,10.02,10.36,196700
2017-11-29,10.34,10.424,10.14,10.24,117100
2017-11-30,10.3,10.7,10.28,10.5,409400
2017-12-01,10.56,10.66,10.17,10.55,126900
2017-12-04,10.6,10.755,9.8,9.9,224800
2017-12-05,9.94,10.26,9.85,9.87,111200
2017-12-06,9.92,9.92,9.52,9.79,101400
2017-12-07,9.84,10.11,9.605,10.06,113100
2017-12-08,10.01,10.32,10.01,10.2,143300
2017-12-11,10.23,10.3,10.03,10.19,111200
2017-12-12,10.2,10.27,9.84,9.85,186700
2017-12-13,9.9,10.17,9.9,10.08,191200
2017-12-14,10.13,10.13,9.67,9.84,394300
2017-12-15,9.9,10.2,9.72,9.95,361500
2017-12-18,10.03,10.3,9.87,10.2,288300
2017-12-19,10.24,10.38,10.08,10.14,251200
2017-12-20,10.14,10.57,10.14,10.47,269700
2017-12-21,10.46,10.48,10.11,10.13,132400
2017-12-22,10.22,10.22,10.05,10.15,97200
2017-12-26,10.14,10.49,10.08,10.25,149100
2017-12-27,10.22,10.45,10.13,10.21,114800
2017-12-28,10.21,10.36,10.145,10.31,61100
2017-12-29,10.31,10.48,10.02,10.14,133500
2018-01-02,10.22,10.565,10.02,10.55,327300
2018-01-03,10.58,10.95,10.425,10.79,156000
2018-01-04,10.89,10.99,10.42,10.6,200800
2018-01-05,10.67,10.96,10.55,10.61,136300
2018-01-08,10.6,10.6,10.2,10.24,127600
2018-01-09,10.22,10.281,9.95,10.02,142100
2018-01-10,10.05,10.54,9.94,10.48,164500
2018-01-11,10.46,10.72,10.45,10.63,102200
2018-01-12,10.66,10.77,10.41,10.52,77900
2018-01-16,10.64,10.77,10.02,10.09,145300
2018-01-17,10.2,10.24,9.83,10.2,116800
2018-01-18,10.23,10.28,9.91,10.25,48200
2018-01-19,10.22,10.57,10.113,10.57,78200
2018-01-22,10.59,10.89,10.521,10.81,162200
2018-01-23,10.86,11.2,10.77,11.16,143600
2018-01-24,11.21,11.345,10.81,10.96,98200
2018-01-25,11.03,11.19,10.865,11.05,89600
2018-01-26,11.15,11.22,10.95,11.02,59000
2018-01-29,10.97,11.05,10.72,10.95,108700
2018-01-30,10.82,10.93,10.37,10.42,102700
2018-01-31,10.57,10.57,9.9,10.1,192500
2018-02-01,10.1,10.2,9.92,9.97,125600
2018-02-02,9.91,9.961,9.45,9.46,159900
2018-02-05,9.42,9.51,8.92,8.94,168300
2018-02-06,8.75,9.06,8.6,8.7,207700
2018-02-07,8.71,9.22,8.6,9.08,151400
2018-02-08,9.08,9.39,8.54,8.58,169700
2018-02-09,8.75,8.75,7.9,8.45,306000
2018-02-12,8.83,8.83,8.4,8.68,259600
2018-02-13,8.59,8.66,8.33,8.63,142100
2018-02-14,8.56,9.0,8.52,8.87,90000
2018-02-15,8.91,9.27,8.78,9.24,110100
2018-02-16,9.28,9.45,9.21,9.42,101400
2018-02-20,9.34,9.636,9.218,9.43,87300
2018-02-21,9.7,9.88,9.39,9.51,152100
2018-02-22,9.57,9.85,9.55,9.66,226000
2018-02-23,9.74,9.94,9.51,9.81,93300
2018-02-26,9.94,10.225,9.59,10.08,312000
2018-02-27,10.05,10.22,9.84,9.86,55400
2018-02-28,9.85,9.97,9.5,9.5,75900
2018-03-01,9.5,9.68,9.31,9.54,79500
2018-03-02,9.43,10.32,9.43,9.9,159400
2018-03-05,9.88,10.05,9.65,9.85,112400
2018-03-06,9.84,9.92,9.415,9.55,181200
2018-03-07,9.49,9.9,9.49,9.74,164300
2018-03-08,9.69,10.02,9.4,9.74,206000
2018-03-09,9.72,9.74,9.04,9.35,268500
2018-03-12,9.41,9.44,9.06,9.21,213900
2018-03-13,9.3,9.34,9.07,9.14,215900
2018-03-14,9.15,9.17,8.9,9.02,204800
2018-03-15,9.09,9.195,8.729,8.96,151600
2018-03-16,8.94,9.14,8.84,8.98,201400
2018-03-19,9.03,9.12,8.84,8.91,137100
2018-03-20,8.94,9.04,8.67,8.73,85500
2018-03-21,8.76,8.97,8.68,8.86,79600
2018-03-22,8.83,9.03,8.53,8.6,140900
2018-03-23,8.62,8.72,8.2,8.2,105900
2018-03-26,8.37,8.42,7.91,8.17,126900
2018-03-27,8.13,8.32,7.78,7.84,403600
2018-03-28,7.88,8.13,7.4,7.42,166300
2018-03-29,7.45,7.58,7.31,7.34,148300
2018-04-02,7.35,7.401,6.65,6.91,183100
2018-04-03,7.02,7.44,6.92,7.4,117000
2018-04-04,7.25,7.78,7.137,7.73,88800
2018-04-05,7.77,7.925,7.33,7.56,125200
2018-04-06,7.46,7.6,7.15,7.16,129900
2018-04-09,7.15,7.36,6.96,7.11,207800
2018-04-10,7.23,7.59,7.2,7.4,148400
2018-04-11,7.38,7.71,7.355,7.71,124600
2018-04-12,7.76,7.96,7.72,7.9,125500
2018-04-13,7.92,7.92,7.4,7.64,169000
2018-04-16,7.71,7.95,7.56,7.67,105600
2018-04-17,7.72,8.47,7.51,8.43,294300
2018-04-18,8.47,8.62,8.33,8.4,126100
2018-04-19,8.35,8.4,7.78,7.9,94700
2018-04-20,7.9,8.05,7.65,7.73,74800
2018-04-23,7.75,7.96,7.47,7.61,80800
2018-04-24,7.64,7.8,7.47,7.7,80400
2018-04-25,7.9,7.98,7.47,7.55,98500
2018-04-26,7.57,7.88,7.54,7.7,130300
2018-04-27,7.75,8.14,7.75,7.97,123200
2018-04-30,8.06,8.09,7.63,7.67,59900
2018-05-01,7.69,7.84,7.5,7.8,65400
2018-05-02,7.78,8.06,7.77,7.93,49500
2018-05-03,7.92,8.14,7.769,8.01,71800
2018-05-04,8.0,8.1,7.921,8.02,49900
2018-05-07,8.06,8.33,7.99,8.18,57700
2018-05-08,8.19,8.31,8.04,8.27,76000
2018-05-09,9.0,9.01,8.13,8.18,138500
2018-05-10,8.24,8.569,8.13,8.21,95500
2018-05-11,8.2,8.36,8.01,8.32,130700
2018-05-14,8.37,8.69,8.21,8.27,141600
2018-05-15,8.25,8.25,7.86,8.15,135300
2018-05-16,8.16,8.96,8.15,8.81,369600
2018-05-17,8.83,8.9,8.34,8.35,503600
2018-05-18,8.39,8.4,7.76,7.77,160000
2018-05-21,7.95,7.96,7.5,7.52,149900
2018-05-22,7.54,8.16,7.54,7.98,125900
2018-05-23,7.97,8.235,7.97,8.11,163400
2018-05-24,8.13,8.215,8.0,8.05,72300
2018-05-25,8.09,8.5,8.02,8.35,169200
2018-05-29,8.34,8.41,7.97,8.16,109700
2018-05-30,8.24,8.46,8.14,8.2,138600
2018-05-31,8.25,8.36,7.96,8.05,90800
2018-06-01,8.12,8.22,7.95,7.96,130600
2018-06-04,8.0,8.14,7.5,7.59,208600
2018-06-05,7.59,8.45,7.59,8.42,426900
2018-06-06,8.42,8.73,8.15,8.67,246100
2018-06-07,8.65,8.652,8.33,8.46,108100
2018-06-08,8.44,8.533,8.28,8.3,85400
2018-06-11,8.3,8.66,8.09,8.58,145200
2018-06-12,8.61,8.88,8.5,8.77,114800
2018-06-13,8.77,8.77,8.44,8.51,158400
2018-06-14,8.58,8.7,8.41,8.61,161000
2018-06-15,8.6,8.92,8.38,8.5,399100
2018-06-18,8.47,8.76,8.27,8.74,157100
2018-06-19,8.7,8.94,8.65,8.88,159200
2018-06-20,8.96,9.62,8.85,9.55,319300
2018-06-21,9.55,9.556,8.9,9.04,220300
2018-06-22,9.11,9.75,8.98,9.51,597400
2018-06-25,9.5,9.56,9.08,9.25,191000
2018-06-26,9.3,9.365,8.9,9.09,161900
2018-06-27,9.08,9.17,8.88,9.01,147400
2018-06-28,9.12,9.32,8.9,9.2,166000
2018-06-29,9.24,9.24,8.56,8.6,122400
2018-07-02,8.6,8.6,8.15,8.54,184400
2018-07-03,8.53,8.88,8.39,8.83,58800
2018-07-05,9.0,9.0,8.58,8.92,66200
2018-07-06,8.96,9.23,8.89,9.21,204700
2018-07-09,9.25,9.35,8.86,9.23,81300
2018-07-10,9.23,9.33,8.92,8.96,89900
2018-07-11,8.93,9.07,8.6,8.69,96600
2018-07-12,8.79,8.89,8.59,8.81,82900
2018-07-13,8.81,8.825,8.65,8.75,68800
2018-07-16,8.82,8.82,7.82,8.03,235300
2018-07-17,8.0,8.17,7.857,8.0,60600
2018-07-18,7.99,8.235,7.59,7.96,97900
2018-07-19,7.95,8.44,7.86,8.27,107800
2018-07-20,8.21,8.35,8.08,8.12,48700
2018-07-23,8.08,8.17,7.91,8.01,66900
2018-07-24,8.11,8.11,7.61,7.79,67500
2018-07-25,7.78,7.98,7.7,7.94,81900
2018-07-26,7.94,8.13,7.82,8.1,46400
2018-07-27,8.13,8.13,7.33,7.39,120000
2018-07-30,7.41,7.6,7.28,7.33,75000
2018-07-31,7.34,7.64,7.3,7.57,41900
2018-08-01,7.54,7.65,7.254,7.43,69400
2018-08-02,7.28,7.77,7.211,7.41,92600
2018-08-03,7.28,7.9,7.211,7.55,155600
2018-08-06,7.57,7.67,7.26,7.43,92700
2018-08-07,7.45,7.69,7.45,7.64,50100
2018-08-08,7.61,8.11,7.6,8.1,88200
2018-08-09,8.1,8.24,8.0,8.09,63000
2018-08-10,8.07,8.08,7.73,7.93,61800
2018-08-13,7.88,8.04,7.8,8.0,74400
2018-08-14,8.0,8.17,7.9,8.12,76300
2018-08-15,7.8,7.8,7.25,7.73,154800
2018-08-16,7.75,8.19,7.62,8.04,113800
2018-08-17,8.06,8.14,7.89,8.06,49600
2018-08-20,8.1,8.1,7.69,7.81,66100
2018-08-21,7.84,8.286,7.83,8.18,81600
2018-08-22,8.2,8.44,8.04,8.4,98600
2018-08-23,8.43,8.67,8.13,8.18,69800
2018-08-24,8.17,8.38,7.78,8.23,81500
2018-08-27,8.24,8.37,8.1,8.12,59000
2018-08-28,8.21,8.21,7.92,8.11,86100
2018-08-29,8.08,8.7,7.993,8.61,148200
2018-08-30,8.61,8.795,8.4,8.47,86500
2018-08-31,8.43,8.9,8.43,8.78,58700
2018-09-04,8.74,8.74,8.29,8.66,101400
2018-09-05,8.7,9.26,8.6,9.2,149100
2018-09-06,9.17,9.21,8.59,8.75,101000
2018-09-07,8.73,9.02,8.73,8.94,56700
2018-09-10,8.9,8.9,8.0,8.455,141600
2018-09-11,8.4,8.48,8.0,8.005,92200
2018-09-12,8.0,8.08,7.51,7.61,117100
2018-09-13,7.71,7.94,7.49,7.8,156500
2018-09-14,7.8,8.13,7.6,7.81,85700
2018-09-17,7.8,7.8,7.07,7.44,198600
2018-09-18,7.41,7.61,7.31,7.41,89600
2018-09-19,7.4,7.68,7.4,7.53,171700
2018-09-20,7.63,7.72,7.41,7.44,178100
2018-09-21,7.46,7.6,7.251,7.48,256400
2018-09-24,7.46,8.01,7.33,7.92,188900
2018-09-25,7.92,8.14,7.65,7.7,184200
2018-09-26,7.74,7.86,7.4,7.43,61800
2018-09-27,7.41,7.66,7.3,7.58,100800
2018-09-28,7.53,7.79,7.5,7.59,42900
2018-10-01,7.63,7.7,7.2,7.25,113700
2018-10-02,7.28,7.66,7.2,7.52,252900
2018-10-03,7.29,7.593,7.29,7.38,138500
2018-10-04,7.35,7.45,6.855,7.3,335500
2018-10-05,7.32,7.412,6.91,7.01,100300
2018-10-08,6.98,7.08,6.71,6.75,78600
2018-10-09,6.77,6.84,6.52,6.59,73200
2018-10-10,6.6,6.79,6.53,6.56,101000
2018-10-11,6.49,6.66,6.34,6.34,78300
2018-10-12,6.46,6.57,6.26,6.34,69700
2018-10-15,6.33,6.33,5.64,6.15,134600
2018-10-16,6.19,6.776,6.15,6.71,73100
2018-10-17,6.69,6.84,6.42,6.82,84000
2018-10-18,6.78,6.86,6.55,6.62,40800
2018-10-19,6.65,6.76,6.47,6.53,45800
2018-10-22,6.98,6.98,6.59,6.6,66600
2018-10-23,6.46,6.75,6.22,6.58,81800
2018-10-24,6.5,6.69,6.3,6.38,65500
2018-10-25,6.41,6.68,6.22,6.28,164400
2018-10-26,6.24,6.38,6.17,6.18,115400
2018-10-29,6.2,6.26,5.81,6.06,256300
2018-10-30,6.07,6.73,6.07,6.69,127400
2018-10-31,6.8,6.93,6.62,6.87,117900
2018-11-01,6.88,7.14,6.768,7.09,140900
2018-11-02,7.09,7.336,7.0,7.28,87000
2018-11-05,7.34,7.6,7.11,7.52,82500
2018-11-06,7.46,7.682,7.05,7.63,73600
2018-11-07,7.71,8.15,7.59,8.09,97500
2018-11-08,7.64,9.0,7.64,8.88,197200
2018-11-09,8.82,8.88,8.03,8.4,155500
2018-11-12,8.38,8.385,7.98,8.0,105100
2018-11-13,8.05,8.19,7.92,8.09,116600
2018-11-14,8.16,8.42,7.83,8.28,130400
2018-11-15,8.19,8.55,8.096,8.21,137300
2018-11-16,8.12,8.34,7.754,8.21,90900
2018-11-19,8.18,8.18,7.83,8.01,60700
2018-11-20,7.87,8.25,7.64,8.17,80700
2018-11-21,8.17,8.38,8.07,8.28,54300
2018-11-23,8.16,8.26,7.98,8.02,22200
2018-11-26,8.1,8.36,7.87,8.07,70600
2018-11-27,7.99,8.1,7.8,7.96,62700
2018-11-28,7.98,8.41,7.975,8.38,110600
2018-11-29,8.24,8.82,8.24,8.79,97100
2018-11-30,8.81,8.81,8.0,8.35,111400
2018-12-03,8.48,8.51,7.983,8.15,87500
2018-12-04,8.15,8.3,7.96,8.01,87500
2018-12-06,7.86,8.085,7.73,7.91,73600
2018-12-07,7.95,8.05,7.45,7.65,54500
2018-12-10,7.48,7.71,7.335,7.39,81600
2018-12-11,7.39,7.4,6.836,6.92,117400
2018-12-12,6.96,7.33,6.96,7.21,72600
2018-12-13,7.24,7.25,6.619,6.69,87800
2018-12-14,6.66,7.04,6.38,6.39,77800
2018-12-17,6.4,6.61,6.21,6.24,115200
2018-12-18,6.33,6.33,5.46,5.58,142600
2018-12-19,5.54,6.3,5.54,5.85,149700
2018-12-20,5.87,5.87,5.205,5.23,130800
2018-12-21,5.2,5.2,4.84,4.84,208000
2018-12-24,4.79,4.79,4.53,4.68,81700
2018-12-26,4.67,5.04,4.67,4.95,114600
2018-12-27,4.84,4.92,4.52,4.61,106400
2018-12-28,4.59,4.81,4.535,4.78,120600
2018-12-31,4.78,4.89,4.52,4.52,118800
2019-01-02,4.5,5.005,4.42,4.83,90200
2019-01-03,4.79,5.34,4.766,5.13,105800
2019-01-04,5.23,5.65,5.23,5.52,61000
2019-01-07,5.52,5.7,5.34,5.58,101300
2019-01-08,5.64,5.795,5.45,5.5,141700
2019-01-09,5.53,6.01,5.53,5.98,125600
2019-01-10,5.91,6.24,5.73,6.21,87000
2019-01-11,6.15,6.44,6.12,6.38,73300
2019-01-14,6.32,6.33,5.94,6.07,67900
2019-01-15,6.01,6.22,5.99,6.2,46300
2019-01-16,6.21,6.34,5.94,5.95,138000
2019-01-17,5.96,6.0,5.58,5.65,61000
2019-01-18,5.68,5.84,5.53,5.71,57300
2019-01-22,5.74,5.8,5.52,5.65,124800
2019-01-23,5.65,5.98,5.3,5.42,190000
2019-01-24,5.42,5.62,5.285,5.41,65400
2019-01-25,5.45,6.15,5.45,6.01,301900
2019-01-28,5.75,6.1,5.64,6.01,128100
2019-01-29,5.99,6.22,5.93,6.04,122600
2019-01-30,6.03,6.19,5.93,6.13,58600
2019-01-31,6.13,6.3,6.07,6.16,137200
2019-02-01,6.22,6.63,6.22,6.38,107300
2019-02-04,6.38,6.9,6.38,6.6,132200
2019-02-05,6.62,6.79,6.42,6.47,105400
2019-02-06,6.437,6.5,6.12,6.15,122300
2019-02-07,6.13,6.23,5.861,6.01,110600
2019-02-08,6.0,6.14,5.84,5.99,65500
2019-02-11,6.0,6.04,5.88,5.98,53000
2019-02-12,5.98,6.1,5.935,6.0,160100
2019-02-13,6.0,6.05,5.88,5.99,209700
2019-02-14,5.92,6.05,5.85,5.85,137300
2019-02-15,5.89,6.28,5.89,6.11,169600
2019-02-19,6.1,6.24,5.8,6.0,114900
2019-02-20,6.0,6.08,5.84,5.89,68400
2019-02-21,5.94,5.94,5.75,5.83,66600
2019-02-22,5.89,6.0,5.76,5.9,66800
2019-02-25,5.9,6.02,5.87,5.94,127200
2019-02-26,5.98,6.25,5.97,6.16,82700
2019-02-27,6.13,6.21,5.89,5.96,80700
2019-02-28,5.94,6.22,5.85,6.13,145300
2019-03-01,6.17,6.2,5.93,6.15,96300
2019-03-04,6.22,6.57,6.205,6.28,138900
2019-03-05,6.23,6.75,6.19,6.35,214800
2019-03-06,6.42,6.95,6.048,6.12,205600
2019-03-07,6.14,6.14,5.105,5.23,282500
2019-03-08,5.29,5.29,5.0,5.11,350600
2019-03-11,5.37,8.39,5.37,6.38,10330900
2019-03-12,6.35,6.84,5.94,6.81,1488600
2019-03-13,6.81,7.45,6.66,7.21,814900
2019-03-14,7.18,7.21,6.57,6.66,449200
2019-03-15,6.66,6.82,6.546,6.58,280200
2019-03-18,6.63,6.8,6.29,6.57,396400
2019-03-19,6.66,6.79,6.52,6.65,267700
2019-03-20,6.63,6.86,6.51,6.76,202900
2019-03-21,6.76,6.92,6.67,6.7,156700
2019-03-22,6.68,6.68,6.03,6.22,214000
2019-03-25,6.21,6.58,6.145,6.33,202100
2019-03-26,6.35,6.4,6.02,6.35,196100
2019-03-27,6.35,6.774,6.33,6.71,224900
2019-03-28,6.65,6.98,6.43,6.96,194900
2019-03-29,7.02,7.02,6.78,6.87,201700
2019-04-01,6.67,6.94,6.22,6.62,198000
2019-04-02,6.62,6.78,6.465,6.6,306500
2019-04-03,6.75,6.79,6.32,6.4,313100
2019-04-04,6.4,6.71,6.12,6.21,432200
2019-04-05,6.25,6.56,6.25,6.43,312100
2019-04-08,6.42,6.88,6.31,6.78,205700
2019-04-09,6.77,6.83,6.48,6.55,176300
2019-04-10,6.58,6.7,6.51,6.6,127800
2019-04-11,6.6,6.81,6.49,6.7,149700
2019-04-12,6.73,6.88,6.67,6.79,126500
2019-04-15,6.78,7.04,6.58,6.82,145100
2019-04-16,6.84,6.99,6.8,6.97,89500
2019-04-17,7.02,7.02,6.545,6.84,96000
2019-04-18,6.82,6.98,6.69,6.9,97900
2019-04-22,6.87,6.95,6.64,6.92,61700
2019-04-23,6.93,7.13,6.835,7.0,154600
2019-04-24,7.0,7.0,6.77,6.85,76600
2019-04-25,6.84,6.95,6.66,6.93,63900
2019-04-26,7.01,7.39,6.92,7.35,138300
2019-04-29,7.37,7.37,6.77,6.95,163700
2019-04-30,6.86,7.025,6.48,6.54,170100
2019-05-01,6.52,6.62,6.03,6.11,231900
2019-05-02,5.99,5.993,5.1,5.35,460300
2019-05-03,5.36,5.39,4.79,5.04,562400
2019-05-06,4.97,5.09,4.74,5.07,355500
2019-05-07,4.87,4.99,4.75,4.88,356900
2019-05-08,4.81,4.84,4.69,4.76,228400
2019-05-09,4.69,4.82,4.53,4.78,134200
2019-05-10,4.8,4.85,4.51,4.6,346300
2019-05-13,4.52,4.6,4.24,4.26,213300
2019-05-14,4.31,4.33,4.13,4.25,132500
2019-05-15,4.16,4.39,4.16,4.23,175900
2019-05-16,4.07,4.33,4.04,4.31,200600
2019-05-17,4.27,4.33,4.06,4.13,142900
2019-05-20,4.11,4.25,3.94,4.22,134200
2019-05-21,4.24,4.48,4.23,4.41,87100
2019-05-22,4.37,4.6,4.3,4.49,153200
2019-05-23,4.42,4.42,4.0,4.1,187600
2019-05-24,4.13,4.41,3.95,3.97,102300
2019-05-28,4.0,4.03,3.76,3.83,178100
2019-05-29,3.84,3.84,3.62,3.67,148700
2019-05-30,3.67,3.82,3.49,3.52,213400
2019-05-31,3.43,3.505,3.36,3.41,171600
2019-06-03,3.45,3.63,3.395,3.62,241900
2019-06-04,3.67,4.02,3.56,4.0,212800
2019-06-05,4.0,4.01,3.3,3.3,286800
2019-06-06,3.33,3.375,3.15,3.18,182000
2019-06-07,3.2,3.29,3.0,3.25,210100
2019-06-10,3.28,3.3,3.11,3.17,117200
2019-06-11,3.22,3.249,3.0,3.07,120600
2019-06-12,3.03,3.33,3.03,3.28,137800
2019-06-13,2.97,3.14,2.82,2.83,671500
2019-06-14,2.11,2.28,2.02,2.28,7072700
2019-06-17,2.28,2.47,2.23,2.45,943600
2019-06-18,2.46,2.73,2.46,2.61,1353500
2019-06-19,2.65,2.72,2.34,2.64,619100
2019-06-20,2.67,2.75,2.47,2.67,475500
2019-06-21,2.69,2.75,2.5,2.675,703500
2019-06-24,2.71,3.06,2.63,3.0,978000
2019-06-25,2.96,3.13,2.64,2.79,1027600
2019-06-26,2.84,2.91,2.65,2.9,600800
2019-06-27,2.92,3.04,2.83,2.88,651600
2019-06-28,2.84,3.43,2.84,3.22,7010700
2019-07-01,3.21,3.403,2.88,2.95,844600
2019-07-02,2.95,3.185,2.95,3.11,568800
2019-07-03,3.11,3.125,2.9,3.05,168000
2019-07-05,3.03,3.18,3.0,3.1,280000
2019-07-08,3.1,3.1,2.92,2.97,372900
2019-07-09,2.93,3.08,2.886,3.08,627300
2019-07-10,3.09,3.1,2.94,3.08,287600
2019-07-11,3.06,3.09,2.94,2.99,222800
2019-07-12,2.98,3.05,2.77,2.89,466700
2019-07-15,2.9,2.93,2.75,2.79,202000
2019-07-16,2.8,3.07,2.744,3.03,891100
2019-07-17,3.0,3.11,2.81,3.11,951000
2019-07-18,3.13,3.18,2.96,3.14,322700
2019-07-19,3.13,3.145,3.011,3.1,224300
2019-07-22,3.09,3.12,2.927,3.01,432800
2019-07-23,3.06,3.07,2.91,2.97,231100
2019-07-24,2.97,3.03,2.88,3.0,220000
2019-07-25,2.99,2.99,2.78,2.79,281400
2019-07-26,2.8,2.88,2.75,2.85,258400
2019-07-29,2.86,2.87,2.61,2.71,304400
2019-07-30,2.7,2.77,2.63,2.69,237300
2019-07-31,2.69,2.79,2.63,2.73,284100
2019-08-01,2.75,2.82,2.57,2.78,288800
2019-08-02,2.74,2.74,2.355,2.42,309900
2019-08-05,2.44,2.44,2.17,2.44,359700
2019-08-06,2.57,2.61,2.15,2.29,340700
2019-08-07,2.24,2.57,2.23,2.57,306800
2019-08-08,2.59,2.71,2.5,2.63,239000
2019-08-09,2.58,2.7,2.52,2.69,353300
2019-08-12,2.71,2.87,2.61,2.82,270600
2019-08-13,2.8,2.9,2.71,2.87,317300
2019-08-14,2.82,2.87,2.77,2.86,217200
2019-08-15,2.85,2.975,2.81,2.85,160600
2019-08-16,2.84,3.01,2.77,2.97,265800
2019-08-19,2.94,3.35,2.94,3.31,277600
2019-08-20,3.3,3.48,3.19,3.42,337700
2019-08-21,3.45,3.71,3.39,3.7,252200
2019-08-22,3.71,3.95,3.55,3.77,503500
2019-08-23,3.71,3.78,3.45,3.65,353900
2019-08-26,3.68,3.89,3.6,3.89,553600
2019-08-27,3.9,4.2,3.76,4.16,493400
2019-08-28,4.2,4.2,3.81,3.87,498600
2019-08-29,3.89,3.96,3.46,3.88,594300
2019-08-30,3.9,4.05,3.845,4.03,360600
2019-09-03,4.03,4.16,3.91,4.04,451300
2019-09-04,4.11,4.11,3.69,3.71,547800
2019-09-05,3.78,3.879,3.33,3.47,519200
2019-09-06,3.48,3.82,3.48,3.67,242800
2019-09-09,3.69,3.95,3.62,3.66,415000
2019-09-10,3.63,3.84,3.54,3.74,343100
2019-09-11,3.78,3.9,3.67,3.86,385900
2019-09-12,3.88,3.95,3.8,3.86,224900
2019-09-13,3.88,3.93,3.78,3.79,219800
2019-09-16,3.78,3.83,3.65,3.68,314900
2019-09-17,3.66,3.72,3.481,3.68,319100
2019-09-18,3.7,3.88,3.67,3.82,205300
2019-09-19,3.78,3.95,3.75,3.86,376300
2019-09-20,3.86,4.08,3.83,4.01,1858300
2019-09-23,3.95,4.14,3.92,3.97,335400
2019-09-24,4.0,4.0,3.73,3.88,593200
2019-09-25,3.88,4.0,3.82,3.9,481100
2019-09-26,3.88,3.98,3.8,3.92,370700
2019-09-27,3.92,4.09,3.8,3.93,344100
2019-09-30,3.91,4.06,3.89,4.01,379100
2019-10-01,4.0,4.147,3.724,3.9,454500
2019-10-02,3.85,3.87,3.57,3.57,315500
2019-10-03,3.58,3.58,3.23,3.28,241100
2019-10-04,3.3,3.34,3.19,3.2,233000
2019-10-07,3.2,3.28,3.1,3.18,141000
2019-10-08,3.16,3.18,2.97,2.99,241000
2019-10-09,3.04,3.09,2.865,3.03,277800
2019-10-10,3.02,3.14,3.02,3.05,95200
2019-10-11,3.09,3.21,3.06,3.08,268400
2019-10-14,3.05,3.12,2.93,3.06,154700
2019-10-15,3.04,3.34,3.04,3.21,151900
2019-10-16,3.21,3.466,3.155,3.4,181200
2019-10-17,3.45,3.56,3.41,3.48,167600
2019-10-18,3.46,3.62,3.38,3.46,208800
2019-10-21,3.53,3.58,3.44,3.46,144500
2019-10-22,3.48,3.49,3.22,3.23,268900
2019-10-23,3.18,3.32,3.15,3.32,219900
2019-10-24,3.3,3.38,3.23,3.29,115100
2019-10-25,3.3,3.47,3.23,3.46,147500
2019-10-28,3.49,3.545,3.24,3.33,266200
2019-10-29,3.32,3.655,3.29,3.46,329400
2019-10-30,3.46,3.57,3.35,3.55,108700
2019-10-31,3.57,3.585,3.46,3.5,119200
2019-11-01,3.55,3.73,3.55,3.69,200900
2019-11-04,3.69,3.92,3.68,3.8,200200
2019-11-05,3.89,4.09,3.55,4.06,277700
2019-11-06,4.03,4.05,3.66,3.72,258000
2019-11-07,3.71,3.83,3.6,3.67,129800
2019-11-08,3.65,3.75,3.62,3.69,125300
2019-11-11,3.63,3.758,3.55,3.64,134400
2019-11-12,3.64,3.85,3.6,3.67,135700
2019-11-13,3.66,3.69,3.41,3.69,189100
2019-11-14,3.67,3.74,3.52,3.72,172200
2019-11-15,3.76,4.0,3.73,3.87,193000
2019-11-18,3.91,4.06,3.6,3.66,222600
2019-11-19,3.65,3.81,3.61,3.75,117300
2019-11-20,3.71,3.92,3.68,3.865,270100
2019-11-21,3.91,3.91,3.64,3.78,115900
2019-11-22,3.77,3.95,3.73,3.93,170400
2019-11-25,3.95,4.17,3.93,4.14,326700
2019-11-26,4.15,4.474,4.05,4.245,263400
2019-11-27,4.16,4.2,3.85,3.9,159800
2019-11-29,3.9,4.05,3.85,3.95,179100
2019-12-02,3.94,3.97,3.737,3.77,158300
2019-12-03,3.7,3.82,3.69,3.75,114800
2019-12-04,3.75,3.87,3.62,3.71,211300
2019-12-05,3.72,3.79,3.675,3.68,78600
2019-12-06,3.69,3.73,3.418,3.67,264900
2019-12-09,3.65,3.84,3.65,3.8,109600
2019-12-10,3.81,4.1,3.81,4.01,198300
2019-12-11,4.04,4.15,3.96,4.09,263300
2019-12-12,4.1,4.53,4.04,4.36,420500
2019-12-13,4.36,4.48,4.1,4.2,229900
2019-12-16,4.23,4.41,4.0,4.38,152500
2019-12-17,4.42,4.54,4.23,4.425,201700
2019-12-18,4.44,4.45,4.237,4.3,173600
2019-12-19,4.31,4.44,4.25,4.3,103100
2019-12-20,4.31,4.347,4.07,4.1,473200
2019-12-23,4.11,4.28,3.9,4.23,212000
2019-12-24,4.24,4.42,4.18,4.4,61500
2019-12-26,4.36,4.46,4.06,4.075,210400
2019-12-27,4.05,4.1,3.93,4.0,161300
2019-12-30,3.96,4.0,3.67,3.67,247500
2019-12-31,3.64,3.66,3.42,3.45,259800
2020-01-02,3.47,3.48,3.24,3.35,310300
2020-01-03,3.29,3.44,3.25,3.27,281800
2020-01-06,3.27,3.39,3.11,3.28,178100
2020-01-07,3.27,3.33,3.13,3.19,277200
2020-01-08,3.16,3.28,3.12,3.12,235400
2020-01-09,3.14,3.18,3.1,3.11,163900
2020-01-10,3.12,3.144,2.845,2.87,361900
2020-01-13,2.96,3.01,2.86,2.99,235200
2020-01-14,3.02,3.14,2.947,3.09,258200
2020-01-15,3.05,3.3,3.03,3.27,221500
2020-01-16,3.3,3.526,3.24,3.48,225800
2020-01-17,3.51,3.54,3.298,3.43,265200
2020-01-21,3.4,3.51,3.36,3.42,338700
2020-01-22,3.44,3.508,3.34,3.45,79000
2020-01-23,3.45,3.62,3.35,3.52,377500
2020-01-24,3.51,3.554,3.08,3.13,278300
2020-01-27,2.93,3.25,2.93,3.22,170100
2020-01-28,3.26,3.32,3.19,3.22,94100
2020-01-29,3.24,3.36,3.21,3.3,90800
2020-01-30,3.25,3.36,3.2,3.34,223100
2020-01-31,3.32,3.32,3.07,3.26,244700
2020-02-03,3.3,3.47,3.262,3.44,129800
2020-02-04,3.46,3.554,3.43,3.53,235300
2020-02-05,3.58,3.77,3.55,3.65,274600
2020-02-06,3.71,3.76,3.55,3.68,246700
2020-02-07,3.66,3.76,3.51,3.52,317700
2020-02-10,3.49,3.73,3.49,3.68,134000
2020-02-11,3.65,3.8,3.61,3.64,143000
2020-02-12,3.69,3.76,3.57,3.6,177100
2020-02-13,3.6,3.65,3.44,3.56,172400
2020-02-14,3.55,3.74,3.49,3.51,186300
2020-02-18,3.51,3.84,3.421,3.62,157400
2020-02-19,3.66,3.95,3.57,3.61,282600
2020-02-20,3.61,3.9,3.61,3.81,196900
2020-02-21,3.82,3.9,3.7,3.82,204100
2020-02-24,3.7,3.71,3.5,3.52,126300
2020-02-25,3.53,3.622,3.26,3.36,156100
2020-02-26,3.37,3.57,3.36,3.57,144200
2020-02-27,3.5,3.54,3.26,3.42,262300
2020-02-28,3.25,3.41,3.14,3.14,270600
2020-03-02,3.01,3.38,3.01,3.23,243600
2020-03-03,3.17,3.4,3.08,3.37,237300
2020-03-04,3.43,3.79,3.34,3.66,258700
2020-03-05,3.56,3.9,3.46,3.54,253100
2020-03-06,3.39,3.56,3.39,3.52,98200
2020-03-09,3.27,3.4,3.11,3.17,192100
2020-03-10,3.26,3.28,2.83,3.02,269300
2020-03-11,3.01,3.065,2.59,2.64,721900
2020-03-12,2.55,3.28,2.52,2.99,414500
2020-03-13,2.93,3.309,2.8,3.22,768400
2020-03-16,3.05,3.145,2.69,2.72,183800
2020-03-17,2.77,3.2,2.68,3.12,294300
2020-03-18,2.9,3.01,2.76,2.82,282100
2020-03-19,2.86,3.22,2.7,3.22,297300
2020-03-20,3.31,3.35,3.06,3.1,275400
2020-03-23,3.14,3.6,3.035,3.4,530600
2020-03-24,3.47,3.99,3.16,3.53,624900
2020-03-25,3.52,3.98,3.31,3.43,453100
2020-03-26,3.5,3.79,3.43,3.5,259700
2020-03-27,3.47,3.85,3.3,3.43,253400
2020-03-30,3.44,3.84,3.44,3.7,327800
2020-03-31,3.69,3.71,3.27,3.57,187000
2020-04-01,3.58,3.58,3.27,3.29,145400
2020-04-02,3.22,3.284,3.04,3.16,279300
2020-04-03,3.1,3.24,3.01,3.04,126700
2020-04-06,3.14,3.47,3.14,3.32,247900
2020-04-07,3.41,3.55,3.1,3.16,189400
2020-04-08,3.15,3.51,3.08,3.34,163500
2020-04-09,3.47,3.57,3.35,3.39,246300
2020-04-13,3.38,3.771,3.36,3.55,340800
2020-04-14,3.57,3.99,3.36,3.55,654600
2020-04-15,3.47,3.92,3.47,3.7,209600
2020-04-16,3.72,3.88,3.67,3.79,229500
2020-04-17,3.92,3.98,3.74,3.9,332800
2020-04-20,3.8,4.31,3.7,3.91,457200
2020-04-21,3.82,3.93,3.5,3.68,205200
2020-04-22,3.73,3.91,3.69,3.74,167300
2020-04-23,3.84,3.94,3.56,3.56,258200
2020-04-24,3.55,3.72,3.48,3.63,213600
2020-04-27,3.73,4.29,3.6,3.88,770600
2020-04-28,4.01,4.08,3.665,3.78,404900
2020-04-29,3.95,4.2,3.81,3.91,432300
2020-04-30,3.86,3.99,3.67,3.68,297800
2020-05-01,3.56,3.7,3.45,3.5,345200
2020-05-04,3.46,3.74,3.41,3.67,212300
2020-05-05,3.72,3.97,3.53,3.71,380600
2020-05-06,3.7,3.89,3.65,3.8,315800
2020-05-07,3.76,4.4,3.76,4.27,732000
2020-05-08,4.37,4.9,4.25,4.6,1136800
2020-05-11,4.65,5.59,4.65,5.185,991400
2020-05-12,5.27,5.53,4.91,4.92,701600
2020-05-13,4.93,5.124,4.58,4.71,367100
2020-05-14,4.58,4.72,4.34,4.41,379500
2020-05-15,4.42,4.71,4.32,4.6,269900
2020-05-18,4.81,5.07,4.8,4.95,412200
2020-05-19,4.92,5.51,4.858,5.045,448400
2020-05-20,5.2,5.57,5.16,5.43,454600
2020-05-21,5.43,5.59,5.25,5.29,441800
2020-05-22,5.27,5.56,5.13,5.53,245100
2020-05-26,5.7,6.585,5.7,6.195,846700
2020-05-27,6.29,6.31,5.62,5.75,618400
2020-05-28,5.78,6.16,5.54,5.54,459800
2020-05-29,5.57,5.69,5.38,5.49,342600
2020-06-01,5.54,5.66,5.1,5.13,527500
2020-06-02,5.14,5.46,4.62,5.41,607500
2020-06-03,5.42,5.44,4.99,5.03,475000
2020-06-04,4.83,5.03,4.65,4.75,378200
2020-06-05,4.92,4.92,4.1,4.68,529000
2020-06-08,4.63,4.92,4.6,4.8,298200
2020-06-09,4.8,4.897,4.61,4.65,349600
2020-06-10,4.66,4.78,4.5,4.66,261900
2020-06-11,4.47,4.56,4.37,4.44,404900
2020-06-12,4.57,4.68,4.16,4.38,374600
2020-06-15,4.35,4.67,4.12,4.57,350600
2020-06-16,4.65,4.95,4.545,4.7,439000
2020-06-17,4.7,4.89,4.61,4.72,210300
2020-06-18,4.69,4.88,4.28,4.4,1048100
2020-06-19,4.47,5.351,4.43,4.8,2230700
2020-06-22,4.81,5.02,4.62,4.86,560000
2020-06-23,4.94,5.12,4.92,4.99,444100
2020-06-24,4.94,5.142,4.58,4.73,444500
2020-06-25,4.76,5.09,4.69,4.92,363000
2020-06-26,4.92,4.995,4.63,4.75,1680500
2020-06-29,4.72,4.95,4.58,4.67,472600
2020-06-30,4.8,5.28,4.62,4.76,840000
2020-07-01,4.8,4.9,4.655,4.8,555700
2020-07-02,4.92,5.23,4.77,4.99,753000
2020-07-06,5.13,5.52,5.01,5.09,1168700
2020-07-07,5.08,5.72,5.064,5.64,1819600
2020-07-08,5.75,6.75,5.61,5.9,1448000
2020-07-09,5.94,6.189,5.45,5.5,879400
2020-07-10,5.5,5.54,4.48,4.51,1314300
2020-07-13,4.78,4.85,4.17,4.185,1055600
2020-07-14,4.19,4.25,3.959,4.13,1140500
2020-07-15,4.23,4.61,4.13,4.59,848400
2020-07-16,4.52,4.7,4.39,4.61,1135000
2020-07-17,4.54,4.83,4.495,4.54,1009300
2020-07-20,4.55,4.95,4.44,4.83,988700
2020-07-21,4.88,4.92,4.68,4.75,543200
2020-07-22,4.74,4.82,4.56,4.7,481300
2020-07-23,4.64,4.78,4.4,4.42,524300
2020-07-24,4.36,4.36,4.02,4.1,727400
2020-07-27,4.17,4.31,4.03,4.2,636700
2020-07-28,4.2,4.34,3.75,3.99,912500
2020-07-29,3.98,4.2,3.9,4.07,1036700
2020-07-30,3.97,4.07,3.72,3.78,906500
2020-07-31,3.79,3.86,3.67,3.74,708200
2020-08-03,3.84,4.28,3.84,4.09,1210700
2020-08-04,4.09,4.3,4.09,4.2,890800
2020-08-05,4.25,4.38,4.19,4.31,931100
2020-08-06,4.3,4.49,4.3,4.43,649800
2020-08-07,4.4,4.745,4.31,4.64,689600
2020-08-10,20.13,33.0,18.0,22.7,95410200
2020-08-11,22.39,23.72,19.6,20.04,9822300
2020-08-12,19.35,24.01,19.21,23.56,6423900
2020-08-13,24.25,31.18,24.25,28.58,17855700
2020-08-14,27.5,29.55,26.56,27.26,3159000
2020-08-17,26.29,27.0,25.5,26.16,1904500
2020-08-18,27.01,27.43,24.23,24.26,1857300
2020-08-19,24.05,27.78,23.84,25.0,1767100
2020-08-20,24.89,25.819,24.6,25.19,1150300
2020-08-21,25.24,26.41,24.15,24.58,1378800
2020-08-24,24.59,24.89,22.26,23.01,1963800
2020-08-25,22.7,25.36,22.66,24.52,1549200
2020-08-26,24.59,24.88,23.71,24.575,957700
2020-08-27,24.6,25.37,24.05,24.7,659000
2020-08-28,24.67,25.18,24.13,24.48,490400
2020-08-31,25.24,27.23,25.175,26.49,1553100
2020-09-01,26.47,27.18,25.718,25.89,1441600
2020-09-02,25.7,26.09,24.19,25.64,801100
2020-09-03,25.21,26.14,24.26,24.39,625400
2020-09-04,24.22,24.55,22.03,23.92,848800
2020-09-08,23.04,24.45,22.91,23.4,751700
2020-09-09,23.85,24.98,23.85,24.42,1038200
2020-09-10,24.49,25.43,24.48,25.31,906400
2020-09-11,24.4,25.51,24.16,25.5,992300
2020-09-14,25.57,27.79,25.24,27.0,676200
2020-09-15,27.05,28.31,26.77,27.32,831400
2020-09-16,27.58,27.84,27.0,27.33,509700
2020-09-17,27.04,27.38,26.41,26.86,359000
2020-09-18,26.16,26.24,24.26,25.65,2265800
2020-09-21,25.37,26.57,24.49,26.27,694100
2020-09-22,26.62,26.81,25.26,26.49,479500
2020-09-23,26.35,26.49,25.075,25.47,506600
2020-09-24,25.09,25.96,24.62,25.25,624800
2020-09-25,25.25,26.49,25.03,26.36,586700
2020-09-28,26.457,27.1,25.74,26.79,519300
2020-09-29,26.9,29.46,26.5,28.74,1021300
2020-09-30,28.98,29.24,27.935,28.31,679900
2020-10-01,28.29,28.4,26.64,27.7,649300
2020-10-02,27.13,28.58,26.91,27.69,425900
2020-10-05,27.68,29.69,27.68,29.65,772300
2020-10-06,30.0,30.88,27.9,28.22,662600
2020-10-07,28.52,30.6,28.36,30.38,686400
2020-10-08,31.15,32.44,30.43,31.62,901100
2020-10-09,32.2,32.25,31.318,31.8,665600
2020-10-12,32.0,32.92,31.48,31.85,831200
2020-10-13,31.26,34.34,31.05,34.25,784900
2020-10-14,34.33,35.023,32.35,32.43,723100
2020-10-15,31.83,32.78,31.06,32.62,287900
2020-10-16,32.59,34.22,32.59,34.05,410800
2020-10-19,34.47,34.92,32.094,32.6,406300
2020-10-20,32.63,33.37,31.6,31.6,389800
2020-10-21,31.64,31.874,28.11,28.2,635700
2020-10-22,28.08,29.25,27.34,28.45,328100
2020-10-23,28.53,30.46,27.94,30.155,606000
2020-10-26,29.76,30.98,29.32,29.84,259400
2020-10-27,30.54,30.59,29.655,30.21,286600
2020-10-28,29.34,29.67,28.43,29.11,335700
2020-10-29,29.05,30.11,28.37,29.86,499500
2020-10-30,29.7,29.7,27.19,27.89,441900
2020-11-02,28.12,29.7,27.8,29.51,520600
2020-11-03,29.71,30.99,29.13,30.35,472200
2020-11-04,30.71,33.42,30.71,33.2,1165800
2020-11-05,34.06,35.77,33.93,35.22,879100
2020-11-06,35.75,36.0,33.76,34.59,773800
2020-11-09,34.59,35.89,32.33,33.24,714700
2020-11-10,33.56,33.965,31.93,33.24,532400
2020-11-11,33.24,34.73,33.22,33.97,757100
2020-11-12,33.78,35.29,33.59,34.41,737100
2020-11-13,34.98,35.65,33.64,34.46,691600
2020-11-16,34.036,35.25,33.96,34.56,338700
2020-11-17,35.306,38.0,35.1,37.73,1136300
2020-11-18,37.8,38.5,34.4,34.53,799100
2020-11-19,34.61,35.075,31.72,32.05,856600
2020-11-20,31.43,34.8,31.43,34.49,1018200
2020-11-23,34.69,35.71,34.0,34.08,1041400
2020-11-24,33.35,33.91,30.01,30.68,1148400
2020-11-25,30.68,31.06,29.22,29.39,641200
2020-11-27,29.25,29.93,28.5,29.01,695500
2020-11-30,28.39,29.44,26.8,27.61,2294200
2020-12-01,27.54,28.58,26.0,26.35,1737300
2020-12-02,26.01,26.55,24.743,25.13,1392800
2020-12-03,25.2,26.1,25.18,25.27,622100
2020-12-04,25.05,26.0,24.57,25.42,879800
2020-12-07,25.35,26.72,25.11,25.25,968100
2020-12-08,25.21,25.9,24.61,25.36,886100
2020-12-09,26.63,26.66,23.87,23.88,960600
2020-12-10,23.66,25.29,22.78,25.04,861600
2020-12-11,25.13,25.66,24.21,24.34,969400
2020-12-14,24.44,26.1,24.43,24.81,1093700
2020-12-15,25.735,25.98,24.42,25.72,823400
2020-12-16,25.75,25.83,24.19,24.22,775200
2020-12-17,24.0,25.0,23.55,24.78,606800
2020-12-18,24.89,25.758,24.07,24.12,5065900
2020-12-21,23.79,25.9,23.79,24.69,1426700
2020-12-22,25.14,26.94,24.77,24.78,1449100
2020-12-23,25.77,27.37,24.55,25.53,1459900
2020-12-24,25.75,25.87,23.95,24.28,580900
2020-12-28,24.0,25.14,23.16,23.25,966400
2020-12-29,23.37,24.76,22.87,24.48,1139800
2020-12-30,24.85,26.39,24.75,26.25,1481800
2020-12-31,26.3,26.53,23.56,24.5,1844800
2021-01-04,24.72,25.81,24.16,25.06,1236200
