date,open,high,low,close,volume
2013-05-02,14.0,14.0,13.0,13.52,3757800
2013-05-03,14.0,14.0,13.0,13.5,2934900
2013-05-06,13.5,13.98,13.32,13.82,730400
2013-05-07,13.8,14.26,13.8,14.2,1409200
2013-05-08,14.4,14.58,14.0,14.12,2697500
2013-05-09,14.2,14.5,13.68,13.96,992400
2013-05-10,13.76,14.02,13.68,13.94,2805100
2013-05-13,14.0,14.12,13.54,13.7,741300
2013-05-14,13.94,13.96,13.64,13.66,1172400
2013-05-15,13.94,13.94,13.0,13.1,1811300
2013-05-16,13.4,14.08,13.4,14.0,3307400
2013-05-17,14.28,14.28,13.7,13.84,3300500
2013-05-20,13.84,13.98,13.24,13.78,1813100
2013-05-21,13.76,13.88,13.42,13.8,2351700
2013-05-22,13.86,13.92,13.44,13.52,3801300
2013-05-23,13.26,14.0,12.72,13.88,2112000
2013-05-24,13.84,13.88,13.56,13.86,644500
2013-05-28,13.8,13.86,12.94,13.1,2584100
2013-05-29,12.84,13.5,12.7,13.48,2034400
2013-05-30,13.5,13.76,13.38,13.66,739700
2013-05-31,13.4,13.7,13.32,13.68,945400
2013-06-03,13.38,13.76,13.1,13.58,1527100
2013-06-04,13.6,13.62,12.9,13.48,1122300
2013-06-05,13.4,13.66,13.32,13.44,824000
2013-06-06,13.42,13.5,13.3,13.48,891400
2013-06-07,13.5,13.5,13.0,13.1,1198600
2013-06-10,13.08,13.26,12.64,13.18,1798500
2013-06-11,12.68,12.9,12.32,12.84,2270400
2013-06-12,12.88,13.06,12.32,12.52,1220100
2013-06-13,12.02,13.06,11.7,12.98,2691500
2013-06-14,13.08,13.4,12.94,13.18,858200
2013-06-17,13.36,13.58,13.12,13.4,1480900
2013-06-18,13.4,13.5,13.22,13.36,737700
2013-06-19,13.36,13.44,13.08,13.14,638900
2013-06-20,13.32,13.32,12.8,12.92,1756500
2013-06-21,13.08,13.1,12.16,12.96,1534400
2013-06-24,12.74,12.84,12.3,12.58,2167400
2013-06-25,12.62,13.02,12.56,12.94,1336800
2013-06-26,12.92,13.32,12.82,12.9,1831300
2013-06-27,13.04,13.34,12.92,13.1,1258800
2013-06-28,13.16,13.52,13.06,13.48,11326000
2013-07-01,13.48,13.48,12.7,13.0,1512400
2013-07-02,12.98,13.2,12.78,12.9,1564800
2013-07-03,12.84,12.98,12.7,12.92,559400
2013-07-05,13.2,13.58,12.7,13.56,1390800
2013-07-08,13.56,13.66,13.32,13.46,1130500
2013-07-09,13.46,13.6,13.06,13.14,947500
2013-07-10,13.1,13.28,12.88,13.26,918000
2013-07-11,13.32,13.34,13.1,13.34,1341100
2013-07-12,13.28,13.88,13.26,13.76,1350700
2013-07-15,13.8,13.86,13.5,13.6,1198800
2013-07-16,13.58,13.6,13.4,13.48,1217500
2013-07-17,13.5,13.66,13.4,13.48,1070700
2013-07-18,13.56,13.72,13.48,13.58,790400
2013-07-19,13.42,13.58,13.22,13.26,855200
2013-07-22,13.14,13.34,13.1,13.28,967000
2013-07-23,13.2,13.3,12.88,13.26,1748100
2013-07-24,13.2,13.22,12.88,13.04,956200
2013-07-25,12.86,13.14,12.84,13.1,984400
2013-07-26,12.96,13.14,12.7,12.84,1490700
2013-07-29,12.68,13.0,12.6,12.82,139500
2013-07-30,12.9,13.34,12.74,13.28,1059900
2013-07-31,13.4,13.5,13.18,13.26,869600
2013-08-01,13.26,13.56,13.14,13.56,2560500
2013-08-02,13.6,13.68,13.42,13.5,1309900
2013-08-05,13.38,13.48,13.24,13.32,1264500
2013-08-06,13.44,13.76,13.4,13.62,1308300
2013-08-07,13.66,13.92,13.32,13.7,1886600
2013-08-08,13.7,13.9,13.7,13.78,688700
2013-08-09,13.72,13.84,13.34,13.58,770300
2013-08-12,13.5,13.58,13.28,13.4,718100
2013-08-13,13.4,13.46,13.1,13.3,679200
2013-08-14,13.26,13.4,13.04,13.06,797800
2013-08-15,13.0,13.0,12.6,12.64,2020700
2013-08-16,12.6,12.98,12.4,12.42,1324100
2013-08-19,12.36,12.58,12.18,12.2,1445300
2013-08-20,12.2,12.46,11.78,12.2,1615500
2013-08-21,12.12,12.7,12.06,12.56,629600
2013-08-22,12.56,12.6,12.4,12.52,737000
2013-08-23,12.42,13.0,12.4,12.96,831600
2013-08-26,12.94,13.0,12.78,12.84,673200
2013-08-27,12.72,12.9,12.5,12.56,760600
2013-08-28,12.52,12.68,12.36,12.4,719700
2013-08-29,12.42,12.76,12.28,12.76,784400
2013-08-30,12.66,12.96,12.6,12.7,741900
2013-09-03,12.78,12.98,12.72,12.9,653900
2013-09-04,12.94,12.98,12.76,12.84,1001300
2013-09-05,12.9,13.18,12.76,12.82,1341000
2013-09-06,12.84,12.88,12.5,12.76,839900
2013-09-09,12.76,12.84,12.68,12.82,636200
2013-09-10,12.82,12.84,12.56,12.6,878900
2013-09-11,12.58,12.68,12.44,12.52,974900
2013-09-12,12.56,12.74,12.52,12.68,937300
2013-09-13,12.68,12.86,12.6,12.78,773700
2013-09-16,12.78,12.84,12.7,12.8,1748500
2013-09-17,12.78,12.82,12.66,12.78,709900
2013-09-18,13.52,13.8,13.26,13.5,4721000
2013-09-19,13.56,13.78,13.44,13.58,1485600
2013-09-20,13.68,13.72,13.34,13.4,1173300
2013-09-23,13.5,13.6,13.16,13.56,1068500
2013-09-24,13.64,13.98,13.46,13.64,2169200
2013-09-25,13.26,13.38,12.96,13.04,913200
2013-09-26,13.1,13.56,13.06,13.34,687500
2013-09-27,13.28,13.48,13.2,13.42,729500
2013-09-30,13.36,13.38,13.02,13.24,754700
2013-10-01,13.14,13.48,13.1,13.16,442500
2013-10-02,13.12,13.18,13.0,13.02,415300
2013-10-03,13.0,13.06,12.8,12.9,510000
2013-10-04,12.84,12.96,12.82,12.92,275000
2013-10-07,12.82,12.98,12.8,12.86,557900
2013-10-08,12.84,12.96,12.76,12.78,605300
2013-10-09,12.82,13.04,12.72,12.88,577800
2013-10-10,13.0,13.38,12.98,13.22,762100
2013-10-11,13.16,13.32,13.1,13.2,582200
2013-10-14,13.2,13.32,13.1,13.3,415800
2013-10-15,13.3,13.34,13.12,13.18,431000
2013-10-16,13.26,13.34,13.2,13.28,450400
2013-10-17,13.28,13.42,13.24,13.38,641400
2013-10-18,13.5,13.78,13.4,13.76,1194500
2013-10-21,13.86,13.9,13.64,13.7,592700
2013-10-22,13.76,14.04,13.7,13.98,940800
2013-10-23,13.84,14.02,13.74,13.84,805900
2013-10-24,13.9,13.92,13.76,13.8,709400
2013-10-25,13.96,13.96,13.56,13.7,546200
2013-10-28,13.76,13.82,13.62,13.66,666400
2013-10-29,13.72,13.82,13.58,13.68,442900
2013-10-30,13.68,13.68,13.24,13.38,715200
2013-10-31,13.5,13.56,13.18,13.22,829300
2013-11-01,13.14,13.42,12.8,13.2,1108200
2013-11-04,13.2,13.28,12.92,13.08,499500
2013-11-05,13.12,13.42,12.92,13.4,995100
2013-11-06,13.46,13.56,13.04,13.2,817100
2013-11-07,13.28,13.34,12.2,12.44,2389300
2013-11-08,12.42,12.52,11.76,12.26,2080800
2013-11-11,12.26,12.28,11.76,11.8,2782000
2013-11-12,11.7,12.22,11.66,12.22,2223900
2013-11-13,12.12,12.48,12.02,12.46,1515300
2013-11-14,12.42,12.62,12.12,12.18,1256700
2013-11-15,12.18,12.2,11.88,12.14,1799300
2013-11-18,12.12,12.14,11.84,11.88,1622800
2013-11-19,11.96,12.1,11.8,11.8,1132700
2013-11-20,11.84,11.98,11.68,11.74,1166000
2013-11-21,11.74,11.88,11.62,11.7,1329900
2013-11-22,11.74,12.08,11.58,12.08,3633600
2013-11-25,12.08,12.2,11.8,11.9,1167900
2013-11-26,11.96,11.96,11.78,11.88,1180400
2013-11-27,11.98,12.02,11.82,12.0,1091500
2013-11-29,12.06,12.1,11.94,12.08,589900
2013-12-02,12.04,12.22,11.88,11.9,1529500
2013-12-03,11.88,12.12,11.84,12.06,1365100
2013-12-04,12.0,12.7,11.92,12.62,2246000
2013-12-05,12.64,12.78,12.4,12.54,803000
2013-12-06,12.64,12.64,12.34,12.38,1087300
2013-12-09,12.38,12.78,12.36,12.68,889100
2013-12-10,12.72,12.96,12.6,12.9,1173600
2013-12-11,12.96,12.98,12.54,12.6,918600
2013-12-12,12.6,12.9,12.32,12.7,2006200
2013-12-13,12.72,12.9,12.54,12.68,492700
2013-12-16,12.7,13.12,12.54,12.86,1134100
2013-12-17,12.86,12.96,12.66,12.9,368100
2013-12-18,13.7,13.72,13.3,13.5,2034100
2013-12-19,13.5,13.68,13.32,13.58,1071500
2013-12-20,13.56,13.92,13.46,13.88,2299000
2013-12-23,13.94,13.98,13.82,13.9,1305800
2013-12-24,13.9,14.0,13.86,13.92,404800
2013-12-26,13.44,13.6,13.32,13.38,544300
2013-12-27,13.44,13.48,13.36,13.46,271600
2013-12-30,13.44,13.48,13.24,13.3,430400
2013-12-31,13.36,13.48,13.26,13.36,551900
2014-01-02,13.36,13.36,13.04,13.32,890500
2014-01-03,13.36,13.46,13.16,13.32,741500
2014-01-06,13.34,13.42,13.16,13.26,891300
2014-01-07,13.34,13.38,13.04,13.06,814300
2014-01-08,13.08,13.22,12.92,13.04,599900
2014-01-09,13.1,13.1,12.78,12.86,1068400
2014-01-10,12.92,13.18,12.92,13.06,597800
2014-01-13,13.0,13.28,13.0,13.1,682000
2014-01-14,13.16,13.22,13.0,13.08,514200
2014-01-15,13.18,13.2,12.86,12.9,979900
2014-01-16,12.84,12.94,12.62,12.84,668600
2014-01-17,12.86,13.02,12.7,12.82,665300
2014-01-21,12.96,13.02,12.68,12.92,1274900
2014-01-22,12.96,13.0,12.7,12.74,577400
2014-01-23,12.7,12.9,12.52,12.76,1052700
2014-01-24,12.7,12.7,12.42,12.5,871000
2014-01-27,12.4,12.54,12.26,12.34,792500
2014-01-28,12.46,12.86,12.4,12.64,922600
2014-01-29,12.58,12.7,12.44,12.54,793800
2014-01-30,12.62,12.88,12.52,12.82,1498700
2014-01-31,12.82,12.92,12.64,12.7,621300
2014-02-03,12.76,12.9,12.54,12.56,897400
2014-02-04,12.56,12.62,12.32,12.38,1028600
2014-02-05,12.34,12.42,12.22,12.26,869000
2014-02-06,12.26,12.3,12.1,12.12,1078500
2014-02-07,12.18,12.42,12.1,12.36,950700
2014-02-10,12.36,12.62,12.18,12.46,1248100
2014-02-11,12.54,12.74,12.46,12.68,766100
2014-02-12,12.7,12.94,12.6,12.84,982100
2014-02-13,12.82,13.02,12.64,12.92,685600
2014-02-14,12.94,13.0,12.74,12.88,350800
2014-02-18,12.88,12.98,12.82,12.96,616800
2014-02-19,12.94,13.0,12.74,12.78,587900
2014-02-20,12.86,12.9,12.34,12.38,805000
2014-02-21,12.4,12.58,12.2,12.52,1081200
2014-02-24,12.56,13.1,12.52,12.92,1488000
2014-02-25,13.08,13.24,12.92,12.98,696400
2014-02-26,12.98,13.16,12.7,12.82,818800
2014-02-27,12.86,12.92,12.66,12.72,889300
2014-02-28,12.78,12.96,12.64,12.78,972500
2014-03-03,12.76,12.96,12.64,12.96,520500
2014-03-04,13.1,13.42,13.04,13.32,1775200
2014-03-05,13.38,13.5,13.1,13.26,910800
2014-03-06,13.28,13.28,12.82,12.88,1334900
2014-03-07,13.0,13.0,12.56,12.74,650800
2014-03-10,12.86,12.96,12.78,12.92,819100
2014-03-11,13.0,13.1,12.84,12.86,822000
2014-03-12,12.84,13.06,12.84,13.0,501800
2014-03-13,13.06,13.1,12.88,12.96,622400
2014-03-14,12.9,13.12,12.9,13.02,393300
2014-03-17,13.06,13.4,13.06,13.38,1508500
2014-03-18,13.34,13.58,13.3,13.56,1289500
2014-03-19,13.52,13.6,13.3,13.46,2894300
2014-03-20,13.3,13.48,13.1,13.46,1459000
2014-03-21,13.56,13.72,13.42,13.72,3814700
2014-03-24,13.7,13.7,13.48,13.56,894900
2014-03-25,13.64,13.68,13.3,13.32,1177200
2014-03-26,13.44,13.44,13.2,13.22,1144800
2014-03-27,13.08,13.08,12.72,12.82,730800
2014-03-28,12.86,12.9,12.7,12.74,549300
2014-03-31,12.84,12.96,12.68,12.94,759900
2014-04-01,12.98,13.32,12.86,13.28,1011000
2014-04-02,13.28,13.32,13.08,13.12,480800
2014-04-03,13.16,13.16,12.9,12.96,447000
2014-04-04,13.02,13.02,12.66,12.88,801400
2014-04-07,12.88,12.92,12.66,12.82,686200
2014-04-08,12.82,12.86,12.62,12.64,588200
2014-04-09,12.64,12.66,12.52,12.56,812100
2014-04-10,12.58,12.82,12.48,12.48,898000
2014-04-11,12.42,12.6,12.4,12.42,724100
2014-04-14,12.52,12.6,12.4,12.6,1081900
2014-04-15,12.64,12.72,12.48,12.64,570900
2014-04-16,12.7,12.72,12.54,12.66,383200
2014-04-17,12.66,12.74,12.52,12.72,428600
2014-04-21,12.74,12.8,12.46,12.48,542500
2014-04-22,12.46,12.56,12.34,12.42,1162700
2014-04-23,12.42,12.54,12.38,12.46,849200
2014-04-24,12.54,12.54,12.4,12.48,510800
2014-04-25,12.22,12.44,12.06,12.3,6783400
2014-04-28,12.34,12.4,12.2,12.22,1608700
2014-04-29,12.32,12.34,12.16,12.16,1123700
2014-04-30,12.16,12.24,12.08,12.2,1331300
2014-05-01,12.32,12.4,12.16,12.4,1398400
2014-05-02,12.44,12.58,12.4,12.5,1320700
2014-05-05,12.56,12.7,12.52,12.66,1295800
2014-05-06,12.68,12.76,12.56,12.74,1228700
2014-05-07,12.74,12.82,12.62,12.76,1260500
2014-05-08,12.74,12.84,12.68,12.7,1015900
2014-05-09,12.7,12.8,12.4,12.44,1576700
2014-05-12,12.54,12.8,12.52,12.8,933200
2014-05-13,12.8,12.82,12.64,12.66,1193100
2014-05-14,12.72,12.78,12.52,12.56,1413800
2014-05-15,12.58,12.6,12.26,12.34,1399400
2014-05-16,12.3,12.64,12.26,12.58,1467400
2014-05-19,12.58,12.72,12.52,12.64,447800
2014-05-20,12.6,12.6,12.42,12.48,787500
2014-05-21,12.52,12.52,12.34,12.42,992300
2014-05-22,12.46,12.48,12.36,12.42,641400
2014-05-23,12.38,12.54,12.34,12.4,1101200
2014-05-27,12.5,12.66,12.5,12.66,1137500
2014-05-28,12.7,12.8,12.56,12.58,1940000
2014-05-29,12.64,12.72,12.62,12.64,1416900
2014-05-30,12.7,12.86,12.54,12.68,2961200
2014-06-02,12.7,12.8,12.6,12.72,713500
2014-06-03,12.72,12.76,12.62,12.7,1318800
2014-06-04,12.7,12.86,12.56,12.84,1316900
2014-06-05,12.86,13.02,12.78,13.0,1066700
2014-06-06,13.06,13.06,12.96,13.04,902000
2014-06-09,13.04,13.06,13.0,13.06,644300
2014-06-10,13.04,13.06,12.92,12.98,538700
2014-06-11,12.94,13.06,12.84,12.88,812300
2014-06-12,12.9,12.9,12.74,12.76,1051700
2014-06-13,12.82,12.82,12.68,12.8,619600
2014-06-16,12.82,12.86,12.74,12.8,571300
2014-06-17,12.92,13.08,12.84,13.0,1190800
2014-06-18,13.0,13.04,12.8,12.96,788600
2014-06-19,13.04,13.04,12.88,12.92,673100
2014-06-20,12.96,13.0,12.86,12.98,1420900
2014-06-23,13.08,13.1,12.96,13.0,1326700
2014-06-24,13.02,13.04,12.9,12.96,1583900
2014-06-25,12.52,12.54,12.44,12.54,1047200
2014-06-26,12.56,12.62,12.46,12.6,1117700
2014-06-27,12.54,12.7,12.48,12.56,1418000
2014-06-30,12.52,12.6,12.5,12.6,784900
2014-07-01,12.6,12.68,12.52,12.54,803600
2014-07-02,12.56,12.62,12.5,12.62,1022300
2014-07-03,12.62,12.62,12.5,12.58,407600
2014-07-07,12.54,12.62,12.52,12.62,696600
2014-07-08,12.64,12.64,12.52,12.6,1248500
2014-07-09,12.6,12.62,12.56,12.58,1019300
2014-07-10,12.52,12.78,12.52,12.7,1155400
2014-07-11,12.72,12.82,12.66,12.78,1086100
2014-07-14,12.86,12.9,12.78,12.88,1100600
2014-07-15,12.9,12.9,12.7,12.72,463700
2014-07-16,12.74,12.76,12.38,12.44,1579200
2014-07-17,12.42,12.52,12.38,12.42,906100
2014-07-18,12.38,12.5,12.36,12.44,782000
2014-07-21,12.44,12.48,12.36,12.46,561200
2014-07-22,12.5,12.52,12.32,12.32,813500
2014-07-23,12.36,12.5,12.32,12.46,519100
2014-07-24,12.46,12.48,12.32,12.34,637200
2014-07-25,12.34,12.36,12.22,12.24,674500
2014-07-28,12.28,12.34,12.2,12.26,789100
2014-07-29,12.26,12.3,12.16,12.18,937100
2014-07-30,12.26,12.28,12.1,12.16,775100
2014-07-31,12.18,12.2,11.96,11.96,1101600
2014-08-01,12.02,12.2,11.92,11.96,1497000
2014-08-04,11.98,12.04,11.82,12.04,994700
2014-08-05,11.98,12.2,11.92,11.94,938700
2014-08-06,12.42,12.64,12.4,12.48,2268600
2014-08-07,12.48,12.58,12.38,12.56,1116800
2014-08-08,12.56,12.58,12.5,12.58,647000
2014-08-11,12.62,12.68,12.56,12.62,758400
2014-08-12,12.62,12.66,12.52,12.56,586300
2014-08-13,12.58,12.6,12.36,12.36,1912400
2014-08-14,12.4,12.54,12.36,12.5,631800
2014-08-15,12.54,12.56,12.32,12.4,915400
2014-08-18,12.46,12.56,12.42,12.56,633300
2014-08-19,12.58,12.66,12.56,12.62,1539000
2014-08-20,12.56,12.6,12.48,12.54,492000
2014-08-21,12.56,12.76,12.54,12.68,1438500
2014-08-22,12.7,12.7,12.56,12.62,703700
2014-08-25,12.64,12.66,12.46,12.5,719200
2014-08-26,12.56,12.62,12.52,12.6,494500
2014-08-27,12.62,12.62,12.46,12.56,625600
2014-08-28,12.5,12.54,12.44,12.5,593900
2014-08-29,12.5,12.54,12.42,12.54,467000
2014-09-02,12.56,12.74,12.56,12.7,1139900
2014-09-03,12.76,12.76,12.58,12.62,653200
2014-09-04,12.66,12.7,12.54,12.54,300100
2014-09-05,12.52,12.68,12.48,12.66,416700
2014-09-08,12.68,12.68,12.54,12.62,258500
2014-09-09,12.64,12.66,12.5,12.54,511300
2014-09-10,12.54,12.56,12.44,12.54,444000
2014-09-11,12.54,12.66,12.52,12.58,483500
2014-09-12,12.6,12.62,12.44,12.46,455600
2014-09-15,12.46,12.46,12.3,12.3,607400
2014-09-16,12.28,12.52,12.22,12.52,844800
2014-09-17,12.5,12.62,12.46,12.54,713500
2014-09-18,12.58,12.58,12.36,12.38,566300
2014-09-19,12.4,12.54,12.32,12.54,1407000
2014-09-22,12.54,12.56,12.36,12.38,584800
2014-09-23,12.36,12.42,12.18,12.2,839900
2014-09-24,12.22,12.32,12.2,12.2,1190500
2014-09-25,11.88,11.94,11.8,11.9,722300
2014-09-26,11.9,11.92,11.78,11.86,531500
2014-09-29,11.78,11.86,11.76,11.78,474600
2014-09-30,11.8,11.82,11.66,11.66,1087100
2014-10-01,11.7,11.72,11.58,11.62,767400
2014-10-02,11.64,11.7,11.44,11.58,625100
2014-10-03,11.68,11.76,11.54,11.72,771800
2014-10-06,11.78,12.18,11.78,12.06,1617900
2014-10-07,12.04,12.2,12.0,12.1,976400
2014-10-08,12.1,12.2,11.98,12.14,1087600
2014-10-09,12.16,12.32,11.98,12.08,889500
2014-10-10,11.98,12.22,11.9,11.98,1022900
2014-10-13,12.0,12.16,11.82,12.04,1547900
2014-10-14,12.1,12.26,12.0,12.12,1531000
2014-10-15,12.02,12.22,11.84,12.04,1553900
2014-10-16,11.98,12.36,11.98,12.24,856000
2014-10-17,12.36,12.4,12.12,12.14,502100
2014-10-20,12.07,12.38,12.03,12.36,954200
2014-10-21,12.38,12.4,12.11,12.24,1406200
2014-10-22,12.27,12.34,12.18,12.2,763500
2014-10-23,12.27,12.3,12.08,12.09,1156800
2014-10-24,12.12,12.2,12.07,12.11,738300
2014-10-27,12.1,12.13,11.92,12.02,505600
2014-10-28,12.06,12.21,12.0,12.21,1001400
2014-10-29,12.18,12.24,12.11,12.2,902200
2014-10-30,12.2,12.42,12.13,12.33,1024000
2014-10-31,12.38,12.4,12.26,12.38,953700
2014-11-03,12.43,12.5,12.37,12.43,961300
2014-11-04,12.43,12.49,12.37,12.45,813900
2014-11-05,12.48,12.57,12.41,12.53,1065200
2014-11-06,12.7,12.7,12.37,12.56,1232800
2014-11-07,12.55,12.64,12.53,12.59,1012400
2014-11-10,12.61,12.83,12.59,12.82,995400
2014-11-11,12.82,12.86,12.7,12.74,785600
2014-11-12,12.74,12.78,12.67,12.71,517300
2014-11-13,12.75,12.84,12.72,12.73,351700
2014-11-14,12.71,12.84,12.7,12.72,510800
2014-11-17,12.7,12.74,12.61,12.63,1001300
2014-11-18,12.72,12.85,12.67,12.76,821700
2014-11-19,12.74,12.79,12.66,12.68,518400
2014-11-20,12.69,12.75,12.65,12.74,588900
2014-11-21,12.85,12.85,12.67,12.73,549400
2014-11-24,12.76,12.8,12.71,12.77,556900
2014-11-25,12.81,12.98,12.76,12.96,1151900
2014-11-26,13.0,13.01,12.92,12.97,440800
2014-11-28,12.96,13.15,12.92,12.96,418300
2014-12-01,12.96,13.08,12.89,13.03,1006100
2014-12-02,13.03,13.23,12.95,13.23,1225700
2014-12-03,13.25,13.45,13.22,13.28,937800
2014-12-04,13.25,13.29,13.09,13.2,978500
2014-12-05,13.14,13.21,12.98,13.02,1285400
2014-12-08,13.03,13.27,12.97,13.01,1060000
2014-12-09,12.89,13.34,12.89,13.34,930700
2014-12-10,13.29,13.34,13.16,13.2,583100
2014-12-11,13.23,13.31,13.16,13.22,911700
2014-12-12,13.15,13.22,13.03,13.04,557400
2014-12-15,13.06,13.09,12.83,12.83,786900
2014-12-16,12.79,12.94,12.43,12.74,1618500
2014-12-17,12.75,13.14,12.75,13.07,1023900
2014-12-18,13.14,13.22,12.96,13.11,643400
2014-12-19,13.15,13.59,13.05,13.51,2615900
2014-12-22,13.56,13.64,13.4,13.46,642200
2014-12-23,13.54,13.54,13.33,13.36,601200
2014-12-24,13.35,13.43,13.15,13.2,640000
2014-12-26,12.94,12.96,12.79,12.93,437600
2014-12-29,12.98,13.04,12.89,12.92,355500
2014-12-30,12.93,12.98,12.78,12.84,486000
2014-12-31,12.85,13.01,12.77,12.77,686400
2015-01-02,12.8,12.96,12.73,12.92,676200
2015-01-05,12.9,12.94,12.66,12.76,897900
2015-01-06,12.77,12.91,12.71,12.77,702800
2015-01-07,12.83,12.92,12.7,12.92,804600
2015-01-08,12.96,12.99,12.84,12.89,1209900
2015-01-09,12.87,12.92,12.55,12.61,1220500
2015-01-12,12.6,12.64,12.49,12.57,897900
2015-01-13,12.59,12.68,12.16,12.21,1698100
2015-01-14,12.14,12.34,12.1,12.31,2525100
2015-01-15,12.35,12.39,12.27,12.35,1169000
2015-01-16,12.28,12.56,12.26,12.56,767900
2015-01-20,12.6,12.62,12.47,12.59,686900
2015-01-21,12.6,13.01,12.54,13.0,1587100
2015-01-22,13.06,13.23,13.0,13.14,873800
2015-01-23,13.14,13.17,12.93,12.95,955800
2015-01-26,12.95,13.07,12.92,13.06,1643100
2015-01-27,13.03,13.08,12.94,12.95,785200
2015-01-28,13.0,13.07,12.89,12.96,1687100
2015-01-29,12.99,13.0,12.89,12.91,1009400
2015-01-30,12.87,12.87,12.67,12.75,1652000
2015-02-02,12.75,12.81,12.51,12.63,2019700
2015-02-03,12.64,12.93,12.64,12.9,911600
2015-02-04,12.85,12.9,12.73,12.85,869100
2015-02-05,12.9,13.05,12.83,13.04,686800
2015-02-06,13.01,13.01,12.83,12.89,773000
2015-02-09,12.89,13.0,12.83,12.87,466500
2015-02-10,12.92,12.92,12.71,12.81,465700
2015-02-11,12.81,12.93,12.77,12.87,509900
2015-02-12,12.9,13.04,12.9,13.03,610500
2015-02-13,13.03,13.13,12.99,13.11,620500
2015-02-17,13.11,13.16,12.99,13.04,478900
2015-02-18,13.04,13.08,12.91,13.08,500700
2015-02-19,13.05,13.1,12.95,13.08,463400
2015-02-20,13.05,13.1,12.94,13.09,636000
2015-02-23,13.58,14.37,13.52,14.25,5595300
2015-02-24,14.26,14.54,13.88,14.45,3710700
2015-02-25,14.45,14.65,14.43,14.6,1578300
2015-02-26,14.58,14.9,14.55,14.87,1971200
2015-02-27,14.9,15.43,14.75,15.11,4685300
2015-03-02,15.1,15.17,14.94,15.11,1415900
2015-03-03,15.1,15.26,15.02,15.16,1693500
2015-03-04,15.18,15.37,15.08,15.36,879000
2015-03-05,15.4,15.4,15.28,15.29,841300
2015-03-06,15.24,15.26,14.6,14.77,2655600
2015-03-09,14.81,15.02,14.8,15.02,967400
2015-03-10,14.94,15.03,14.84,14.98,1455200
2015-03-11,15.01,15.04,14.89,14.94,963600
2015-03-12,15.0,15.09,14.82,14.94,2415900
2015-03-13,14.9,14.99,14.68,14.7,3193600
2015-03-16,14.73,15.0,14.71,15.0,4469100
2015-03-17,14.99,15.06,14.95,15.04,1220800
2015-03-18,15.03,15.45,14.81,15.33,1614900
2015-03-19,15.35,15.5,15.25,15.3,1131500
2015-03-20,15.38,15.51,15.13,15.49,3062500
2015-03-23,15.51,15.61,15.38,15.43,1532400
2015-03-24,15.12,15.18,14.93,15.01,1494300
2015-03-25,15.04,15.23,15.02,15.08,2287000
2015-03-26,15.06,15.19,14.95,15.13,1319800
2015-03-27,15.12,15.21,15.03,15.05,780400
2015-03-30,15.09,15.34,15.01,15.18,1128500
2015-03-31,15.17,15.23,15.01,15.03,635800
2015-04-01,15.08,15.36,14.98,15.2,2013900
2015-04-02,15.21,15.34,15.14,15.28,611600
2015-04-06,15.33,15.43,15.29,15.37,566900
2015-04-07,15.21,16.55,15.21,15.83,8391900
2015-04-08,15.49,15.96,15.49,15.96,21795900
2015-04-09,16.01,16.18,15.9,16.13,4897000
2015-04-10,16.13,16.52,15.99,16.37,10176900
2015-04-13,16.45,16.63,16.39,16.49,5009600
2015-04-14,16.6,16.7,16.53,16.56,3326300
2015-04-15,16.57,16.9,16.55,16.63,4449000
2015-04-16,16.64,16.94,16.5,16.87,2133900
2015-04-17,16.84,16.84,16.56,16.72,3156400
2015-04-20,16.86,16.97,16.72,16.75,2190200
2015-04-21,16.87,17.01,16.77,17.0,3461500
2015-04-22,16.97,17.02,16.82,16.96,1953000
2015-04-23,17.05,17.06,16.91,17.01,1871600
2015-04-24,17.09,17.25,17.03,17.16,2030600
2015-04-27,17.25,17.29,17.15,17.21,1965600
2015-04-28,17.19,17.37,17.16,17.32,3736000
2015-04-29,17.27,17.46,17.05,17.1,2821200
2015-04-30,17.06,17.18,16.81,17.04,6976100
2015-05-01,17.02,17.11,16.9,16.94,2446200
2015-05-04,17.01,17.23,16.88,17.19,2934500
2015-05-05,17.12,17.17,16.58,16.67,3373700
2015-05-06,16.68,16.68,16.5,16.57,2653800
2015-05-07,16.57,16.86,16.3,16.67,2179400
2015-05-08,16.88,17.48,16.88,17.02,3230400
2015-05-11,17.02,17.06,16.81,16.95,1970000
2015-05-12,16.88,16.9,16.7,16.77,1949800
2015-05-13,16.86,16.89,16.67,16.71,1411300
2015-05-14,16.83,16.99,16.68,16.7,1797700
2015-05-15,17.25,17.37,17.16,17.24,3084800
2015-05-18,17.25,17.49,17.2,17.45,1611500
2015-05-19,17.48,17.91,17.41,17.78,2060800
2015-05-20,17.8,17.83,17.6,17.64,2145700
2015-05-21,17.24,17.3,17.1,17.2,1205200
2015-05-22,17.16,17.46,17.1,17.39,1476200
2015-05-26,17.32,17.35,16.98,17.1,1671400
2015-05-27,17.13,17.36,17.09,17.32,1747400
2015-05-28,17.29,17.37,17.12,17.2,1156100
2015-05-29,17.18,17.28,17.02,17.06,1435800
2015-06-01,17.11,17.25,17.02,17.09,1436500
2015-06-02,17.03,17.08,16.97,17.0,1508100
2015-06-03,17.01,17.16,16.89,17.06,2674000
2015-06-04,17.06,17.12,16.89,16.92,2350600
2015-06-05,16.85,17.09,16.8,16.83,3456700
2015-06-08,16.86,16.89,16.59,16.61,1729500
2015-06-09,16.75,16.76,16.48,16.63,1540600
2015-06-10,15.99,16.09,15.86,15.93,18827400
2015-06-11,15.99,16.07,15.93,16.04,4143400
2015-06-12,16.0,16.12,15.98,16.01,2813200
2015-06-15,15.97,16.09,15.88,16.07,2605800
2015-06-16,16.08,16.15,16.01,16.07,2307800
2015-06-17,16.06,16.09,15.91,16.05,2301800
2015-06-18,16.09,16.41,16.06,16.23,3039200
2015-06-19,16.25,16.26,16.03,16.12,4686800
2015-06-22,16.15,16.24,15.95,16.12,4029000
2015-06-23,16.09,16.19,15.92,16.0,2738300
2015-06-24,16.01,16.05,15.8,15.81,3415400
2015-06-25,15.83,15.87,15.35,15.4,5347500
2015-06-26,15.39,15.58,15.31,15.51,3807200
2015-06-29,15.46,15.55,15.26,15.34,3273500
2015-06-30,15.39,15.51,15.21,15.24,2549500
2015-07-01,15.25,15.44,15.18,15.41,1907200
2015-07-02,15.48,15.6,15.19,15.3,1959400
2015-07-06,15.29,15.45,15.26,15.36,1369700
2015-07-07,15.36,15.52,15.16,15.48,2384000
2015-07-08,15.44,15.56,15.18,15.24,1726400
2015-07-09,15.36,15.51,14.94,15.11,3127200
2015-07-10,15.2,15.85,15.2,15.49,3626000
2015-07-13,15.53,15.73,15.32,15.48,1365300
2015-07-14,15.55,15.73,15.42,15.54,1313600
2015-07-15,15.51,15.54,15.41,15.53,1323800
2015-07-16,15.72,15.81,15.55,15.62,1874700
2015-07-17,15.64,15.85,15.58,15.74,1401900
2015-07-20,15.72,15.91,15.59,15.61,1143500
2015-07-21,15.62,15.8,15.57,15.73,2170000
2015-07-22,15.69,15.87,15.67,15.82,937100
2015-07-23,15.86,15.94,15.68,15.76,1637000
2015-07-24,15.78,15.8,15.4,15.43,1692900
2015-07-27,15.4,15.43,15.25,15.32,1346200
2015-07-28,15.34,15.44,15.16,15.38,1208900
2015-07-29,15.38,15.71,15.26,15.7,1406000
2015-07-30,15.65,15.81,15.52,15.74,1670400
2015-07-31,15.83,15.95,15.56,15.69,4979300
2015-08-03,15.7,15.81,15.57,15.74,1241900
2015-08-04,15.74,15.81,15.47,15.52,2596400
2015-08-05,15.56,15.57,14.92,15.22,4508100
2015-08-06,15.14,15.15,14.27,14.61,6628400
2015-08-07,14.54,14.64,14.4,14.46,3185400
2015-08-10,14.75,15.04,14.54,14.66,2522200
2015-08-11,14.62,14.67,14.46,14.47,1644400
2015-08-12,14.47,14.61,14.15,14.6,2315300
2015-08-13,14.57,14.71,14.47,14.54,1168100
2015-08-14,14.52,14.68,14.51,14.68,963100
2015-08-17,14.69,15.1,14.67,15.07,2067100
2015-08-18,15.06,15.25,14.79,14.84,1576700
2015-08-19,14.84,15.12,14.75,15.07,2515600
2015-08-20,14.92,15.19,14.84,14.85,2436300
2015-08-21,14.5,14.7,14.16,14.41,3407800
2015-08-24,13.69,14.0,13.37,13.89,4769200
2015-08-25,14.1,14.18,13.8,13.82,3542900
2015-08-26,14.05,14.1,13.79,14.08,2543300
2015-08-27,14.21,14.4,13.91,14.23,1761000
2015-08-28,14.19,14.62,14.15,14.29,2348600
2015-08-31,14.26,14.3,14.04,14.16,2227300
2015-09-01,13.96,14.35,13.91,14.24,2638400
2015-09-02,14.34,14.35,14.09,14.21,1288900
2015-09-03,14.19,14.29,14.07,14.14,1716900
2015-09-04,14.01,14.13,13.9,14.03,918800
2015-09-08,14.27,14.27,14.0,14.02,2806600
2015-09-09,14.06,14.22,13.73,13.79,2083500
2015-09-10,13.76,14.01,13.74,13.95,1474600
2015-09-11,13.87,14.24,13.85,14.24,1849800
2015-09-14,14.24,14.35,14.12,14.16,1342400
2015-09-15,14.17,14.28,14.04,14.25,1448200
2015-09-16,14.26,14.44,14.23,14.39,1032200
2015-09-17,14.39,14.94,14.33,14.79,1631400
2015-09-18,14.59,14.78,14.45,14.5,5530500
2015-09-21,14.67,15.0,14.4,14.44,1961800
2015-09-22,14.37,14.78,14.34,14.54,2889800
2015-09-23,14.58,14.75,14.55,14.73,1995600
2015-09-24,14.71,14.82,14.42,14.5,2435600
2015-09-25,14.57,14.57,13.9,13.9,3190900
2015-09-28,13.91,13.92,13.09,13.2,5992900
2015-09-29,13.19,13.24,12.66,12.82,4479600
2015-09-30,12.96,13.22,12.75,13.1,4699700
2015-10-01,12.68,12.81,12.34,12.4,3341000
2015-10-02,12.36,12.88,12.3,12.81,5145900
2015-10-05,12.91,13.17,12.87,13.07,2651400
2015-10-06,13.1,13.21,12.91,12.92,2187800
2015-10-07,13.0,13.2,13.0,13.05,1948200
2015-10-08,13.05,13.19,12.94,13.01,2285700
2015-10-09,13.05,13.07,12.86,13.0,2094300
2015-10-12,13.0,13.07,12.91,12.93,1157800
2015-10-13,12.83,12.97,12.58,12.61,1526200
2015-10-14,12.65,12.69,12.39,12.41,2232800
2015-10-15,12.4,12.76,12.34,12.73,1713200
2015-10-16,12.77,13.01,12.69,12.98,1582100
2015-10-19,13.1,13.21,12.94,13.0,1615300
2015-10-20,12.95,13.1,12.9,12.99,1394100
2015-10-21,13.04,13.16,12.78,12.79,1341100
2015-10-22,12.84,12.9,12.52,12.53,2036300
2015-10-23,12.55,12.61,12.25,12.41,2782200
2015-10-26,12.43,12.54,12.35,12.41,1695000
2015-10-27,12.39,12.42,11.79,12.04,3585200
2015-10-28,12.04,12.31,11.95,12.28,2481600
2015-10-29,12.21,12.25,12.02,12.1,1377900
2015-10-30,12.22,12.24,12.02,12.13,1900400
2015-11-02,12.12,12.43,12.01,12.41,2886600
2015-11-03,12.55,12.77,12.32,12.41,3223200
2015-11-04,12.39,12.45,12.0,12.11,3941600
2015-11-05,12.11,12.2,11.92,12.2,3063800
2015-11-06,12.13,13.08,12.05,12.85,7323000
2015-11-09,12.77,13.01,12.67,12.84,4335100
2015-11-10,12.84,13.07,12.76,13.01,2850800
2015-11-11,13.01,13.05,12.66,12.71,2276700
2015-11-12,12.67,12.71,12.2,12.21,2245000
2015-11-13,12.2,12.25,12.01,12.07,2190500
2015-11-16,12.07,12.31,12.03,12.24,1510600
2015-11-17,12.26,12.3,11.82,11.83,3683000
2015-11-18,11.87,12.05,11.86,11.93,2663100
2015-11-19,11.92,11.98,11.71,11.79,2184400
2015-11-20,11.84,11.98,11.7,11.77,2698800
2015-11-23,11.78,11.89,11.66,11.68,2940400
2015-11-24,11.69,11.86,11.56,11.86,2909700
2015-11-25,11.89,12.07,11.75,12.07,2353700
2015-11-27,12.14,12.41,12.13,12.41,1305000
2015-11-30,12.4,12.84,12.4,12.72,4981300
2015-12-01,12.77,12.92,12.42,12.49,2823900
2015-12-02,12.47,12.5,12.25,12.29,2258800
2015-12-03,12.29,12.36,12.1,12.23,3011800
2015-12-04,12.23,12.32,11.95,12.04,3282000
2015-12-07,11.99,12.0,11.6,11.7,3616600
2015-12-08,11.63,11.69,11.47,11.63,2799000
2015-12-09,11.71,11.82,11.58,11.7,3634000
2015-12-10,11.72,11.82,11.61,11.67,1629500
2015-12-11,11.61,11.61,10.96,11.05,4118800
2015-12-14,11.07,11.12,10.4,10.43,5541800
2015-12-15,10.42,11.25,10.35,11.08,3569600
2015-12-16,11.18,12.09,11.17,12.05,8302400
2015-12-17,12.08,12.62,12.03,12.23,5765700
2015-12-18,12.22,12.54,12.17,12.45,7749700
2015-12-21,12.5,13.16,12.5,13.01,7315800
2015-12-22,13.01,13.34,12.93,13.01,3307500
2015-12-23,13.08,13.23,12.96,13.07,4184800
2015-12-24,13.17,13.18,12.95,12.97,2501700
2015-12-28,12.95,12.95,12.56,12.63,3198700
2015-12-29,12.28,12.32,12.0,12.16,3473300
2015-12-30,12.18,12.23,11.87,11.98,2236300
2015-12-31,11.93,12.28,11.79,12.16,3058000
2016-01-04,12.17,12.35,11.9,12.12,3587500
2016-01-05,12.15,12.3,11.97,12.18,2325500
2016-01-06,12.28,12.5,12.1,12.25,4141400
2016-01-07,12.14,12.18,11.76,11.77,4820300
2016-01-08,11.93,12.0,11.5,11.54,2694400
2016-01-11,11.6,11.82,11.41,11.72,2928500
2016-01-12,11.79,11.99,11.14,11.4,3624600
2016-01-13,11.4,11.43,10.21,10.47,7316100
2016-01-14,10.48,10.58,9.07,10.39,7217800
2016-01-15,9.97,10.24,9.9,10.18,4239500
2016-01-19,10.53,10.53,9.76,9.93,5280300
2016-01-20,9.85,10.07,9.09,9.96,7037900
2016-01-21,9.99,10.35,9.92,10.1,4916500
2016-01-22,10.39,11.05,10.33,10.6,4022100
2016-01-25,10.57,10.59,10.04,10.16,5170400
2016-01-26,10.22,10.76,10.2,10.65,3219600
2016-01-27,10.7,11.27,10.62,10.76,4568400
2016-01-28,10.85,11.06,10.66,10.74,2053000
2016-01-29,10.96,11.4,10.85,11.39,4116100
2016-02-01,11.33,11.44,11.12,11.28,2689800
2016-02-02,11.18,11.23,10.69,10.76,3030900
2016-02-03,10.81,10.89,10.27,10.75,2392000
2016-02-04,10.7,10.93,10.6,10.64,2900700
2016-02-05,10.55,10.66,10.25,10.59,3373700
2016-02-08,10.47,10.49,10.01,10.23,4124600
2016-02-09,10.07,10.17,9.72,10.03,3071700
2016-02-10,10.07,10.2,9.93,10.01,1681200
2016-02-11,9.85,9.94,9.69,9.86,1655900
2016-02-12,9.92,10.17,9.9,10.15,1332500
2016-02-16,10.25,10.71,10.23,10.66,2062300
2016-02-17,10.69,10.98,10.68,10.91,1944900
2016-02-18,10.95,10.98,10.63,10.83,1443500
2016-02-19,10.85,10.96,10.64,10.91,1262100
2016-02-22,11.0,11.18,10.98,11.1,1396300
2016-02-23,11.07,11.24,11.06,11.08,1517500
2016-02-24,11.27,11.59,10.92,11.58,2787900
2016-02-25,11.6,11.81,11.34,11.56,3268100
2016-02-26,11.64,11.94,11.61,11.68,2355100
2016-02-29,11.67,11.8,11.55,11.71,2571100
2016-03-01,11.79,11.83,10.3,10.41,9605400
2016-03-02,10.76,11.21,10.37,11.04,5076600
2016-03-03,11.04,11.36,10.97,11.2,2218700
2016-03-04,11.25,11.43,11.21,11.28,2305800
2016-03-07,11.26,11.6,11.11,11.46,2164500
2016-03-08,11.41,11.42,10.97,11.02,2676200
2016-03-09,11.11,11.23,10.89,11.18,1737400
2016-03-10,11.18,11.24,10.94,11.11,1317500
2016-03-11,11.2,11.61,11.15,11.56,1876000
2016-03-14,11.47,11.48,11.26,11.41,1969800
2016-03-15,11.34,11.41,11.15,11.23,1405100
2016-03-16,11.19,11.62,11.18,11.6,1779200
2016-03-17,11.52,11.68,11.36,11.62,2089400
2016-03-18,11.7,11.75,11.6,11.73,2232200
2016-03-21,11.66,11.78,11.58,11.66,2226900
2016-03-22,11.6,11.67,11.47,11.58,2393000
2016-03-23,11.62,11.86,11.56,11.56,2079200
2016-03-24,11.52,11.55,11.29,11.51,2023400
2016-03-28,11.52,11.81,11.52,11.71,2049500
2016-03-29,11.72,12.0,11.52,11.9,3694900
2016-03-30,12.0,12.12,11.87,11.89,5305200
2016-03-31,11.43,11.67,11.42,11.63,2902100
2016-04-01,11.56,11.84,11.51,11.59,2515500
2016-04-04,11.6,11.69,11.44,11.45,1777800
2016-04-05,11.4,11.56,11.36,11.41,1760800
2016-04-06,11.42,11.66,11.42,11.56,2124600
2016-04-07,11.52,11.9,11.52,11.69,2587600
2016-04-08,11.78,11.9,11.53,11.61,3215400
2016-04-11,11.65,11.86,11.56,11.65,2499800
2016-04-12,11.65,11.75,11.56,11.61,2012700
2016-04-13,11.68,11.87,11.65,11.87,1544000
2016-04-14,11.85,11.87,11.68,11.84,1661100
2016-04-15,11.83,11.97,11.76,11.9,1457000
2016-04-18,11.88,11.96,11.81,11.9,2966300
2016-04-19,11.94,12.1,11.91,12.03,2010400
2016-04-20,12.02,12.22,11.93,12.12,4343400
2016-04-21,12.14,12.22,11.97,11.99,3908900
2016-04-22,11.99,12.06,11.87,12.0,2383100
2016-04-25,12.0,12.08,11.87,12.05,2271800
2016-04-26,12.12,12.3,12.06,12.29,1724400
2016-04-27,12.36,12.46,12.29,12.38,1930700
2016-04-28,12.32,12.33,12.05,12.12,2259400
2016-04-29,12.14,12.24,11.94,12.1,2217700
2016-05-02,12.18,12.24,12.01,12.17,1599800
2016-05-03,12.11,12.19,11.96,12.08,2788800
2016-05-04,12.15,12.35,11.92,12.3,4091100
2016-05-05,12.32,12.8,12.24,12.71,5009200
2016-05-06,12.7,12.91,12.65,12.76,2832200
2016-05-09,12.82,13.27,12.82,13.22,5441400
2016-05-10,13.27,13.27,13.09,13.25,2323200
2016-05-11,13.19,13.36,13.15,13.2,2343800
2016-05-12,13.28,13.48,13.21,13.37,1977600
2016-05-13,13.31,13.42,13.25,13.34,1867800
2016-05-16,13.32,13.43,13.26,13.39,2070600
2016-05-17,13.37,13.65,13.3,13.4,2716900
2016-05-18,13.3,13.57,13.13,13.38,4525700
2016-05-19,13.33,13.4,12.96,13.16,4373900
2016-05-20,13.21,13.35,13.14,13.33,2048500
2016-05-23,13.38,13.43,13.17,13.2,2843500
2016-05-24,13.27,13.47,13.17,13.4,2423200
2016-05-25,13.38,13.5,13.32,13.5,1293100
2016-05-26,13.45,13.62,13.43,13.54,1140400
2016-05-27,13.52,13.62,13.49,13.55,1156400
2016-05-31,13.54,13.64,13.45,13.58,2592300
2016-06-01,13.5,13.78,13.46,13.76,1920600
2016-06-02,13.73,13.75,13.56,13.68,1783900
2016-06-03,13.7,13.83,13.59,13.71,1879900
2016-06-06,13.71,13.84,13.69,13.74,1589300
2016-06-07,13.75,13.98,13.73,13.82,1875000
2016-06-08,13.83,13.89,13.8,13.86,1800200
2016-06-09,13.85,13.93,13.76,13.9,1521200
2016-06-10,13.85,13.91,13.71,13.76,1846200
2016-06-13,13.7,13.7,13.41,13.45,2362400
2016-06-14,13.4,13.48,13.18,13.28,2714800
2016-06-15,13.28,13.51,13.22,13.4,2122900
2016-06-16,13.37,13.4,13.07,13.31,2675900
2016-06-17,13.34,13.53,13.3,13.37,3323100
2016-06-20,13.52,13.56,13.39,13.43,2014600
2016-06-21,13.43,13.48,13.27,13.4,1609500
2016-06-22,13.47,13.47,13.18,13.19,1771500
2016-06-23,13.34,13.47,13.26,13.37,2254900
2016-06-24,13.05,13.55,12.8,13.07,5244400
2016-06-27,13.02,13.06,12.58,12.77,3382100
2016-06-28,13.2,13.31,12.93,13.27,2846500
2016-06-29,13.35,13.48,13.3,13.44,2202100
2016-06-30,13.45,13.84,13.38,13.84,4107700
2016-07-01,13.83,13.96,13.82,13.88,3330000
2016-07-05,13.55,13.57,12.92,13.05,4674200
2016-07-06,12.96,13.1,12.73,13.04,3691000
2016-07-07,13.01,13.07,12.76,12.85,2508300
2016-07-08,12.96,13.07,12.85,12.97,3109300
2016-07-11,12.99,13.15,12.91,13.14,1512100
2016-07-12,13.14,13.31,13.14,13.25,2084500
2016-07-13,13.25,13.34,13.16,13.26,1545500
2016-07-14,13.28,13.33,13.0,13.03,2170000
2016-07-15,13.06,13.12,13.0,13.1,1047000
2016-07-18,13.09,13.25,13.08,13.25,991900
2016-07-19,13.25,13.4,13.23,13.38,1530700
2016-07-20,13.4,13.5,13.34,13.47,1038500
2016-07-21,13.4,13.52,13.31,13.4,2087300
2016-07-22,13.36,13.51,13.33,13.49,2325600
2016-07-25,13.45,13.53,13.39,13.49,2719200
2016-07-26,13.52,13.55,13.42,13.5,1892600
2016-07-27,13.52,13.52,13.34,13.46,1946100
2016-07-28,13.45,13.6,13.39,13.56,2497400
2016-07-29,13.6,13.67,13.52,13.67,1787700
2016-08-01,13.68,13.75,13.59,13.65,2232200
2016-08-02,13.87,13.96,13.77,13.91,2823400
2016-08-03,13.91,14.16,13.87,14.11,2934200
2016-08-04,14.15,14.16,13.81,14.0,2471000
2016-08-05,14.02,14.25,13.98,14.23,2512600
2016-08-08,14.25,14.27,14.18,14.23,2069800
2016-08-09,14.25,14.89,14.24,14.81,3990700
2016-08-10,14.81,14.84,14.39,14.48,5140500
2016-08-11,14.11,14.19,14.05,14.11,17518600
2016-08-12,14.14,14.24,14.13,14.13,3453200
2016-08-15,14.19,14.23,14.11,14.13,4633600
2016-08-16,14.11,14.15,13.93,13.95,3860600
2016-08-17,14.0,14.04,13.79,13.98,2727700
2016-08-18,14.0,14.19,13.98,14.08,1920400
2016-08-19,14.08,14.1,13.9,14.03,2241700
2016-08-22,14.02,14.11,13.99,14.03,1016200
2016-08-23,14.12,14.16,14.05,14.15,1909100
2016-08-24,14.16,14.22,14.1,14.11,1360200
2016-08-25,14.1,14.16,14.07,14.15,1308100
2016-08-26,14.15,14.19,13.77,13.94,3513800
2016-08-29,13.97,14.35,13.97,14.14,2720400
2016-08-30,14.14,14.25,14.03,14.25,1564300
2016-08-31,14.26,14.4,14.17,14.35,4305500
2016-09-01,14.38,14.42,14.13,14.28,1971500
2016-09-02,14.34,14.48,14.3,14.45,1461900
2016-09-06,14.45,14.49,14.38,14.41,1597100
2016-09-07,14.38,14.61,14.38,14.61,2036300
2016-09-08,14.6,14.72,14.49,14.51,2211700
2016-09-09,14.44,14.45,14.08,14.1,4032600
2016-09-12,14.01,14.37,13.82,14.29,3621800
2016-09-13,14.18,14.32,14.13,14.23,3072600
2016-09-14,14.28,14.5,14.27,14.41,2506000
2016-09-15,14.43,14.49,14.32,14.37,3075900
2016-09-16,14.33,14.42,14.25,14.36,4321800
2016-09-19,14.41,14.65,14.41,14.6,2826100
2016-09-20,14.65,14.65,14.42,14.51,1941700
2016-09-21,14.56,14.6,14.3,14.48,3341300
2016-09-22,14.57,14.61,14.37,14.45,2997200
2016-09-23,14.38,14.49,14.25,14.26,2536800
2016-09-26,14.3,14.5,14.26,14.32,4241900
2016-09-27,14.36,14.5,14.3,14.42,3097200
2016-09-28,14.49,14.5,14.16,14.32,3843000
2016-09-29,13.91,14.01,13.71,13.78,3043200
2016-09-30,13.81,13.89,13.73,13.81,2219900
2016-10-03,13.84,13.86,13.67,13.68,2085200
2016-10-04,13.69,13.71,13.3,13.43,2905500
2016-10-05,13.45,13.56,13.42,13.48,1923900
2016-10-06,13.59,13.75,13.42,13.73,3739500
2016-10-07,13.78,13.88,13.62,13.65,2177500
2016-10-10,13.7,13.89,13.7,13.79,1521100
2016-10-11,13.8,13.87,13.63,13.69,1349500
2016-10-12,13.7,13.87,13.62,13.8,1802600
2016-10-13,13.72,13.98,13.67,13.93,2608600
2016-10-14,14.0,14.0,13.8,13.8,962700
2016-10-17,13.82,13.89,13.71,13.73,1463700
2016-10-18,13.85,13.94,13.78,13.81,1241600
2016-10-19,13.88,14.04,13.83,13.97,1183200
2016-10-20,14.0,14.05,13.85,13.96,1412800
2016-10-21,13.86,14.01,13.82,13.86,1949900
2016-10-24,13.92,14.04,13.8,13.99,2180900
2016-10-25,14.0,14.13,13.96,14.1,1410100
2016-10-26,14.0,14.09,13.91,13.97,1231400
2016-10-27,13.97,14.05,13.87,13.88,1848100
2016-10-28,13.97,13.99,13.84,13.92,1659300
2016-10-31,13.98,14.01,13.9,13.96,1530300
2016-11-01,13.95,14.0,13.63,13.83,4544900
2016-11-02,13.88,13.99,13.63,13.76,2355800
2016-11-03,13.8,13.96,13.79,13.88,1665500
2016-11-04,13.9,14.1,13.85,14.03,2767800
2016-11-07,14.12,14.27,14.1,14.25,2621100
2016-11-08,14.24,14.28,14.15,14.21,1759400
2016-11-09,13.95,14.28,13.89,14.23,3745200
2016-11-10,14.26,14.34,14.13,14.22,3620400
2016-11-11,14.22,14.3,14.11,14.22,3020200
2016-11-14,14.3,14.32,14.11,14.14,2942600
2016-11-15,14.13,14.41,14.09,14.4,3251900
2016-11-16,14.4,14.47,14.34,14.35,3018700
2016-11-17,14.39,14.48,14.3,14.45,4721500
2016-11-18,14.5,14.69,14.48,14.68,2402500
2016-11-21,14.7,15.08,14.7,15.07,3831500
2016-11-22,15.13,15.34,15.13,15.32,2707100
2016-11-23,15.32,15.32,15.12,15.19,3058900
2016-11-25,15.25,15.35,15.16,15.29,956200
2016-11-28,15.33,15.4,15.31,15.33,1707000
2016-11-29,15.33,15.55,15.33,15.47,2067500
2016-11-30,15.5,15.53,15.26,15.45,3094700
2016-12-01,15.5,15.5,15.23,15.35,2208700
2016-12-02,15.37,15.54,15.31,15.38,1948400
2016-12-05,15.46,15.81,15.45,15.8,2359700
2016-12-06,15.78,16.0,15.77,15.98,2033100
2016-12-07,15.99,16.12,15.91,16.08,3007300
2016-12-08,16.08,16.28,16.03,16.18,2779000
2016-12-09,16.22,16.26,15.86,16.07,3204600
2016-12-12,16.08,16.22,15.82,15.92,2784300
2016-12-13,15.95,16.19,15.84,15.95,2390700
2016-12-14,15.97,16.01,15.66,15.79,2461400
2016-12-15,15.74,15.9,15.67,15.74,2691200
2016-12-16,15.8,16.05,15.8,15.96,3402500
2016-12-19,16.05,16.18,16.0,16.17,3146400
2016-12-20,16.17,16.34,16.15,16.34,2756300
2016-12-21,16.34,16.43,16.28,16.36,2204400
2016-12-22,16.37,16.38,16.1,16.26,3134300
2016-12-23,16.25,16.29,16.12,16.28,1954600
2016-12-27,16.3,16.3,16.07,16.07,2671700
2016-12-28,15.73,15.78,15.47,15.57,3406400
2016-12-29,15.52,15.72,15.42,15.63,2072200
2016-12-30,15.8,15.83,15.62,15.72,1912700
2017-01-03,15.74,15.94,15.58,15.81,2856000
2017-01-04,15.89,15.98,15.77,15.93,2163700
2017-01-05,15.93,16.0,15.85,15.96,1515800
2017-01-06,16.0,16.07,15.88,15.96,1185300
2017-01-09,16.02,16.08,15.92,15.96,1247300
2017-01-10,15.99,16.13,15.92,16.09,2345700
2017-01-11,16.09,16.19,16.05,16.12,1422900
2017-01-12,16.1,16.15,15.89,16.02,1565100
2017-01-13,16.02,16.17,15.9,16.03,1281300
2017-01-17,16.05,16.11,15.91,15.93,1486800
2017-01-18,15.97,15.99,15.81,15.9,2007200
2017-01-19,15.9,15.91,15.82,15.88,865900
2017-01-20,15.9,16.0,15.9,16.0,1190100
2017-01-23,16.04,16.15,15.98,16.1,1895700
2017-01-24,16.1,16.2,16.04,16.16,2384200
2017-01-25,16.16,16.24,16.13,16.21,1654700
2017-01-26,16.21,16.33,16.16,16.25,1740700
2017-01-27,16.31,16.31,16.2,16.27,1508400
2017-01-30,16.19,16.32,15.63,15.66,10872600
2017-01-31,15.06,15.32,15.03,15.15,53223000
2017-02-01,15.3,15.54,15.25,15.51,13452400
2017-02-02,15.59,15.87,15.56,15.75,9563700
2017-02-03,15.9,15.92,15.77,15.78,6674200
2017-02-06,15.83,15.95,15.76,15.78,5293800
2017-02-07,15.84,15.92,15.75,15.78,4994700
2017-02-08,15.79,15.8,15.65,15.66,6283800
2017-02-09,15.66,15.82,15.65,15.8,5864000
2017-02-10,15.88,15.99,15.84,15.9,5999700
2017-02-13,16.0,16.15,15.97,16.08,4413000
2017-02-14,16.1,16.33,15.98,16.33,4883300
2017-02-15,16.3,16.3,16.11,16.25,4168500
2017-02-16,16.27,16.34,16.22,16.24,5493900
2017-02-17,16.24,16.25,16.07,16.18,3453700
2017-02-21,16.5,16.55,16.25,16.51,5346600
2017-02-22,16.53,16.78,16.52,16.67,4929100
2017-02-23,16.69,16.77,16.51,16.66,3907300
2017-02-24,16.62,16.74,16.57,16.68,3157300
2017-02-27,16.75,16.83,16.68,16.77,4712200
2017-02-28,16.75,16.87,16.65,16.87,9455400
2017-03-01,16.87,16.91,16.81,16.88,4351900
2017-03-02,16.88,16.97,16.84,16.88,4218300
2017-03-03,16.93,17.0,16.75,17.0,3507800
2017-03-06,17.0,17.02,16.86,17.0,3264700
2017-03-07,17.0,17.09,16.9,17.0,3430600
2017-03-08,17.01,17.04,16.71,16.81,4092600
2017-03-09,16.78,16.92,16.51,16.66,4338700
2017-03-10,16.69,16.8,16.59,16.7,3904300
2017-03-13,16.74,16.81,16.65,16.68,2689000
2017-03-14,16.72,16.73,16.48,16.54,2776100
2017-03-15,16.6,16.89,16.57,16.82,5300500
2017-03-16,16.92,17.0,16.82,16.94,3613500
2017-03-17,16.96,17.12,16.96,17.08,5914100
2017-03-20,17.1,17.2,17.04,17.15,3660300
2017-03-21,17.22,17.25,17.03,17.11,4640100
2017-03-22,17.11,17.16,16.97,17.09,5970300
2017-03-23,16.65,16.76,16.5,16.65,5383400
2017-03-24,16.67,16.77,16.55,16.6,2976000
2017-03-27,16.52,16.62,16.46,16.62,3024100
2017-03-28,16.62,16.86,16.6,16.85,2808100
2017-03-29,16.85,16.94,16.83,16.87,2566000
2017-03-30,16.87,17.03,16.85,17.03,1869900
2017-03-31,17.0,17.11,16.97,16.98,2324400
2017-04-03,17.0,17.06,16.89,17.06,2159300
2017-04-04,17.06,17.17,16.99,17.15,2198500
2017-04-05,17.18,17.29,16.97,16.99,3223300
2017-04-06,16.96,17.14,16.86,17.1,2622300
2017-04-07,17.1,17.18,16.97,16.99,1996800
2017-04-10,17.04,17.2,17.02,17.14,1901900
2017-04-11,17.16,17.26,17.13,17.25,2365900
2017-04-12,17.26,17.38,17.18,17.28,2602300
2017-04-13,17.31,17.44,17.26,17.42,3812800
2017-04-17,17.4,17.72,17.39,17.7,3395600
2017-04-18,17.7,17.78,17.58,17.74,3051600
2017-04-19,17.82,17.86,17.73,17.75,3167500
2017-04-20,17.82,17.85,15.37,16.39,29695300
2017-04-21,16.76,16.99,16.3,16.34,15517100
2017-04-24,16.38,16.38,15.75,16.27,10076300
2017-04-25,16.3,16.63,16.26,16.54,5929400
2017-04-26,16.62,16.88,16.56,16.81,4272900
2017-04-27,16.89,16.99,16.78,16.9,4283100
2017-04-28,16.96,17.0,16.58,16.67,4076600
2017-05-01,16.92,17.18,16.68,17.06,6812800
2017-05-02,17.0,17.08,16.75,16.95,6037400
2017-05-03,16.94,17.0,16.67,16.72,3666500
2017-05-04,16.73,16.8,16.57,16.73,2579900
2017-05-05,16.71,16.8,16.67,16.73,1971600
2017-05-08,16.71,16.75,16.45,16.45,3430500
2017-05-09,16.45,16.5,16.17,16.21,4462900
2017-05-10,16.2,16.36,16.2,16.26,2701000
2017-05-11,16.3,16.35,15.99,16.17,4323800
2017-05-12,16.17,16.23,16.06,16.1,2512400
2017-05-15,16.16,16.19,16.01,16.09,3750800
2017-05-16,16.12,16.22,16.03,16.05,3535500
2017-05-17,16.0,16.06,15.85,15.87,4210600
2017-05-18,15.94,15.94,15.76,15.83,3795700
2017-05-19,15.84,16.15,15.82,16.06,2539600
2017-05-22,16.12,16.36,16.1,16.27,2202600
2017-05-23,16.33,16.41,16.26,16.33,2240400
2017-05-24,16.4,16.49,16.35,16.45,1720100
2017-05-25,16.48,16.64,16.45,16.52,2245700
2017-05-26,16.52,16.57,16.37,16.55,1620900
2017-05-30,16.55,16.57,16.07,16.11,3593800
2017-05-31,16.11,16.25,15.96,16.09,2496900
2017-06-01,16.08,16.42,16.02,16.29,2336000
2017-06-02,16.34,16.49,16.34,16.39,1728500
2017-06-05,16.35,16.39,16.14,16.15,1970700
2017-06-06,16.15,16.15,15.85,16.0,3151800
2017-06-07,16.02,16.06,15.94,16.01,1837000
2017-06-08,16.02,16.3,16.01,16.23,1405400
2017-06-09,16.22,16.37,16.22,16.33,1771400
2017-06-12,16.36,16.5,16.35,16.5,2079600
2017-06-13,16.5,16.66,16.46,16.65,2157000
2017-06-14,16.57,16.68,16.39,16.68,5450800
2017-06-15,16.6,16.74,16.51,16.68,2195000
2017-06-16,16.54,16.8,16.54,16.73,5092700
2017-06-19,16.79,16.94,16.75,16.91,2513400
2017-06-20,16.71,16.75,16.05,16.11,7826200
2017-06-21,16.2,16.3,16.02,16.03,4106100
2017-06-22,16.52,16.84,16.41,16.77,5259500
2017-06-23,16.81,16.95,16.5,16.59,32717100
2017-06-26,16.7,16.77,16.26,16.44,6811400
2017-06-27,16.5,16.54,16.21,16.27,7243900
2017-06-28,16.31,16.37,16.1,16.28,9404600
2017-06-29,15.93,15.99,15.75,15.89,5482100
2017-06-30,15.93,15.96,15.52,15.56,6596200
2017-07-03,15.61,15.84,15.6,15.82,2141700
2017-07-05,15.8,15.89,15.52,15.57,4151100
2017-07-06,15.54,15.6,15.26,15.3,4960600
2017-07-07,15.3,15.39,15.04,15.34,4264500
2017-07-10,15.34,15.39,15.26,15.33,3496600
2017-07-11,15.34,15.48,15.33,15.41,2647400
2017-07-12,15.46,15.61,15.42,15.47,2158200
2017-07-13,15.5,15.55,15.26,15.36,3674000
2017-07-14,15.39,15.59,15.39,15.52,4986400
2017-07-17,15.63,15.85,15.58,15.72,2763300
2017-07-18,15.66,15.69,15.52,15.65,3091600
2017-07-19,15.63,15.81,15.62,15.73,2214900
2017-07-20,15.81,16.06,15.77,15.92,2938100
2017-07-21,15.95,16.03,15.86,15.96,1683400
2017-07-24,15.96,16.11,15.91,15.95,2119300
2017-07-25,15.99,16.07,15.91,15.92,2040200
2017-07-26,15.96,16.03,15.87,16.0,1890400
2017-07-27,16.03,16.28,15.93,16.23,2981900
2017-07-28,16.29,16.3,15.95,16.04,2952200
2017-07-31,16.65,17.0,16.54,17.0,8937800
2017-08-01,17.01,17.24,16.99,17.15,5239200
2017-08-02,17.17,17.24,16.92,17.07,3800500
2017-08-03,17.07,17.08,16.74,16.79,2832400
2017-08-04,16.84,16.9,16.52,16.83,2822500
2017-08-07,16.88,16.91,16.62,16.75,2645300
2017-08-08,16.77,16.77,16.63,16.66,2391300
2017-08-09,16.56,16.71,16.46,16.69,1826200
2017-08-10,16.61,16.71,16.47,16.5,2565800
2017-08-11,16.43,16.58,16.31,16.56,2172600
2017-08-14,16.6,16.74,16.55,16.59,2083800
2017-08-15,16.6,16.71,16.56,16.7,1886500
2017-08-16,16.73,16.86,16.69,16.84,1872200
2017-08-17,16.84,16.85,16.63,16.63,1663900
2017-08-18,16.64,16.65,16.52,16.55,1933600
2017-08-21,16.6,16.65,16.47,16.6,1925300
2017-08-22,16.6,16.7,16.58,16.66,2029900
2017-08-23,16.65,16.67,16.52,16.57,2486800
2017-08-24,16.58,16.63,16.47,16.53,2185000
2017-08-25,16.66,16.66,16.48,16.62,1718200
2017-08-28,16.65,16.81,16.5,16.56,2750000
2017-08-29,16.5,16.59,16.42,16.48,2158600
2017-08-30,16.48,16.54,16.32,16.37,2327100
2017-08-31,16.42,16.56,16.38,16.48,1902800
2017-09-01,16.49,16.67,16.47,16.66,2162800
2017-09-05,16.67,16.75,16.29,16.4,3420100
2017-09-06,16.44,16.48,16.36,16.43,1644300
2017-09-07,16.47,16.47,16.29,16.36,1677400
2017-09-08,16.38,16.38,16.27,16.36,1579800
2017-09-11,16.4,16.52,16.38,16.47,1772800
2017-09-12,16.49,16.54,16.39,16.52,2112700
2017-09-13,16.52,16.54,16.38,16.46,2194900
2017-09-14,16.45,16.51,16.4,16.45,1680200
2017-09-15,16.55,16.6,16.47,16.53,2805700
2017-09-18,16.6,16.7,16.55,16.68,2477200
2017-09-19,16.65,16.85,16.65,16.79,2643700
2017-09-20,16.84,16.86,16.68,16.75,2274300
2017-09-21,16.8,16.81,16.67,16.78,1757500
2017-09-22,16.81,16.91,16.79,16.89,2967300
2017-09-25,16.95,16.95,16.8,16.91,3674400
2017-09-26,16.95,17.14,16.91,17.08,4866100
2017-09-27,17.11,17.24,17.04,17.22,6294500
2017-09-28,17.24,17.3,17.1,17.29,5874300
2017-09-29,16.78,16.83,16.65,16.73,5240200
2017-10-02,16.73,16.98,16.68,16.94,3610600
2017-10-03,16.93,17.03,16.84,16.94,2825000
2017-10-04,16.94,17.04,16.91,17.03,2158500
2017-10-05,17.05,17.3,17.03,17.27,3749600
2017-10-06,17.24,17.24,16.98,17.18,2463200
2017-10-09,17.2,17.22,17.12,17.17,2038000
2017-10-10,17.21,17.21,17.11,17.14,1366200
2017-10-11,17.14,17.2,17.09,17.12,1761800
2017-10-12,17.13,17.2,17.1,17.16,1293200
2017-10-13,17.2,17.23,17.15,17.21,1538800
2017-10-16,17.23,17.26,17.11,17.14,2115900
2017-10-17,17.17,17.18,17.11,17.12,1299800
2017-10-18,17.14,17.2,17.08,17.16,1380300
2017-10-19,17.13,17.28,17.07,17.25,1661200
2017-10-20,17.32,17.5,17.29,17.49,2207000
2017-10-23,17.5,17.5,17.32,17.4,1810500
2017-10-24,17.45,17.5,17.27,17.44,2042000
2017-10-25,17.47,17.48,17.02,17.2,2901900
2017-10-26,17.23,17.28,17.02,17.06,2658000
2017-10-27,17.61,17.89,17.42,17.89,4968900
2017-10-30,17.89,17.91,17.33,17.44,4064200
2017-10-31,17.53,17.73,17.47,17.63,2510100
2017-11-01,17.76,17.84,17.62,17.71,2306000
2017-11-02,17.79,17.79,17.41,17.51,2072500
2017-11-03,17.5,17.61,17.46,17.5,1430600
2017-11-06,17.51,17.52,17.32,17.35,1942600
2017-11-07,17.35,17.56,17.32,17.54,2175100
2017-11-08,17.56,17.58,17.38,17.43,2314900
2017-11-09,17.43,17.47,17.31,17.36,1734400
2017-11-10,17.35,17.38,17.22,17.27,1383200
2017-11-13,17.3,17.45,17.3,17.43,1528300
2017-11-14,17.43,17.46,17.34,17.44,1237600
2017-11-15,17.39,17.43,17.28,17.34,1584800
2017-11-16,17.4,17.49,17.33,17.43,2895700
2017-11-17,17.41,17.47,17.39,17.46,3075700
2017-11-20,17.52,17.68,17.5,17.63,2284700
2017-11-21,17.7,17.9,17.65,17.82,2214500
2017-11-22,17.85,17.95,17.78,17.94,1971500
2017-11-24,17.99,18.0,17.81,17.83,1122200
2017-11-27,17.87,17.93,17.75,17.78,1533100
2017-11-28,17.75,17.78,17.61,17.69,1362800
2017-11-29,17.69,17.82,17.57,17.63,2508000
2017-11-30,17.68,17.78,17.66,17.69,2352700
2017-12-01,17.66,17.76,17.51,17.74,2025300
2017-12-04,17.87,17.92,17.77,17.87,2491200
2017-12-05,17.86,17.89,17.81,17.83,1278100
2017-12-06,17.83,17.91,17.74,17.78,1681100
2017-12-07,17.78,18.13,17.74,17.93,2788400
2017-12-08,18.0,18.0,17.88,17.94,1478900
2017-12-11,17.99,18.07,17.96,17.99,2542200
2017-12-12,18.0,18.15,17.92,18.02,2353900
2017-12-13,18.01,18.18,17.97,18.02,2475900
2017-12-14,18.05,18.16,18.0,18.11,2247000
2017-12-15,18.14,18.3,18.12,18.29,2453600
2017-12-18,18.36,18.43,18.2,18.28,2416800
2017-12-19,18.3,18.32,18.0,18.01,2907600
2017-12-20,18.15,18.24,17.98,18.2,2259400
2017-12-21,18.2,18.36,18.18,18.27,1674300
2017-12-22,18.33,18.34,18.22,18.28,1894200
2017-12-26,18.28,18.35,18.22,18.3,2262700
2017-12-27,18.33,18.35,18.23,18.28,3124700
2017-12-28,17.9,18.07,17.81,18.07,2561000
2017-12-29,18.09,18.11,17.81,17.88,2350700
2018-01-02,17.88,17.94,17.51,17.59,3212000
2018-01-03,17.55,17.68,17.4,17.43,2626100
2018-01-04,17.43,17.81,17.43,17.72,2761900
2018-01-05,17.76,17.79,17.58,17.71,2767200
2018-01-08,17.73,17.85,17.66,17.78,1786400
2018-01-09,17.78,17.8,17.61,17.61,1407300
2018-01-10,17.59,17.72,17.31,17.63,1965300
2018-01-11,17.63,17.76,17.61,17.74,1086600
2018-01-12,17.77,17.85,17.72,17.74,1474600
2018-01-16,17.77,17.85,17.62,17.63,2741500
2018-01-17,17.1,17.4,17.09,17.19,27177800
2018-01-18,17.26,17.35,17.13,17.13,7689600
2018-01-19,17.2,17.3,17.13,17.24,8346900
2018-01-22,17.27,17.51,17.26,17.45,5309300
2018-01-23,17.46,17.59,17.43,17.57,3759800
2018-01-24,17.6,17.77,17.57,17.73,3023700
2018-01-25,17.74,17.89,17.68,17.86,3518900
2018-01-26,17.89,17.93,17.63,17.78,4429500
2018-01-29,17.79,17.8,17.51,17.54,3162600
2018-01-30,17.53,17.54,17.25,17.39,3498300
2018-01-31,17.49,17.58,17.16,17.29,3669700
2018-02-01,17.29,17.55,17.28,17.37,2325600
2018-02-02,17.31,17.38,17.03,17.1,3524000
2018-02-05,16.89,16.91,15.24,16.16,11391800
2018-02-06,15.83,16.92,15.8,16.78,6278400
2018-02-07,16.75,17.06,16.51,16.52,4013200
2018-02-08,16.54,16.55,16.09,16.09,4760700
2018-02-09,16.21,16.41,16.01,16.3,5295300
2018-02-12,16.4,16.7,16.23,16.64,4561100
2018-02-13,17.0,17.02,16.65,16.91,5951500
2018-02-14,16.86,16.9,16.65,16.83,3131900
2018-02-15,16.89,16.97,16.79,16.96,3416000
2018-02-16,16.89,17.02,16.8,16.89,2569500
2018-02-20,16.9,16.97,16.73,16.76,3558200
2018-02-21,16.8,16.9,16.59,16.61,4805400
2018-02-22,16.7,16.77,16.51,16.54,2667500
2018-02-23,16.6,16.69,16.48,16.57,2196500
2018-02-26,16.66,16.85,16.61,16.75,2748200
2018-02-27,16.72,16.78,16.43,16.46,2299000
2018-02-28,16.49,16.58,16.13,16.13,3477400
2018-03-01,16.21,16.36,16.09,16.27,2590800
2018-03-02,16.19,16.42,16.06,16.37,2030000
2018-03-05,16.37,16.71,16.35,16.58,2384700
2018-03-06,16.58,16.79,16.51,16.69,2246800
2018-03-07,16.6,16.79,16.51,16.54,2100900
2018-03-08,16.59,16.67,16.54,16.64,2091600
2018-03-09,16.68,16.85,16.59,16.84,1808700
2018-03-12,16.84,17.15,16.84,17.0,2560500
2018-03-13,17.1,17.17,16.98,17.02,1895100
2018-03-14,17.09,17.23,17.08,17.09,1859900
2018-03-15,17.14,17.18,16.89,17.03,2275000
2018-03-16,17.03,17.25,16.97,17.22,3419400
2018-03-19,17.16,17.18,16.9,17.07,2766900
2018-03-20,17.04,17.12,16.97,17.01,1847000
2018-03-21,17.05,17.14,16.98,17.02,2124600
2018-03-22,16.91,17.03,16.76,16.76,2628100
2018-03-23,16.78,16.8,16.47,16.49,2647100
2018-03-26,16.7,16.74,16.58,16.66,2588800
2018-03-27,16.72,16.93,16.64,16.77,3157800
2018-03-28,16.78,16.89,16.56,16.65,3663800
2018-03-29,16.23,16.49,16.18,16.45,3409900
2018-04-02,16.43,16.45,16.04,16.18,3758600
2018-04-03,16.2,16.37,16.09,16.23,2665600
2018-04-04,16.07,16.39,16.06,16.31,1801000
2018-04-05,16.31,16.48,16.17,16.44,2365600
2018-04-06,16.4,16.46,16.22,16.32,1577100
2018-04-09,16.38,16.43,16.18,16.18,2040900
2018-04-10,16.32,16.36,16.19,16.27,1599700
2018-04-11,16.25,16.31,16.17,16.25,1086800
2018-04-12,16.27,16.31,16.21,16.24,1164500
2018-04-13,16.28,16.28,16.08,16.13,1453600
2018-04-16,16.19,16.33,16.11,16.27,1159900
2018-04-17,16.31,16.5,16.28,16.49,1542600
2018-04-18,16.49,16.63,16.45,16.52,1961200
2018-04-19,16.5,16.57,16.44,16.52,1948200
2018-04-20,16.55,16.6,16.46,16.55,1844700
2018-04-23,16.59,16.59,16.48,16.54,1276300
2018-04-24,16.56,16.68,16.48,16.54,1754600
2018-04-25,16.49,16.69,16.48,16.64,1734200
2018-04-26,16.67,16.97,16.66,16.94,3428200
2018-04-27,17.15,17.45,16.98,17.35,5360400
2018-04-30,17.5,17.72,17.42,17.48,4120700
2018-05-01,17.48,17.73,17.44,17.7,3072600
2018-05-02,17.7,17.84,17.6,17.67,3162000
2018-05-03,17.64,17.83,17.55,17.77,2995100
2018-05-04,17.77,17.99,17.72,17.94,2761600
2018-05-07,17.97,18.03,17.87,17.97,2052900
2018-05-08,18.0,18.01,17.85,17.85,1979300
2018-05-09,17.87,17.9,17.78,17.85,1637600
2018-05-10,17.92,18.0,17.88,17.98,1375500
2018-05-11,18.0,18.08,17.96,17.98,1240800
2018-05-14,18.0,18.04,17.93,17.98,1672700
2018-05-15,17.9,18.04,17.89,18.01,1535000
2018-05-16,18.02,18.1,18.0,18.07,1596500
2018-05-17,18.06,18.11,17.98,18.01,1563900
2018-05-18,18.04,18.07,17.97,18.06,1534400
2018-05-21,18.07,18.13,18.03,18.09,2291900
2018-05-22,18.11,18.17,18.07,18.11,2248000
2018-05-23,18.11,18.19,18.08,18.15,1766400
2018-05-24,18.13,18.19,18.09,18.13,2307100
2018-05-25,18.1,18.14,17.96,18.1,1619900
2018-05-29,18.06,18.19,18.02,18.13,2857500
2018-05-30,18.15,18.16,18.08,18.09,2282200
2018-05-31,18.1,18.1,17.86,17.88,3124700
2018-06-01,17.91,17.92,17.71,17.8,2625600
2018-06-04,17.83,17.88,17.76,17.81,3337000
2018-06-05,17.83,17.91,17.75,17.89,2315200
2018-06-06,17.88,18.09,17.86,18.08,2214300
2018-06-07,18.1,18.17,18.04,18.12,1977600
2018-06-08,18.12,18.21,18.1,18.21,2110500
2018-06-11,18.2,18.22,18.12,18.18,2522700
2018-06-12,18.2,18.23,18.1,18.16,2282200
2018-06-13,18.15,18.16,18.0,18.07,2342600
2018-06-14,18.14,18.2,18.08,18.16,2256400
2018-06-15,18.11,18.2,18.07,18.15,2728300
2018-06-18,18.15,18.41,18.14,18.37,2378800
2018-06-19,18.3,18.56,18.3,18.55,2316700
2018-06-20,18.58,18.73,18.54,18.68,2641100
2018-06-21,18.71,18.74,18.61,18.66,2070000
2018-06-22,18.5,18.61,18.3,18.3,6910600
2018-06-25,18.31,18.35,18.14,18.17,3923000
2018-06-26,18.24,18.3,18.06,18.12,4350700
2018-06-27,18.22,18.25,17.89,17.9,3663800
2018-06-28,17.95,18.02,17.65,18.02,4634800
2018-06-29,17.6,17.64,17.38,17.49,3714900
2018-07-02,17.45,17.74,17.4,17.74,2865100
2018-07-03,17.77,18.04,17.77,18.02,2165100
2018-07-05,18.05,18.08,17.93,18.04,2593300
2018-07-06,18.05,18.23,18.03,18.17,1747300
2018-07-09,18.23,18.24,18.11,18.2,2577800
2018-07-10,18.25,18.25,18.15,18.19,2225800
2018-07-11,18.19,18.33,18.18,18.32,2183000
2018-07-12,18.33,18.36,18.22,18.29,1676000
2018-07-13,18.3,18.36,18.25,18.26,1527700
2018-07-16,18.26,18.3,18.17,18.23,2205600
2018-07-17,18.24,18.31,18.23,18.3,2157700
2018-07-18,18.3,18.35,18.27,18.35,2033800
2018-07-19,18.35,18.45,18.28,18.42,2332100
2018-07-20,18.41,18.49,18.33,18.46,1745800
2018-07-23,18.48,18.54,18.44,18.51,2912400
2018-07-24,18.54,18.58,18.46,18.51,1750300
2018-07-25,18.5,18.62,18.5,18.59,3037300
2018-07-26,18.6,18.62,17.82,17.95,6297800
2018-07-27,18.04,18.04,17.67,17.78,5389300
2018-07-30,17.85,18.09,17.8,17.98,6143200
2018-07-31,17.98,18.05,17.72,17.89,6699300
2018-08-01,17.87,17.94,17.73,17.93,2863800
2018-08-02,17.9,18.09,17.86,18.02,3279200
2018-08-03,18.07,18.09,17.95,17.96,1897900
2018-08-06,17.96,18.07,17.89,18.03,1736800
2018-08-07,18.06,18.11,17.93,17.99,1850500
2018-08-08,17.99,18.07,17.91,18.01,1728100
2018-08-09,18.05,18.13,18.03,18.08,1364700
2018-08-10,18.06,18.14,18.03,18.06,1871900
2018-08-13,18.1,18.14,18.03,18.07,1427500
2018-08-14,18.09,18.18,18.08,18.12,1284600
2018-08-15,18.09,18.15,18.04,18.1,1596800
2018-08-16,18.15,18.27,18.13,18.22,1867100
2018-08-17,18.23,18.34,18.23,18.33,1800400
2018-08-20,18.37,18.43,18.31,18.43,1694800
2018-08-21,18.44,18.53,18.44,18.47,2105700
2018-08-22,18.47,18.49,18.36,18.38,1939200
2018-08-23,18.38,18.42,18.31,18.32,1258300
2018-08-24,18.34,18.35,18.28,18.34,953500
2018-08-27,18.36,18.5,18.36,18.45,1867000
2018-08-28,18.46,18.53,18.44,18.5,2139800
2018-08-29,18.5,18.57,18.44,18.5,2072900
2018-08-30,18.52,18.6,18.44,18.55,2189100
2018-08-31,18.53,18.6,18.51,18.57,1440400
2018-09-04,18.55,18.68,18.5,18.55,3189600
2018-09-05,18.55,18.7,18.55,18.68,2894300
2018-09-06,18.7,18.75,18.62,18.67,2602300
2018-09-07,18.65,18.68,18.45,18.5,2540000
2018-09-10,18.55,18.58,18.5,18.55,2368200
2018-09-11,18.55,18.62,18.53,18.56,3464700
2018-09-12,18.55,18.56,18.22,18.28,3089100
2018-09-13,18.34,18.46,18.3,18.35,2923600
2018-09-14,18.37,18.37,18.11,18.24,3159900
2018-09-17,18.25,18.25,18.14,18.18,2524800
2018-09-18,18.15,18.19,18.11,18.14,2846500
2018-09-19,18.18,18.19,18.06,18.09,2743000
2018-09-20,18.14,18.16,17.94,18.07,3337200
2018-09-21,18.1,18.2,18.05,18.16,5458600
2018-09-24,18.21,18.32,18.17,18.23,3635400
2018-09-25,18.28,18.3,18.0,18.09,3976300
2018-09-26,18.12,18.12,17.94,17.98,3538600
2018-09-27,18.0,18.3,18.0,18.18,3443000
2018-09-28,17.77,17.9,17.74,17.82,2781500
2018-10-01,17.8,17.88,17.67,17.78,3326900
2018-10-02,17.75,17.9,17.74,17.81,2222100
2018-10-03,17.79,17.9,17.75,17.75,2766300
2018-10-04,17.74,17.77,17.48,17.65,5951100
2018-10-05,17.71,17.73,17.55,17.57,2643300
2018-10-08,17.57,17.81,17.53,17.8,3185500
2018-10-09,17.83,18.05,17.77,18.0,2838400
2018-10-10,18.01,18.11,17.59,17.6,3640700
2018-10-11,17.56,17.67,17.3,17.31,3619500
2018-10-12,17.53,17.56,17.21,17.34,3206900
2018-10-15,17.37,17.6,17.37,17.51,2028200
2018-10-16,17.59,17.77,17.5,17.7,2040800
2018-10-17,17.7,17.98,17.7,17.96,2871400
2018-10-18,17.98,18.08,17.78,17.84,2030400
2018-10-19,17.82,18.02,17.82,17.91,1781700
2018-10-22,17.97,18.05,17.89,17.9,2061400
2018-10-23,17.8,17.84,17.47,17.65,2826200
2018-10-24,17.68,17.89,17.59,17.65,2949900
2018-10-25,17.75,18.04,17.58,17.95,3321200
2018-10-26,17.89,17.91,17.33,17.46,4687600
2018-10-29,17.61,17.95,17.36,17.47,3631100
2018-10-30,17.46,17.75,17.39,17.73,3622900
2018-10-31,17.78,18.0,17.78,17.88,4267900
2018-11-01,17.32,17.35,17.09,17.13,26482100
2018-11-02,17.19,17.3,17.13,17.22,10042400
2018-11-05,17.25,17.49,17.25,17.3,9297800
2018-11-06,17.31,17.36,17.16,17.26,6022800
2018-11-07,17.31,17.39,17.17,17.37,5506400
2018-11-08,17.37,17.47,17.35,17.41,4455900
2018-11-09,17.41,17.63,17.29,17.63,6973700
2018-11-12,17.66,17.82,17.56,17.65,7063600
2018-11-13,17.71,17.81,17.67,17.72,4776700
2018-11-14,17.77,17.81,17.61,17.76,4441700
2018-11-15,17.63,17.68,17.26,17.29,6258900
2018-11-16,17.29,17.33,17.19,17.26,3819100
2018-11-19,17.25,17.38,17.11,17.2,3357000
2018-11-20,17.09,17.11,16.57,16.68,7921400
2018-11-21,16.7,16.82,16.64,16.71,4096300
2018-11-23,16.74,16.9,16.71,16.77,1097000
2018-11-26,16.89,17.04,16.87,17.04,2299000
2018-11-27,17.05,17.18,17.02,17.04,2681400
2018-11-28,17.06,17.25,17.01,17.2,2389200
2018-11-29,17.17,17.38,17.13,17.3,2593300
2018-11-30,17.25,17.3,17.04,17.2,4573300
2018-12-03,17.29,17.42,17.19,17.42,3542900
2018-12-04,17.39,17.47,17.05,17.07,3297000
2018-12-06,17.0,17.04,16.68,17.02,6243200
2018-12-07,17.03,17.06,16.8,16.9,3269600
2018-12-10,16.9,16.93,16.53,16.68,3856900
2018-12-11,16.76,16.8,16.29,16.29,5209100
2018-12-12,16.35,16.41,16.11,16.11,6968600
2018-12-13,16.16,16.16,15.53,15.57,11649600
2018-12-14,15.55,15.95,15.51,15.68,6013300
2018-12-17,15.68,15.73,14.95,14.98,9935000
2018-12-18,15.1,15.43,15.09,15.2,6629000
2018-12-19,15.26,15.34,14.89,14.9,7526100
2018-12-20,14.9,14.93,14.06,14.31,10696000
2018-12-21,14.42,14.81,14.31,14.41,9428100
2018-12-24,14.35,14.4,13.86,14.0,4335500
2018-12-26,14.09,14.91,14.09,14.91,5945000
2018-12-27,14.83,15.0,14.4,14.98,7456800
2018-12-28,14.52,14.63,14.42,14.49,4499100
2018-12-31,14.5,14.55,14.1,14.21,5595100
2019-01-02,14.14,14.41,14.03,14.33,3245000
2019-01-03,14.25,14.53,14.21,14.36,3455200
2019-01-04,14.44,14.87,14.44,14.8,3846300
2019-01-07,14.89,15.35,14.87,15.08,4843000
2019-01-08,15.19,15.32,15.11,15.23,3425500
2019-01-09,15.34,15.66,15.34,15.64,5325400
2019-01-10,15.6,15.79,15.52,15.73,3636600
2019-01-11,15.79,15.8,15.61,15.78,2796800
2019-01-14,15.75,15.93,15.72,15.83,3224600
2019-01-15,15.87,15.96,15.79,15.89,3586800
2019-01-16,15.96,16.12,15.95,15.99,2828000
2019-01-17,16.05,16.14,16.0,16.09,3169000
2019-01-18,16.14,16.27,16.11,16.18,3239600
2019-01-22,16.2,16.27,16.03,16.17,3160300
2019-01-23,16.22,16.37,16.16,16.35,3175000
2019-01-24,16.36,16.49,16.35,16.46,2523600
2019-01-25,16.56,16.66,16.55,16.65,3084500
2019-01-28,16.63,16.79,16.54,16.7,3776000
2019-01-29,16.74,16.83,16.7,16.82,2409500
2019-01-30,16.84,16.92,16.75,16.89,3366700
2019-01-31,16.88,16.98,16.81,16.98,2955900
2019-02-01,16.98,17.04,16.87,16.98,3786200
2019-02-04,17.0,17.05,16.87,17.04,2659500
2019-02-05,17.05,17.1,16.93,17.06,2867600
2019-02-06,17.03,17.05,16.92,16.98,2406800
2019-02-07,16.93,17.01,16.73,16.85,3309900
2019-02-08,16.82,16.87,16.64,16.74,3092200
2019-02-11,16.77,16.89,16.67,16.8,2708600
2019-02-12,16.91,17.34,16.9,17.17,5960500
2019-02-13,17.17,17.25,16.95,17.09,3225500
2019-02-14,17.04,17.11,16.87,17.03,3172200
2019-02-15,17.11,17.14,16.95,17.12,3044600
2019-02-19,17.11,17.19,17.02,17.02,4576100
2019-02-20,16.45,16.49,16.35,16.4,37112000
2019-02-21,16.41,16.65,16.39,16.57,15087100
2019-02-22,16.6,16.61,16.4,16.54,12242000
2019-02-25,16.6,16.7,16.45,16.53,7194800
2019-02-26,16.57,16.63,16.52,16.54,6747100
2019-02-27,16.55,16.63,16.41,16.55,4662900
2019-02-28,16.54,16.65,16.46,16.54,4701700
2019-03-01,16.58,16.66,16.51,16.56,7311400
2019-03-04,16.63,16.72,16.51,16.68,5005200
2019-03-05,16.68,16.7,16.55,16.56,3268700
2019-03-06,16.56,16.64,16.45,16.49,4505300
2019-03-07,16.49,16.53,16.37,16.42,3585200
2019-03-08,16.36,16.48,16.25,16.38,3118900
2019-03-11,16.47,16.63,16.46,16.62,3656700
2019-03-12,16.64,16.76,16.63,16.66,3000200
2019-03-13,16.69,16.8,16.68,16.71,3424600
2019-03-14,16.74,16.86,16.72,16.8,3556200
2019-03-15,16.78,16.84,16.73,16.82,4922400
2019-03-18,16.81,16.96,16.79,16.95,2710900
2019-03-19,16.99,17.02,16.82,16.86,4806800
2019-03-20,16.87,16.92,16.71,16.73,5456300
2019-03-21,16.74,16.96,16.74,16.9,4382400
2019-03-22,16.89,16.89,16.57,16.59,5037900
2019-03-25,16.59,16.74,16.5,16.66,3247400
2019-03-26,16.72,16.86,16.72,16.77,3743800
2019-03-27,16.9,17.03,16.86,16.91,4132200
2019-03-28,16.93,17.0,16.87,17.0,4516000
2019-03-29,17.01,17.06,16.87,16.91,4679500
2019-04-01,17.01,17.18,16.98,17.17,5904300
2019-04-02,17.25,17.26,17.07,17.17,5522200
2019-04-03,16.79,16.79,16.53,16.6,5672200
2019-04-04,16.57,16.68,16.53,16.68,3128200
2019-04-05,16.68,16.7,16.64,16.69,3491300
2019-04-08,16.65,16.75,16.61,16.74,3472800
2019-04-09,16.72,16.72,16.61,16.62,2416200
2019-04-10,16.66,16.68,16.58,16.61,2795600
2019-04-11,16.65,16.67,16.56,16.57,2203600
2019-04-12,16.61,16.64,16.52,16.61,3146500
2019-04-15,16.6,16.65,16.52,16.56,2065800
2019-04-16,16.58,16.71,16.58,16.66,2308100
2019-04-17,16.69,16.7,16.6,16.66,2199700
2019-04-18,16.68,16.75,16.61,16.71,1856600
2019-04-22,16.69,16.7,16.55,16.63,2517000
2019-04-23,16.65,16.79,16.64,16.75,3424600
2019-04-24,16.78,16.89,16.77,16.87,2660900
2019-04-25,16.89,16.89,16.72,16.72,2450200
2019-04-26,16.85,16.85,16.72,16.83,2904600
2019-04-29,16.84,16.87,16.73,16.75,2736100
2019-04-30,16.75,16.81,16.67,16.81,3069600
2019-05-01,16.75,17.05,16.7,16.79,5600000
2019-05-02,16.8,16.86,16.62,16.66,3453800
2019-05-03,16.68,16.72,16.55,16.6,3141000
2019-05-06,16.55,16.7,16.42,16.67,2864500
2019-05-07,16.7,16.78,16.64,16.74,3130400
2019-05-08,16.7,16.84,16.66,16.76,2955500
2019-05-09,16.71,16.71,16.44,16.65,3565400
2019-05-10,16.61,16.8,16.54,16.78,2298600
2019-05-13,16.64,16.67,16.49,16.55,2520700
2019-05-14,16.58,16.7,16.53,16.67,2013000
2019-05-15,16.63,16.71,16.58,16.68,1741500
2019-05-16,16.73,16.82,16.69,16.76,1849000
2019-05-17,16.75,16.75,16.61,16.62,2068100
2019-05-20,16.62,16.64,16.51,16.53,1965500
2019-05-21,16.59,16.63,16.56,16.6,1728500
2019-05-22,16.6,16.65,16.5,16.59,2717600
2019-05-23,16.52,16.58,16.47,16.52,2397200
2019-05-24,16.57,16.6,16.49,16.52,2486900
2019-05-28,16.55,16.61,16.4,16.4,2254900
2019-05-29,16.38,16.42,15.9,15.98,5836200
2019-05-30,16.0,16.06,15.56,15.59,4997700
2019-05-31,15.41,15.41,14.84,15.25,7630000
2019-06-03,15.25,15.64,15.22,15.48,3171600
2019-06-04,15.56,15.87,15.52,15.85,2995400
2019-06-05,15.98,16.07,15.66,15.72,3352700
2019-06-06,15.75,15.79,15.5,15.74,2347000
2019-06-07,15.53,15.65,15.02,15.13,10013300
2019-06-10,15.09,15.39,14.91,15.32,5426700
2019-06-11,15.38,15.5,15.31,15.36,2686500
2019-06-12,15.43,15.58,15.4,15.42,2424800
2019-06-13,15.45,15.6,15.43,15.55,2558600
2019-06-14,15.56,15.6,15.45,15.46,2423700
2019-06-17,15.49,15.69,15.49,15.58,2018100
2019-06-18,15.67,15.98,15.65,15.77,3183100
2019-06-19,15.85,15.9,15.76,15.84,2903000
2019-06-20,15.9,15.96,15.53,15.83,5014200
2019-06-21,15.83,15.93,15.71,15.89,3431800
2019-06-24,15.95,16.06,15.9,16.01,3197000
2019-06-25,16.08,16.08,15.63,15.64,5392100
2019-06-26,15.68,15.83,15.68,15.72,3605400
2019-06-27,15.78,15.89,15.73,15.84,3232200
2019-06-28,15.43,15.54,15.35,15.39,4490900
2019-07-01,15.48,15.56,15.33,15.46,3124000
2019-07-02,15.43,15.48,15.22,15.33,3587900
2019-07-03,15.25,15.45,15.24,15.42,1923500
2019-07-05,15.4,15.57,15.33,15.56,1960600
2019-07-08,15.55,15.64,15.36,15.4,3071200
2019-07-09,15.36,15.44,15.22,15.3,3458100
2019-07-10,15.33,15.4,15.25,15.3,3705700
2019-07-11,15.3,15.36,15.21,15.29,2985300
2019-07-12,15.3,15.47,15.28,15.41,3593300
2019-07-15,15.45,15.51,15.42,15.45,2167600
2019-07-16,15.45,15.47,15.21,15.37,3006800
2019-07-17,15.33,15.35,15.23,15.28,2129800
2019-07-18,15.22,15.25,15.0,15.04,4823000
2019-07-19,15.04,15.32,15.03,15.18,3263500
2019-07-22,15.19,15.23,15.11,15.17,2227600
2019-07-23,15.16,15.36,15.16,15.34,1933200
2019-07-24,15.35,15.53,15.34,15.49,3358900
2019-07-25,15.49,15.54,15.28,15.38,2547200
2019-07-26,15.46,15.55,15.39,15.54,2514400
2019-07-29,15.54,15.67,15.51,15.51,3917600
2019-07-30,15.32,15.79,15.27,15.68,5002000
2019-07-31,15.7,15.88,15.65,15.69,3778000
2019-08-01,15.68,15.72,15.46,15.48,3489500
2019-08-02,15.48,15.51,15.31,15.37,2253700
2019-08-05,15.19,15.22,14.72,14.92,5966800
2019-08-06,15.02,15.1,14.93,15.09,3625300
2019-08-07,15.0,15.15,14.76,15.06,3564900
2019-08-08,15.03,15.31,14.93,15.27,3579800
2019-08-09,15.23,15.26,14.87,14.99,3539700
2019-08-12,14.9,14.92,14.45,14.46,5411000
2019-08-13,14.39,14.64,14.39,14.52,5451600
2019-08-14,14.37,14.42,14.02,14.06,7203200
2019-08-15,14.12,14.19,13.91,13.96,4277300
2019-08-16,14.0,14.28,14.0,14.16,2664800
2019-08-19,14.27,14.31,14.18,14.26,2410300
2019-08-20,14.23,14.29,14.12,14.14,1762100
2019-08-21,14.3,14.55,14.29,14.42,4720500
2019-08-22,14.43,14.48,14.33,14.48,2945200
2019-08-23,14.4,14.51,14.14,14.15,4061400
2019-08-26,14.22,14.27,14.14,14.21,2841700
2019-08-27,14.25,14.27,13.86,13.91,4636000
2019-08-28,13.85,13.99,13.63,13.96,3824600
2019-08-29,14.06,14.08,13.96,14.06,3285000
2019-08-30,14.13,14.18,14.05,14.07,3101000
2019-09-03,14.0,14.04,13.87,13.98,3583300
2019-09-04,14.03,14.15,14.01,14.1,2171900
2019-09-05,14.16,14.38,14.15,14.31,2584500
2019-09-06,14.47,14.59,14.34,14.51,3886400
2019-09-09,14.55,14.82,14.55,14.81,3799500
2019-09-10,14.9,15.08,14.84,15.06,3741300
2019-09-11,15.14,15.19,14.97,15.11,3444200
2019-09-12,15.1,15.11,14.91,14.98,2728000
2019-09-13,15.02,15.16,15.01,15.11,2836400
2019-09-16,15.07,15.17,15.02,15.11,2061500
2019-09-17,15.06,15.07,14.96,15.05,2123200
2019-09-18,15.05,15.07,14.94,14.98,2317600
2019-09-19,15.05,15.22,15.01,15.16,2912500
2019-09-20,15.16,15.27,15.12,15.21,5323400
2019-09-23,15.18,15.34,15.18,15.23,3202100
2019-09-24,15.35,15.6,15.31,15.33,5317200
2019-09-25,15.33,15.57,15.32,15.42,2933900
2019-09-26,15.47,15.6,15.47,15.58,3408400
2019-09-27,15.6,15.78,15.55,15.59,3698500
2019-09-30,15.6,15.73,15.57,15.68,4436000
2019-10-01,15.7,15.83,15.36,15.45,5755600
2019-10-02,14.93,14.93,14.56,14.76,5039000
2019-10-03,14.7,14.82,14.47,14.69,5537000
2019-10-04,14.66,14.76,14.6,14.76,2665000
2019-10-07,15.01,15.01,14.83,14.91,4311000
2019-10-08,14.85,14.91,14.75,14.81,3555300
2019-10-09,14.88,15.0,14.85,14.98,2220100
2019-10-10,15.0,15.24,14.99,15.21,3249400
2019-10-11,15.39,15.5,15.39,15.4,3787500
2019-10-14,15.39,15.4,15.22,15.33,1666200
2019-10-15,15.33,15.54,15.33,15.44,2780600
2019-10-16,15.44,15.47,15.39,15.41,1756000
2019-10-17,15.42,15.52,15.39,15.5,1992000
2019-10-18,15.49,15.55,15.44,15.49,2126000
2019-10-21,15.5,15.7,15.5,15.68,2367400
2019-10-22,15.68,15.85,15.58,15.83,2474300
2019-10-23,15.85,15.89,15.69,15.82,2530100
2019-10-24,15.8,15.82,15.64,15.77,2447000
2019-10-25,15.82,16.07,15.61,15.68,5779000
2019-10-28,15.68,15.74,15.57,15.68,3652700
2019-10-29,15.68,15.91,15.68,15.8,2958100
2019-10-30,15.75,15.79,15.64,15.72,2415000
2019-10-31,15.88,15.95,15.66,15.84,3595400
2019-11-01,15.85,16.08,15.84,15.98,3255200
2019-11-04,16.01,16.1,16.0,16.05,2895600
2019-11-05,16.05,16.07,15.95,15.98,3015400
2019-11-06,15.94,16.06,15.84,16.03,1767800
2019-11-07,16.1,16.18,16.07,16.13,2449000
2019-11-08,16.11,16.22,16.05,16.21,3024900
2019-11-11,16.17,16.22,16.11,16.12,1855800
2019-11-12,16.11,16.2,16.03,16.12,2165600
2019-11-13,16.03,16.1,15.9,16.05,2625500
2019-11-14,15.9,15.94,15.13,15.24,11014700
2019-11-15,15.3,15.42,15.05,15.2,6653500
2019-11-18,15.19,15.53,15.16,15.34,3985800
2019-11-19,15.33,15.39,15.26,15.32,2960500
2019-11-20,15.31,15.48,15.24,15.41,3033300
2019-11-21,15.43,15.45,15.33,15.39,1827100
2019-11-22,15.38,15.46,15.33,15.35,1917500
2019-11-25,15.36,15.53,15.36,15.49,3476900
2019-11-26,15.54,15.57,15.45,15.5,2226800
2019-11-27,15.5,15.55,15.41,15.47,2098700
2019-11-29,15.51,15.56,15.47,15.5,1210000
2019-12-02,15.56,15.77,15.54,15.69,4059400
2019-12-03,15.65,15.77,15.55,15.76,2523900
2019-12-04,15.73,15.84,15.7,15.78,3589800
2019-12-05,15.78,15.79,15.66,15.71,2667900
2019-12-06,15.72,15.87,15.72,15.81,2176800
2019-12-09,15.83,15.87,15.71,15.81,2561700
2019-12-10,15.76,15.9,15.7,15.75,4218900
2019-12-11,15.71,15.75,15.59,15.63,3434200
2019-12-12,15.64,15.79,15.64,15.73,2118300
2019-12-13,15.75,15.85,15.68,15.7,3132100
2019-12-16,15.77,15.87,15.73,15.75,9848100
2019-12-17,15.89,16.32,15.86,16.23,6306500
2019-12-18,16.2,16.31,16.11,16.24,4078700
2019-12-19,16.28,16.45,16.26,16.45,4381900
2019-12-20,16.46,16.61,16.37,16.49,4498700
2019-12-23,16.6,16.6,16.44,16.48,3318300
2019-12-24,16.5,16.57,16.38,16.52,1387200
2019-12-26,16.55,16.71,16.55,16.65,3036500
2019-12-27,16.69,16.73,16.6,16.67,4111300
2019-12-30,16.23,16.3,16.02,16.04,3681700
2019-12-31,16.05,16.21,16.05,16.11,3264000
2020-01-02,16.16,16.27,16.1,16.27,2938600
2020-01-03,16.15,16.24,16.08,16.14,2560000
2020-01-06,16.1,16.23,16.07,16.21,3952600
2020-01-07,16.16,16.27,16.15,16.22,2089900
2020-01-08,16.23,16.29,16.17,16.25,2481900
2020-01-09,16.27,16.4,16.22,16.34,6909400
2020-01-10,16.37,16.46,16.31,16.41,3834700
2020-01-13,16.43,16.49,16.38,16.44,2911200
2020-01-14,16.45,16.53,16.43,16.48,2144300
2020-01-15,16.48,16.68,16.47,16.54,2568000
2020-01-16,16.63,16.72,16.6,16.67,10174000
2020-01-17,16.7,16.74,16.64,16.7,2728800
2020-01-21,16.7,16.81,16.67,16.74,3033300
2020-01-22,16.8,16.83,16.63,16.72,3200500
2020-01-23,16.67,16.71,16.48,16.68,3425200
2020-01-24,16.68,16.74,16.43,16.5,3135200
2020-01-27,16.35,16.47,16.27,16.4,2913500
2020-01-28,16.47,16.68,16.45,16.63,2593500
2020-01-29,16.7,16.75,16.65,16.72,2284100
2020-01-30,16.67,16.82,16.66,16.8,2615200
2020-01-31,16.85,16.92,16.72,16.74,5790500
2020-02-03,16.76,16.95,16.7,16.81,4780700
2020-02-04,16.9,16.98,16.77,16.84,3854900
2020-02-05,16.94,17.05,16.88,16.95,5596700
2020-02-06,17.23,17.63,17.1,17.48,12284700
2020-02-07,17.47,17.54,17.22,17.24,4798400
2020-02-10,17.31,17.41,17.16,17.28,4972800
2020-02-11,17.3,17.53,17.26,17.41,4206200
2020-02-12,17.46,17.57,17.4,17.46,4909900
2020-02-13,17.51,17.6,17.43,17.5,4507900
2020-02-14,17.5,17.63,17.45,17.63,2917300
2020-02-18,17.58,17.64,17.51,17.59,4714100
2020-02-19,17.65,17.66,17.46,17.53,4774800
2020-02-20,17.53,17.6,17.46,17.6,4231200
2020-02-21,17.58,17.59,17.37,17.44,5281900
2020-02-24,17.04,17.25,16.88,17.18,5732600
2020-02-25,17.2,17.33,16.6,16.69,7494600
2020-02-26,16.69,17.08,16.64,16.76,5441200
2020-02-27,16.53,16.59,15.78,15.98,12195100
2020-02-28,15.33,15.77,15.13,15.56,12680300
2020-03-02,15.68,16.54,15.68,16.54,7946000
2020-03-03,16.57,16.83,15.98,16.19,7343600
2020-03-04,16.36,16.56,16.2,16.44,9342500
2020-03-05,16.21,16.37,15.99,16.11,7191100
2020-03-06,15.75,15.83,15.24,15.71,6443100
2020-03-09,14.4,14.85,14.05,14.07,10028300
2020-03-10,14.87,14.87,13.99,14.59,5518400
2020-03-11,14.26,14.26,13.56,13.75,9067600
2020-03-12,11.77,12.09,10.9,11.61,17911400
2020-03-13,13.5,13.51,11.5,12.09,10461300
2020-03-16,10.5,11.18,10.13,10.56,9971700
2020-03-17,10.69,10.74,9.01,9.85,13830700
2020-03-18,9.07,9.16,4.36,5.73,26043000
2020-03-19,6.4,7.5,5.07,6.75,20996900
2020-03-20,7.73,9.15,6.91,7.01,19506900
2020-03-23,7.03,7.08,5.05,5.29,27053900
2020-03-24,6.01,6.04,4.52,4.57,33231100
2020-03-25,5.1,5.97,4.52,5.19,29099200
2020-03-26,5.7,8.1,5.54,7.26,41008800
2020-03-27,7.22,7.71,6.8,6.88,20416700
2020-03-30,6.5,6.55,5.29,5.97,15734900
2020-03-31,5.41,5.85,4.72,5.01,29014700
2020-04-01,4.64,4.89,4.28,4.36,21590200
2020-04-02,4.37,4.66,4.24,4.26,13854500
2020-04-03,4.18,4.19,2.91,3.33,40110000
2020-04-06,3.76,3.87,3.33,3.43,23784400
2020-04-07,3.85,4.73,3.7,3.96,34466400
2020-04-08,4.37,5.27,4.12,5.11,29367900
2020-04-09,5.95,6.83,5.35,5.75,33685800
2020-04-13,5.97,5.98,5.05,5.34,20626800
2020-04-14,5.46,5.73,5.01,5.21,13924800
2020-04-15,4.89,4.99,4.65,4.85,10120400
2020-04-16,4.83,4.9,4.54,4.67,9905800
2020-04-17,4.95,5.57,4.86,5.34,18509100
2020-04-20,5.03,5.29,4.85,5.02,10200300
2020-04-21,4.84,5.91,4.79,5.85,22190300
2020-04-22,6.16,6.36,5.4,5.53,16764500
2020-04-23,5.48,5.88,5.46,5.52,8731700
2020-04-24,5.38,5.39,4.95,5.22,15316600
2020-04-27,5.25,5.71,5.07,5.55,11132800
2020-04-28,5.9,6.06,5.57,5.9,12506100
2020-04-29,6.16,6.77,6.06,6.56,14745400
2020-04-30,6.45,6.49,5.96,6.09,11582900
2020-05-01,5.89,6.06,5.62,5.85,9148200
2020-05-04,5.56,6.07,5.45,6.06,12586300
2020-05-05,6.85,7.11,6.45,6.52,23667600
2020-05-06,6.5,6.79,6.07,6.11,11647000
2020-05-07,6.22,6.55,6.12,6.27,9552500
2020-05-08,6.38,6.64,6.31,6.6,8200700
2020-05-11,6.43,6.47,6.26,6.31,8181000
2020-05-12,6.38,6.45,6.02,6.11,9112400
2020-05-13,6.0,6.04,5.45,5.66,14271100
2020-05-14,5.49,6.11,5.3,6.09,10204400
2020-05-15,5.95,6.19,5.86,5.91,9701900
2020-05-18,6.22,6.32,5.92,6.11,12867400
2020-05-19,6.1,6.3,5.78,6.13,11023000
2020-05-20,6.37,6.83,6.31,6.68,12596300
2020-05-21,6.69,7.15,6.63,6.96,16200800
2020-05-22,7.0,7.04,6.7,7.0,6926900
2020-05-26,7.27,7.52,7.15,7.37,8502300
2020-05-27,7.67,7.82,7.21,7.63,9973600
2020-05-28,7.69,8.04,7.45,7.54,9372000
2020-05-29,7.35,7.51,7.13,7.17,10286600
2020-06-01,7.08,7.61,7.01,7.5,7373000
2020-06-02,7.6,7.73,7.31,7.42,6860800
2020-06-03,7.6,8.11,7.58,7.88,9595500
2020-06-04,7.88,8.41,7.75,8.26,10127300
2020-06-05,9.05,9.42,8.37,8.44,12128200
2020-06-08,8.95,9.06,8.61,8.9,17659700
2020-06-09,8.58,9.1,8.36,8.56,9251000
2020-06-10,8.65,8.65,7.92,7.93,11593500
2020-06-11,7.25,7.67,6.9,7.27,11157300
2020-06-12,7.78,7.83,7.28,7.71,6820100
2020-06-15,7.3,8.03,7.11,7.9,9711100
2020-06-16,8.49,8.49,7.73,7.97,7245200
2020-06-17,7.97,8.0,7.64,7.71,5437500
2020-06-18,7.6,7.91,7.51,7.63,4333000
2020-06-19,7.68,7.98,7.44,7.45,12761400
2020-06-22,7.41,7.5,7.3,7.41,5445200
2020-06-23,7.8,8.04,7.66,8.03,8322200
2020-06-24,7.85,7.89,7.13,7.38,8238500
2020-06-25,7.2,7.55,7.14,7.51,5465600
2020-06-26,7.44,7.5,7.08,7.14,6461900
2020-06-29,7.09,7.44,6.84,7.41,4777100
2020-06-30,7.38,7.5,7.27,7.43,4350800
2020-07-01,7.3,7.54,7.15,7.24,4868000
2020-07-02,7.36,7.36,6.9,6.9,6839400
2020-07-06,7.0,7.27,6.92,7.2,10921900
2020-07-07,7.15,7.15,6.79,6.8,5629200
2020-07-08,6.82,7.0,6.71,6.83,6085100
2020-07-09,6.82,6.84,6.38,6.49,6730200
2020-07-10,6.48,6.85,6.39,6.82,5697900
2020-07-13,6.85,6.99,6.69,6.7,5252800
2020-07-14,6.65,6.82,6.52,6.74,2991200
2020-07-15,6.95,7.35,6.93,7.3,7269300
2020-07-16,7.28,7.67,7.24,7.55,7222700
2020-07-17,7.56,7.83,7.52,7.71,6065800
2020-07-20,7.66,7.76,7.51,7.57,5245400
2020-07-21,7.57,7.97,7.52,7.89,6963600
2020-07-22,7.89,8.02,7.76,7.99,11336600
2020-07-23,7.95,8.19,7.73,7.8,6750300
2020-07-24,7.76,7.88,7.57,7.61,3711400
2020-07-27,7.67,7.83,7.6,7.77,3093400
2020-07-28,7.86,8.07,7.82,7.94,5554500
2020-07-29,8.01,8.17,7.97,8.15,4116300
2020-07-30,8.01,8.12,7.96,8.07,3872500
2020-07-31,8.1,8.15,7.75,7.93,4462800
2020-08-03,7.91,7.94,7.77,7.84,6414700
2020-08-04,7.84,7.86,7.74,7.79,3208100
2020-08-05,7.87,7.97,7.78,7.96,2906800
2020-08-06,7.91,8.16,7.85,7.99,4937600
2020-08-07,7.96,8.07,7.85,8.06,3614200
2020-08-10,8.08,8.49,8.07,8.39,5922700
2020-08-11,8.56,8.73,8.31,8.36,5924300
2020-08-12,8.5,8.51,8.06,8.17,4002100
2020-08-13,8.1,8.29,7.95,7.96,4497400
2020-08-14,7.95,8.24,7.91,8.17,2732100
2020-08-17,8.16,8.2,7.97,8.05,2325900
2020-08-18,8.05,8.14,7.83,7.9,3975500
2020-08-19,7.9,7.98,7.68,7.72,8021900
2020-08-20,7.71,8.0,7.61,7.86,5631200
2020-08-21,7.83,7.89,7.71,7.75,4550300
2020-08-24,7.77,8.04,7.66,8.01,5071600
2020-08-25,8.03,8.07,7.83,7.92,3639000
2020-08-26,7.93,8.0,7.74,7.74,3680600
2020-08-27,7.72,7.87,7.7,7.82,2899700
2020-08-28,7.84,7.92,7.78,7.9,2954000
2020-08-31,7.86,7.89,7.66,7.74,4102600
2020-09-01,7.64,7.81,7.58,7.65,2965200
2020-09-02,7.63,7.73,7.54,7.7,4379400
2020-09-03,7.73,7.84,7.47,7.55,6595500
2020-09-04,7.54,7.7,7.36,7.49,4459300
2020-09-08,7.45,7.61,7.4,7.46,3866700
2020-09-09,7.42,7.53,7.37,7.46,2682100
2020-09-10,7.45,7.61,7.33,7.33,3488700
2020-09-11,7.39,7.39,7.11,7.27,4287300
2020-09-14,7.3,7.97,7.29,7.96,6849100
2020-09-15,7.96,8.1,7.85,7.91,5201400
2020-09-16,7.95,8.18,7.85,8.12,4777900
2020-09-17,8.12,8.22,7.97,8.18,3935500
2020-09-18,8.16,8.17,8.0,8.11,6760300
2020-09-21,7.94,7.97,7.61,7.71,6038600
2020-09-22,7.73,7.83,7.63,7.69,2878900
2020-09-23,7.71,7.85,7.44,7.46,4289100
2020-09-24,7.72,7.73,7.42,7.59,5232300
2020-09-25,7.6,7.96,7.58,7.91,3775800
2020-09-28,8.03,8.27,8.01,8.19,4564700
2020-09-29,8.19,8.19,7.82,7.89,4211700
2020-09-30,7.92,8.12,7.86,7.95,3618500
2020-10-01,8.0,8.13,7.9,8.12,3825200
2020-10-02,7.79,8.19,7.75,8.18,5877800
2020-10-05,8.13,8.35,8.13,8.34,4145600
2020-10-06,8.35,8.53,8.16,8.18,8206300
2020-10-07,8.3,8.35,8.11,8.19,6302700
2020-10-08,8.25,8.46,8.25,8.42,3611100
2020-10-09,8.42,8.5,8.21,8.29,3198700
2020-10-12,8.29,8.39,8.27,8.38,2673800
2020-10-13,8.32,8.37,8.24,8.25,3570500
2020-10-14,8.26,8.37,8.21,8.21,2095700
2020-10-15,8.15,8.24,8.14,8.2,1780900
2020-10-16,8.17,8.25,8.1,8.15,3066000
2020-10-19,8.22,8.29,8.05,8.05,3312100
2020-10-20,8.21,8.43,8.16,8.43,6679900
2020-10-21,8.4,8.43,8.14,8.21,4439900
2020-10-22,8.19,8.47,8.19,8.47,5526700
2020-10-23,8.48,8.76,8.42,8.73,5001000
2020-10-26,8.33,8.53,7.85,7.92,12176200
2020-10-27,7.96,8.09,7.73,7.73,4324200
2020-10-28,7.62,7.68,7.37,7.4,5638400
2020-10-29,7.4,7.63,7.27,7.59,4359400
2020-10-30,7.56,7.56,7.3,7.5,5603800
2020-11-02,7.66,8.0,7.58,7.96,5354900
2020-11-03,8.07,8.17,7.96,8.0,3997000
2020-11-04,7.97,8.0,7.69,7.85,5029600
2020-11-05,7.89,8.08,7.87,7.98,3763700
2020-11-06,7.98,8.03,7.74,7.79,4163000
2020-11-09,8.19,8.32,8.07,8.21,8276200
2020-11-10,8.23,8.46,8.13,8.39,5500000
2020-11-11,8.38,8.46,8.18,8.22,3917300
2020-11-12,8.15,8.21,7.91,8.0,3545800
2020-11-13,8.09,8.35,8.06,8.33,3379200
2020-11-16,8.5,8.68,8.4,8.63,4746300
2020-11-17,8.48,8.65,8.43,8.62,2331700
2020-11-18,8.65,8.87,8.49,8.49,3190300
2020-11-19,8.49,8.62,8.36,8.62,4214200
2020-11-20,9.3,9.5,9.08,9.48,11737000
2020-11-23,9.63,9.84,9.48,9.76,6424900
2020-11-24,10.0,10.04,9.61,9.84,8304500
2020-11-25,9.84,9.86,9.63,9.71,4792700
2020-11-27,9.7,9.8,9.61,9.66,1888400
2020-11-30,9.63,9.65,9.2,9.26,6479000
2020-12-01,9.42,9.6,9.34,9.37,3513700
2020-12-02,9.32,9.52,9.25,9.5,2556000
2020-12-03,9.59,9.79,9.47,9.64,4928000
2020-12-04,9.75,9.85,9.7,9.75,5694000
2020-12-07,9.68,9.68,9.42,9.5,4568300
2020-12-08,9.46,9.64,9.42,9.56,3407800
2020-12-09,9.6,9.62,9.4,9.51,2532100
2020-12-10,9.39,9.47,9.32,9.42,2694400
2020-12-11,9.37,9.46,9.25,9.31,2328900
2020-12-14,9.42,9.58,9.36,9.39,2955900
2020-12-15,9.42,9.57,9.34,9.56,2466200
2020-12-16,9.58,9.64,9.49,9.6,2194200
2020-12-17,9.8,10.04,9.67,10.04,6069600
2020-12-18,10.21,10.25,9.8,9.95,8917600
2020-12-21,9.86,10.05,9.77,10.05,5036700
2020-12-22,10.1,10.13,9.91,9.93,2948600
2020-12-23,9.97,10.29,9.96,10.22,5295100
2020-12-24,10.23,10.26,10.02,10.11,1266300
2020-12-28,10.18,10.29,10.11,10.17,3371300
2020-12-29,10.18,10.2,9.85,9.95,6167700
2020-12-30,9.77,9.96,9.64,9.81,4852700
2020-12-31,9.8,9.98,9.74,9.94,3464500
2021-01-04,9.95,9.95,9.43,9.48,7254100
