date,open,high,low,close,volume
2020-11-18 09:30:00-05:00,45.6,45.6,45.44,45.44,0
2020-11-18 09:32:00-05:00,45.75,46.4,45.75,46.26,9940
2020-11-18 09:34:00-05:00,46.25,46.29,45.84,46.27,1612
2020-11-18 09:36:00-05:00,45.96,45.96,45.96,45.96,1006
2020-11-18 09:38:00-05:00,46.0,46.03,45.29,45.82,11620
2020-11-18 09:40:00-05:00,45.45,45.45,45.45,45.45,402
2020-11-18 09:42:00-05:00,45.88,46.03,45.61,45.61,5576
2020-11-18 09:44:00-05:00,45.74,45.99,45.74,45.94,672
2020-11-18 09:46:00-05:00,46.03,46.0488,46.025,46.0488,593
2020-11-18 09:50:00-05:00,45.44,45.44,45.44,45.44,107
2020-11-18 09:52:00-05:00,45.56,45.56,45.56,45.56,264
2020-11-18 09:54:00-05:00,45.37,45.37,45.085,45.215,1072
2020-11-18 09:56:00-05:00,45.15,45.22,45.15,45.22,732
2020-11-18 09:58:00-05:00,45.33,45.34,45.185,45.1975,1405
2020-11-18 10:00:00-05:00,45.24,45.255,45.21,45.21,431
2020-11-18 10:02:00-05:00,45.3,45.3,45.165,45.165,730
2020-11-18 10:04:00-05:00,45.21,45.34,45.21,45.31,929
2020-11-18 10:06:00-05:00,45.3494,45.35,45.32,45.34,1042
2020-11-18 10:10:00-05:00,45.42,45.42,45.4,45.4,221
2020-11-18 10:12:00-05:00,45.47,45.47,45.34,45.34,591
2020-11-18 10:14:00-05:00,45.25,45.25,45.0,45.0,548
2020-11-18 10:16:00-05:00,44.93,44.99,44.81,44.95,1468
2020-11-18 10:18:00-05:00,44.83,45.07,44.83,45.07,704
2020-11-18 10:20:00-05:00,44.96,45.18,44.96,45.18,708
2020-11-18 10:24:00-05:00,45.19,45.19,44.9,44.9,1595
2020-11-18 10:28:00-05:00,44.84,44.84,44.84,44.84,342
2020-11-18 10:30:00-05:00,44.74,44.74,44.74,44.74,141
2020-11-18 10:32:00-05:00,44.73,44.74,44.66,44.74,1040
2020-11-18 10:34:00-05:00,44.74,44.75,44.74,44.75,201
2020-11-18 10:36:00-05:00,44.69,44.8,44.645,44.8,2814
2020-11-18 10:40:00-05:00,44.765,44.765,44.765,44.765,287
2020-11-18 10:42:00-05:00,44.69,44.69,44.67,44.67,316
2020-11-18 10:44:00-05:00,44.68,44.709,44.68,44.705,945
2020-11-18 10:46:00-05:00,44.7,44.71,44.7,44.71,786
2020-11-18 10:48:00-05:00,44.72,44.72,44.72,44.72,147
2020-11-18 10:54:00-05:00,44.765,44.765,44.765,44.765,456
2020-11-18 11:00:00-05:00,44.815,44.845,44.78,44.78,742
2020-11-18 11:02:00-05:00,44.97,44.97,44.95,44.95,202
2020-11-18 11:04:00-05:00,45.005,45.005,44.82,44.82,1884
2020-11-18 11:06:00-05:00,44.73,44.73,44.72,44.72,700
2020-11-18 11:08:00-05:00,44.72,44.72,44.58,44.58,1067
2020-11-18 11:10:00-05:00,44.52,44.52,44.51,44.52,401
2020-11-18 11:12:00-05:00,44.52,44.53,44.37,44.37,13748
2020-11-18 11:14:00-05:00,44.43,44.5,44.37,44.37,2302
2020-11-18 11:16:00-05:00,44.31,44.35,44.3,44.35,600
2020-11-18 11:18:00-05:00,44.36,44.515,44.36,44.515,1357
2020-11-18 11:20:00-05:00,44.515,44.515,44.505,44.51,1017
2020-11-18 11:22:00-05:00,44.69,44.7,44.69,44.7,703
2020-11-18 11:24:00-05:00,44.7,44.93,44.7,44.93,621
2020-11-18 11:26:00-05:00,44.8,44.8,44.7,44.7,2188
2020-11-18 11:28:00-05:00,44.7,44.73,44.7,44.73,424
2020-11-18 11:30:00-05:00,44.74,44.74,44.7,44.7,503
2020-11-18 11:32:00-05:00,44.71,44.87,44.71,44.87,2145
2020-11-18 11:34:00-05:00,44.9,44.92,44.89,44.91,852
2020-11-18 11:36:00-05:00,44.89,44.935,44.86,44.87,933
2020-11-18 11:40:00-05:00,44.84,44.885,44.8,44.8,1320
2020-11-18 11:42:00-05:00,44.79,44.8,44.79,44.8,360
2020-11-18 11:44:00-05:00,44.83,44.83,44.83,44.83,346
2020-11-18 11:46:00-05:00,44.865,44.89,44.85,44.89,971
2020-11-18 11:50:00-05:00,44.9419,44.9419,44.9419,44.9419,133
2020-11-18 11:52:00-05:00,44.91,44.98,44.91,44.91,450
2020-11-18 11:54:00-05:00,44.86,44.86,44.82,44.82,943
2020-11-18 11:56:00-05:00,44.82,44.82,44.75,44.75,421
2020-11-18 11:58:00-05:00,44.72,44.72,44.72,44.72,123
2020-11-18 12:02:00-05:00,44.815,44.82,44.7675,44.7675,717
2020-11-18 12:04:00-05:00,44.815,44.815,44.8,44.8,422
2020-11-18 12:06:00-05:00,44.83,44.83,44.77,44.77,510
2020-11-18 12:08:00-05:00,44.76,44.77,44.7,44.77,1833
2020-11-18 12:10:00-05:00,44.76,44.77,44.7,44.7,1659
2020-11-18 12:12:00-05:00,44.73,44.77,44.73,44.74,842
2020-11-18 12:14:00-05:00,44.73,44.83,44.73,44.83,859
2020-11-18 12:16:00-05:00,44.83,44.83,44.75,44.75,3320
2020-11-18 12:18:00-05:00,44.76,44.76,44.73,44.73,314
2020-11-18 12:22:00-05:00,44.7,44.775,44.7,44.74,950
2020-11-18 12:24:00-05:00,44.77,44.83,44.77,44.83,563
2020-11-18 12:26:00-05:00,44.82,44.82,44.82,44.82,143
2020-11-18 12:28:00-05:00,44.79,44.79,44.78,44.78,209
2020-11-18 12:30:00-05:00,44.8,44.85,44.76,44.82,3084
2020-11-18 12:34:00-05:00,44.825,44.83,44.82,44.83,769
2020-11-18 12:36:00-05:00,44.845,44.92,44.78,44.8,4626
2020-11-18 12:38:00-05:00,44.83,44.83,44.81,44.81,609
2020-11-18 12:40:00-05:00,44.895,44.895,44.81,44.82,611
2020-11-18 12:42:00-05:00,44.8,44.84,44.79,44.81,2799
2020-11-18 12:44:00-05:00,44.83,44.85,44.79,44.81,830
2020-11-18 12:46:00-05:00,44.8,44.8,44.8,44.8,205
2020-11-18 12:48:00-05:00,44.78,44.83,44.78,44.81,503
2020-11-18 12:50:00-05:00,44.82,44.82,44.82,44.82,707
2020-11-18 12:52:00-05:00,44.82,44.82,44.81,44.81,333
2020-11-18 12:54:00-05:00,44.82,44.82,44.82,44.82,300
2020-11-18 12:56:00-05:00,44.86,44.95,44.86,44.88,1494
2020-11-18 12:58:00-05:00,44.85,44.91,44.85,44.91,202
2020-11-18 13:00:00-05:00,44.88,44.94,44.83,44.875,1113
2020-11-18 13:04:00-05:00,45.0,45.07,44.97,44.97,3201
2020-11-18 13:06:00-05:00,44.91,44.93,44.91,44.93,493
2020-11-18 13:08:00-05:00,45.0,45.0,44.93,44.96,1084
2020-11-18 13:10:00-05:00,44.95,45.0,44.95,45.0,1709
2020-11-18 13:12:00-05:00,45.0,45.0,45.0,45.0,111
2020-11-18 13:14:00-05:00,44.995,44.995,44.995,44.995,105
2020-11-18 13:16:00-05:00,44.99,45.01,44.97,45.0,1515
2020-11-18 13:18:00-05:00,45.01,45.01,44.97,44.97,2139
2020-11-18 13:20:00-05:00,45.01,45.055,45.01,45.055,1298
2020-11-18 13:22:00-05:00,45.04,45.07,45.01,45.01,1147
2020-11-18 13:24:00-05:00,45.05,45.05,44.93,44.97,3187
2020-11-18 13:28:00-05:00,44.89,44.95,44.86,44.86,1042
2020-11-18 13:30:00-05:00,44.84,44.87,44.83,44.87,956
2020-11-18 13:32:00-05:00,44.845,44.87,44.845,44.87,720
2020-11-18 13:34:00-05:00,44.86,44.86,44.84,44.84,452
2020-11-18 13:36:00-05:00,44.85,44.85,44.85,44.85,461
2020-11-18 13:38:00-05:00,44.82,44.82,44.66,44.66,1354
2020-11-18 13:40:00-05:00,44.68,44.71,44.68,44.71,400
2020-11-18 13:44:00-05:00,44.79,44.9,44.735,44.8,1408
2020-11-18 13:46:00-05:00,44.915,44.915,44.83,44.84,4413
2020-11-18 13:48:00-05:00,44.84,45.0,44.84,44.92,720
2020-11-18 13:50:00-05:00,44.84,44.89,44.83,44.86,1857
2020-11-18 13:52:00-05:00,44.86,44.9,44.83,44.855,8318
2020-11-18 13:54:00-05:00,44.88,44.93,44.88,44.93,495
2020-11-18 13:56:00-05:00,44.99,45.01,44.99,44.995,414
2020-11-18 13:58:00-05:00,44.995,45.05,44.99,45.015,1623
2020-11-18 14:00:00-05:00,45.05,45.05,44.93,44.93,2131
2020-11-18 14:02:00-05:00,44.91,44.91,44.91,44.91,212
2020-11-18 14:04:00-05:00,45.05,45.05,45.02,45.02,348
2020-11-18 14:06:00-05:00,45.02,45.13,44.96,45.02,3298
2020-11-18 14:08:00-05:00,45.04,45.04,45.01,45.04,365
2020-11-18 14:10:00-05:00,45.07,45.07,45.07,45.07,363
2020-11-18 14:12:00-05:00,45.0566,45.0566,45.0566,45.0566,588
2020-11-18 14:14:00-05:00,45.025,45.07,44.98,44.98,1960
2020-11-18 14:18:00-05:00,45.02,45.02,45.02,45.02,100
2020-11-18 14:20:00-05:00,44.975,44.975,44.975,44.975,100
2020-11-18 14:22:00-05:00,45.01,45.01,44.92,44.92,383
2020-11-18 14:24:00-05:00,44.975,45.1,44.975,45.1,7967
2020-11-18 14:26:00-05:00,45.16,45.26,45.06,45.25,2505
2020-11-18 14:28:00-05:00,45.26,45.48,45.26,45.48,1247
2020-11-18 14:30:00-05:00,45.4,45.41,45.4,45.41,690
2020-11-18 14:32:00-05:00,45.37,45.47,45.37,45.46,830
2020-11-18 14:34:00-05:00,45.55,45.63,45.54,45.54,1931
2020-11-18 14:38:00-05:00,45.55,45.58,45.55,45.58,820
2020-11-18 14:42:00-05:00,45.555,45.555,45.555,45.555,244
2020-11-18 14:44:00-05:00,45.51,45.56,45.34,45.36,2595
2020-11-18 14:46:00-05:00,45.35,45.35,45.24,45.305,1509
2020-11-18 14:48:00-05:00,45.2,45.24,45.2,45.24,404
2020-11-18 14:50:00-05:00,45.29,45.29,45.21,45.25,540
2020-11-18 14:54:00-05:00,45.24,45.24,45.15,45.15,620
2020-11-18 14:56:00-05:00,45.19,45.25,45.19,45.235,710
2020-11-18 14:58:00-05:00,45.17,45.17,45.025,45.05,3118
2020-11-18 15:00:00-05:00,45.08,45.08,44.91,44.91,10375
2020-11-18 15:02:00-05:00,45.01,45.01,44.93,44.93,839
2020-11-18 15:04:00-05:00,44.93,45.05,44.93,44.97,2593
2020-11-18 15:06:00-05:00,45.02,45.04,45.0,45.02,2635
2020-11-18 15:08:00-05:00,45.0,45.02,44.96,44.96,3540
2020-11-18 15:10:00-05:00,44.98,45.03,44.92,45.01,2854
2020-11-18 15:12:00-05:00,45.04,45.07,45.03,45.04,3300
2020-11-18 15:14:00-05:00,45.05,45.05,45.03,45.04,487
2020-11-18 15:16:00-05:00,45.16,45.17,45.095,45.14,1933
2020-11-18 15:18:00-05:00,45.18,45.18,45.14,45.15,1290
2020-11-18 15:20:00-05:00,45.12,45.16,45.08,45.16,1846
2020-11-18 15:22:00-05:00,45.16,45.16,45.13,45.15,1689
2020-11-18 15:24:00-05:00,45.09,45.09,45.09,45.09,1027
2020-11-18 15:26:00-05:00,45.09,45.13,45.02,45.13,1978
2020-11-18 15:28:00-05:00,45.13,45.23,45.13,45.16,1055
2020-11-18 15:30:00-05:00,45.135,45.185,45.1,45.1,2107
2020-11-18 15:32:00-05:00,45.1,45.115,45.07,45.11,1481
2020-11-18 15:34:00-05:00,45.08,45.11,45.04,45.04,1697
2020-11-18 15:36:00-05:00,45.04,45.07,45.02,45.07,749
2020-11-18 15:38:00-05:00,45.05,45.09,45.01,45.01,2834
2020-11-18 15:40:00-05:00,45.06,45.065,44.95,45.0,16881
2020-11-18 15:42:00-05:00,45.0,45.0,45.0,45.0,634
2020-11-18 15:44:00-05:00,44.96,45.0,44.95,45.0,3960
2020-11-18 15:46:00-05:00,44.955,45.0,44.955,44.965,2142
2020-11-18 15:48:00-05:00,45.0,45.13,44.975,45.13,5297
2020-11-18 15:50:00-05:00,45.37,45.38,45.03,45.085,4542
2020-11-18 15:52:00-05:00,45.13,45.13,44.9,44.945,3654
2020-11-18 15:54:00-05:00,44.92,44.94,44.92,44.92,865
2020-11-18 15:56:00-05:00,44.92,44.92,44.83,44.83,17061
2020-11-18 15:58:00-05:00,44.835,44.87,44.83,44.86,7204
2020-11-19 09:30:00-05:00,44.83,46.06,44.83,46.06,1914
2020-11-19 09:32:00-05:00,44.98,45.2,44.65,45.01,27756
2020-11-19 09:34:00-05:00,44.88,44.88,44.0,44.0,12132
2020-11-19 09:36:00-05:00,43.98,43.99,43.3901,43.61,3789
2020-11-19 09:38:00-05:00,43.36,44.24,43.06,43.45,6045
2020-11-19 09:40:00-05:00,43.44,43.93,43.44,43.93,603
2020-11-19 09:42:00-05:00,43.98,44.15,43.97,43.97,1503
2020-11-19 09:46:00-05:00,43.81,43.81,43.575,43.575,276
2020-11-19 09:48:00-05:00,43.66,43.68,43.66,43.67,379
2020-11-19 09:52:00-05:00,44.22,44.22,44.22,44.22,100
2020-11-19 09:54:00-05:00,43.73,43.73,43.73,43.73,339
2020-11-19 09:56:00-05:00,44.25,44.25,43.635,43.635,262
2020-11-19 10:00:00-05:00,44.18,44.18,43.85,44.15,607
2020-11-19 10:02:00-05:00,44.25,44.25,44.25,44.25,100
2020-11-19 10:04:00-05:00,44.05,44.05,43.94,44.0,1695
2020-11-19 10:06:00-05:00,44.04,44.215,43.99,43.99,881
2020-11-19 10:08:00-05:00,43.79,43.97,43.79,43.97,201
2020-11-19 10:10:00-05:00,43.89,44.02,43.89,44.01,1305
2020-11-19 10:12:00-05:00,43.85,44.09,43.85,43.975,923
2020-11-19 10:14:00-05:00,44.01,44.01,44.01,44.01,202
2020-11-19 10:16:00-05:00,43.87,43.98,43.87,43.98,334
2020-11-19 10:18:00-05:00,44.08,44.08,44.05,44.08,305
2020-11-19 10:22:00-05:00,44.25,44.25,44.25,44.25,136
2020-11-19 10:24:00-05:00,44.02,44.11,43.98,44.04,914
2020-11-19 10:26:00-05:00,44.03,44.03,44.03,44.03,240
2020-11-19 10:28:00-05:00,44.08,44.17,44.03,44.17,2084
2020-11-19 10:30:00-05:00,43.99,44.01,43.855,43.855,1700
2020-11-19 10:32:00-05:00,43.7,43.7,43.7,43.7,1000
2020-11-19 10:34:00-05:00,43.59,43.59,43.54,43.54,550
2020-11-19 10:36:00-05:00,43.59,43.64,43.55,43.55,590
2020-11-19 10:38:00-05:00,43.64,43.96,43.64,43.96,319
2020-11-19 10:40:00-05:00,43.68,43.72,43.68,43.72,569
2020-11-19 10:42:00-05:00,43.82,43.83,43.82,43.83,451
2020-11-19 10:44:00-05:00,43.85,44.1,43.85,44.1,669
2020-11-19 10:46:00-05:00,44.0,44.0,44.0,44.0,512
2020-11-19 10:48:00-05:00,44.03,44.03,43.84,43.84,1416
2020-11-19 10:50:00-05:00,43.73,43.81,43.73,43.81,615
2020-11-19 10:52:00-05:00,43.76,43.77,43.76,43.77,305
2020-11-19 11:00:00-05:00,43.9,43.9,43.76,43.76,200
2020-11-19 11:02:00-05:00,43.87,43.88,43.71,43.78,575
2020-11-19 11:06:00-05:00,43.94,44.05,43.91,43.91,300
2020-11-19 11:10:00-05:00,44.01,44.01,44.01,44.01,541
2020-11-19 11:18:00-05:00,44.06,44.06,44.06,44.06,239
2020-11-19 11:20:00-05:00,44.0,44.03,44.0,44.01,746
2020-11-19 11:22:00-05:00,44.01,44.1,44.01,44.06,3340
2020-11-19 11:24:00-05:00,44.07,44.07,44.07,44.07,131
2020-11-19 11:26:00-05:00,44.03,44.03,43.92,43.94,2024
2020-11-19 11:28:00-05:00,43.88,43.88,43.83,43.83,303
2020-11-19 11:30:00-05:00,43.82,43.88,43.82,43.88,245
2020-11-19 11:32:00-05:00,43.84,43.85,43.84,43.85,360
2020-11-19 11:34:00-05:00,43.81,43.81,43.75,43.75,903
2020-11-19 11:36:00-05:00,43.75,43.75,43.75,43.75,362
2020-11-19 11:38:00-05:00,43.7,43.7,43.55,43.55,1231
2020-11-19 11:40:00-05:00,43.6,43.6,43.56,43.56,392
2020-11-19 11:42:00-05:00,43.55,43.55,43.5,43.5,2131
2020-11-19 11:44:00-05:00,43.5,43.5,43.44,43.44,711
2020-11-19 11:46:00-05:00,43.44,43.5,43.44,43.5,1690
2020-11-19 11:48:00-05:00,43.46,43.46,43.44,43.44,558
2020-11-19 11:50:00-05:00,43.44,43.55,43.44,43.52,1877
2020-11-19 11:52:00-05:00,43.52,43.52,43.52,43.52,306
2020-11-19 11:54:00-05:00,43.49,43.5,43.49,43.5,274
2020-11-19 11:56:00-05:00,43.48,43.6089,43.48,43.6089,737
2020-11-19 11:58:00-05:00,43.52,43.52,43.52,43.52,349
2020-11-19 12:00:00-05:00,43.75,43.75,43.75,43.75,436
2020-11-19 12:04:00-05:00,43.58,43.86,43.58,43.86,672
2020-11-19 12:10:00-05:00,43.88,43.9,43.88,43.9,223
2020-11-19 12:14:00-05:00,44.19,44.19,44.19,44.19,121
2020-11-19 12:18:00-05:00,43.78,43.79,43.78,43.79,202
2020-11-19 12:20:00-05:00,43.91,43.91,43.91,43.91,357
2020-11-19 12:22:00-05:00,43.78,44.02,43.74,44.02,1510
2020-11-19 12:28:00-05:00,43.71,43.71,43.71,43.71,100
2020-11-19 12:30:00-05:00,43.71,43.71,43.63,43.64,1078
2020-11-19 12:32:00-05:00,43.63,43.63,43.63,43.63,233
2020-11-19 12:34:00-05:00,43.49,43.49,43.46,43.46,302
2020-11-19 12:36:00-05:00,43.48,43.48,43.47,43.47,203
2020-11-19 12:38:00-05:00,43.55,43.55,43.55,43.55,102
2020-11-19 12:40:00-05:00,43.63,43.63,43.63,43.63,672
2020-11-19 12:42:00-05:00,43.75,43.75,43.75,43.75,175
2020-11-19 12:44:00-05:00,43.67,43.67,43.67,43.67,100
2020-11-19 12:46:00-05:00,43.67,43.67,43.67,43.67,628
2020-11-19 12:48:00-05:00,43.75,43.75,43.75,43.75,309
2020-11-19 12:50:00-05:00,43.76,43.76,43.76,43.76,212
2020-11-19 12:54:00-05:00,43.78,43.78,43.58,43.58,2042
2020-11-19 12:56:00-05:00,43.59,43.59,43.55,43.55,821
2020-11-19 12:58:00-05:00,43.56,43.56,43.56,43.56,452
2020-11-19 13:00:00-05:00,43.5,43.59,43.5,43.59,572
2020-11-19 13:02:00-05:00,43.58,43.58,43.58,43.58,224
2020-11-19 13:06:00-05:00,43.75,43.75,43.75,43.75,100
2020-11-19 13:08:00-05:00,43.7,43.7,43.7,43.7,100
2020-11-19 13:12:00-05:00,43.55,43.56,43.53,43.53,1255
2020-11-19 13:14:00-05:00,43.53,43.53,43.53,43.53,103
2020-11-19 13:16:00-05:00,43.53,43.61,43.53,43.61,461
2020-11-19 13:18:00-05:00,43.6,43.6,43.6,43.6,171
2020-11-19 13:20:00-05:00,43.57,43.57,43.57,43.57,227
2020-11-19 13:24:00-05:00,43.66,43.75,43.64,43.75,605
2020-11-19 13:26:00-05:00,43.71,43.71,43.71,43.71,216
2020-11-19 13:30:00-05:00,43.8,43.8,43.8,43.8,100
2020-11-19 13:32:00-05:00,43.93,43.93,43.73,43.76,896
2020-11-19 13:34:00-05:00,43.7,43.7,43.6,43.7,1407
2020-11-19 13:36:00-05:00,43.61,43.72,43.6,43.71,1200
2020-11-19 13:38:00-05:00,43.755,43.77,43.73,43.755,1805
2020-11-19 13:40:00-05:00,43.75,43.77,43.75,43.77,2751
2020-11-19 13:42:00-05:00,43.8465,43.85,43.76,43.81,2184
2020-11-19 13:44:00-05:00,43.8,43.97,43.8,43.91,551
2020-11-19 13:46:00-05:00,43.84,43.96,43.84,43.96,730
2020-11-19 13:48:00-05:00,43.97,44.0711,43.895,43.95,4738
2020-11-19 13:50:00-05:00,43.91,44.0,43.9,43.92,2429
2020-11-19 13:52:00-05:00,43.93,43.93,43.87,43.92,1555
2020-11-19 13:54:00-05:00,43.92,43.92,43.87,43.87,448
2020-11-19 13:56:00-05:00,43.85,43.86,43.81,43.81,1311
2020-11-19 13:58:00-05:00,43.81,43.81,43.81,43.81,200
2020-11-19 14:00:00-05:00,43.77,43.77,43.77,43.77,100
2020-11-19 14:04:00-05:00,43.77,43.86,43.77,43.86,764
2020-11-19 14:06:00-05:00,43.84,43.84,43.82,43.82,658
2020-11-19 14:08:00-05:00,43.82,43.82,43.82,43.82,255
2020-11-19 14:12:00-05:00,44.0,44.0,44.0,44.0,101
2020-11-19 14:16:00-05:00,44.03,44.03,44.0,44.0,200
2020-11-19 14:18:00-05:00,44.0,44.0,44.0,44.0,111
2020-11-19 14:22:00-05:00,44.0,44.0,44.0,44.0,100
2020-11-19 14:24:00-05:00,43.92,43.92,43.92,43.92,323
2020-11-19 14:26:00-05:00,44.0,44.0,44.0,44.0,101
2020-11-19 14:32:00-05:00,44.0,44.0,43.92,43.95,830
2020-11-19 14:34:00-05:00,43.91,43.91,43.91,43.91,140
2020-11-19 14:36:00-05:00,43.95,43.96,43.95,43.96,748
2020-11-19 14:38:00-05:00,44.005,44.005,44.005,44.005,332
2020-11-19 14:42:00-05:00,44.005,44.005,44.005,44.005,310
2020-11-19 14:46:00-05:00,44.005,44.005,44.005,44.005,101
2020-11-19 14:50:00-05:00,43.92,44.0,43.92,43.99,786
2020-11-19 14:52:00-05:00,44.0,44.0,44.0,44.0,118
2020-11-19 14:56:00-05:00,44.0,44.05,43.92,43.93,1206
2020-11-19 15:00:00-05:00,44.0,44.0,44.0,44.0,149
2020-11-19 15:02:00-05:00,43.92,43.93,43.82,43.885,1597
2020-11-19 15:04:00-05:00,43.72,43.755,43.72,43.755,300
2020-11-19 15:06:00-05:00,43.71,43.71,43.66,43.66,734
2020-11-19 15:08:00-05:00,43.52,43.565,43.52,43.565,761
2020-11-19 15:12:00-05:00,43.5,43.51,43.45,43.5,1624
2020-11-19 15:14:00-05:00,43.51,43.63,43.51,43.63,1713
2020-11-19 15:16:00-05:00,43.615,43.64,43.25,43.25,13860
2020-11-19 15:18:00-05:00,43.2,43.22,43.0,43.02,7735
2020-11-19 15:20:00-05:00,43.02,43.15,43.0,43.02,4243
2020-11-19 15:22:00-05:00,43.02,43.04,42.95,42.95,2752
2020-11-19 15:24:00-05:00,42.85,42.85,42.85,42.85,973
2020-11-19 15:26:00-05:00,42.81,42.85,42.81,42.84,521
2020-11-19 15:28:00-05:00,42.91,42.93,42.62,42.64,4754
2020-11-19 15:30:00-05:00,42.66,42.83,42.66,42.83,352
2020-11-19 15:32:00-05:00,42.805,42.805,42.805,42.805,130
2020-11-19 15:34:00-05:00,42.75,42.9,42.71,42.9,2973
2020-11-19 15:36:00-05:00,42.9,43.01,42.9,43.01,1068
2020-11-19 15:38:00-05:00,42.94,43.01,42.94,43.0,403
2020-11-19 15:40:00-05:00,42.97,43.02,42.945,42.955,1715
2020-11-19 15:42:00-05:00,42.94,43.02,42.94,43.02,905
2020-11-19 15:44:00-05:00,43.01,43.03,43.0,43.03,2082
2020-11-19 15:46:00-05:00,43.05,43.05,42.95,42.995,6460
2020-11-19 15:48:00-05:00,43.03,43.04,42.71,42.77,5442
2020-11-19 15:50:00-05:00,42.84,42.85,42.74,42.76,1618
2020-11-19 15:52:00-05:00,42.77,42.905,42.7,42.74,4440
2020-11-19 15:54:00-05:00,42.725,42.75,42.715,42.74,1706
2020-11-19 15:56:00-05:00,42.75,42.75,42.68,42.7,5643
2020-11-19 15:58:00-05:00,42.7,42.77,42.69,42.69,15149
2020-11-20 09:30:00-05:00,42.68,43.39,42.68,42.68,14065
2020-11-20 09:32:00-05:00,42.69,42.69,41.0,41.6,19073
2020-11-20 09:34:00-05:00,41.6,41.6,40.69,40.69,1635
2020-11-20 09:36:00-05:00,40.9999,41.0,40.99,41.0,1278
2020-11-20 09:40:00-05:00,41.13,41.455,41.05,41.425,5175
2020-11-20 09:44:00-05:00,41.45,41.54,41.16,41.41,3445
2020-11-20 09:46:00-05:00,41.56,41.66,41.14,41.15,2401
2020-11-20 09:48:00-05:00,41.5,41.51,41.11,41.11,1110
2020-11-20 09:50:00-05:00,41.29,41.29,41.08,41.08,652
2020-11-20 09:52:00-05:00,41.05,41.265,41.05,41.055,511
2020-11-20 09:54:00-05:00,41.13,41.27,41.05,41.05,12552
2020-11-20 09:56:00-05:00,41.05,41.07,41.05,41.05,2841
2020-11-20 09:58:00-05:00,41.05,41.09,41.05,41.07,10768
2020-11-20 10:00:00-05:00,41.05,41.14,40.78,40.8095,25759
2020-11-20 10:02:00-05:00,40.94,41.11,40.805,40.97,2842
2020-11-20 10:04:00-05:00,40.98,41.09,40.98,41.06,1416
2020-11-20 10:06:00-05:00,41.0,41.18,40.96,41.05,6335
2020-11-20 10:08:00-05:00,41.05,41.05,40.91,40.99,1933
2020-11-20 10:10:00-05:00,41.07,41.1,41.03,41.03,2199
2020-11-20 10:12:00-05:00,41.09,41.1,41.05,41.05,725
2020-11-20 10:14:00-05:00,41.025,41.215,40.85,40.85,11560
2020-11-20 10:16:00-05:00,40.84,40.94,40.835,40.85,2686
2020-11-20 10:18:00-05:00,40.85,40.94,40.825,40.855,2662
2020-11-20 10:20:00-05:00,40.86,40.86,40.65,40.65,7167
2020-11-20 10:22:00-05:00,40.66,40.725,40.61,40.625,23761
2020-11-20 10:24:00-05:00,40.6,40.7,40.435,40.485,10983
2020-11-20 10:26:00-05:00,40.49,40.49,40.22,40.35,4215
2020-11-20 10:28:00-05:00,40.37,40.48,40.37,40.48,424
2020-11-20 10:30:00-05:00,40.555,40.56,40.53,40.53,1125
2020-11-20 10:32:00-05:00,40.625,40.81,40.625,40.81,2046
2020-11-20 10:34:00-05:00,40.86,40.86,40.85,40.85,1958
2020-11-20 10:36:00-05:00,40.65,40.79,40.57,40.6,5042
2020-11-20 10:38:00-05:00,40.65,40.69,40.65,40.69,215
2020-11-20 10:42:00-05:00,40.59,40.59,40.57,40.57,404
2020-11-20 10:44:00-05:00,40.58,40.62,40.31,40.43,18146
2020-11-20 10:46:00-05:00,40.48,40.57,40.405,40.485,5724
2020-11-20 10:48:00-05:00,40.42,40.42,40.345,40.345,1131
2020-11-20 10:50:00-05:00,40.33,40.33,40.23,40.325,3504
2020-11-20 10:52:00-05:00,40.26,40.26,40.2,40.21,1892
2020-11-20 10:54:00-05:00,40.21,40.34,40.21,40.32,973
2020-11-20 10:58:00-05:00,40.29,40.32,40.28,40.29,1043
2020-11-20 11:00:00-05:00,40.3,40.3,40.3,40.3,203
2020-11-20 11:02:00-05:00,40.3,40.35,40.3,40.35,715
2020-11-20 11:04:00-05:00,40.41,40.41,40.41,40.41,271
2020-11-20 11:06:00-05:00,40.435,40.475,40.435,40.475,821
2020-11-20 11:08:00-05:00,40.7,40.7,40.7,40.7,283
2020-11-20 11:12:00-05:00,40.78,40.87,40.78,40.87,207
2020-11-20 11:14:00-05:00,40.98,41.01,40.98,41.0,1006
2020-11-20 11:16:00-05:00,41.075,41.075,41.02,41.02,469
2020-11-20 11:18:00-05:00,41.005,41.005,40.92,40.92,1040
2020-11-20 11:20:00-05:00,40.87,40.87,40.86,40.86,432
2020-11-20 11:26:00-05:00,40.89,40.89,40.89,40.89,275
2020-11-20 11:28:00-05:00,40.89,41.11,40.885,41.0,2694
2020-11-20 11:30:00-05:00,40.9623,40.99,40.9623,40.99,510
2020-11-20 11:32:00-05:00,41.075,41.075,41.075,41.075,102
2020-11-20 11:34:00-05:00,41.02,41.05,41.02,41.05,311
2020-11-20 11:36:00-05:00,41.055,41.055,41.055,41.055,164
2020-11-20 11:38:00-05:00,40.965,41.15,40.965,41.15,1338
2020-11-20 11:40:00-05:00,41.1,41.1,41.02,41.03,764
2020-11-20 11:42:00-05:00,40.91,40.91,40.91,40.91,112
2020-11-20 11:44:00-05:00,41.01,41.01,40.925,40.925,289
2020-11-20 11:50:00-05:00,40.895,40.94,40.845,40.925,1039
2020-11-20 11:52:00-05:00,40.82,40.82,40.82,40.82,137
2020-11-20 11:54:00-05:00,40.885,40.885,40.81,40.81,219
2020-11-20 11:56:00-05:00,40.81,40.81,40.81,40.81,323
2020-11-20 11:58:00-05:00,40.81,40.81,40.81,40.81,976
2020-11-20 12:00:00-05:00,40.75,40.75,40.75,40.75,296
2020-11-20 12:04:00-05:00,40.68,40.735,40.68,40.735,733
2020-11-20 12:06:00-05:00,40.66,40.66,40.65,40.65,380
2020-11-20 12:08:00-05:00,40.55,40.56,40.26,40.26,2956
2020-11-20 12:10:00-05:00,40.4,40.4,40.37,40.37,698
2020-11-20 12:16:00-05:00,40.32,40.49,40.32,40.49,876
2020-11-20 12:20:00-05:00,40.41,40.41,40.41,40.41,205
2020-11-20 12:26:00-05:00,40.53,40.53,40.53,40.53,276
2020-11-20 12:30:00-05:00,40.33,40.33,40.32,40.32,228
2020-11-20 12:32:00-05:00,40.385,40.385,40.385,40.385,258
2020-11-20 12:34:00-05:00,40.31,40.31,40.2,40.2,2489
2020-11-20 12:36:00-05:00,40.22,40.36,40.22,40.36,791
2020-11-20 12:38:00-05:00,40.33,40.33,40.33,40.33,256
2020-11-20 12:40:00-05:00,40.3,40.3,40.3,40.3,1572
2020-11-20 12:42:00-05:00,40.24,40.3,40.24,40.3,819
2020-11-20 12:44:00-05:00,40.27,40.27,40.27,40.27,102
2020-11-20 12:46:00-05:00,40.32,40.32,40.32,40.32,266
2020-11-20 12:50:00-05:00,40.285,40.285,40.2,40.2,1708
2020-11-20 12:52:00-05:00,40.24,40.24,40.14,40.18,1406
2020-11-20 12:54:00-05:00,40.14,40.14,39.98,39.98,5087
2020-11-20 12:56:00-05:00,39.99,40.1,39.99,40.05,2832
2020-11-20 12:58:00-05:00,40.05,40.05,40.04,40.05,617
2020-11-20 13:00:00-05:00,40.13,40.13,40.13,40.13,381
2020-11-20 13:02:00-05:00,40.12,40.21,40.12,40.14,555
2020-11-20 13:04:00-05:00,40.09,40.09,40.09,40.09,415
2020-11-20 13:06:00-05:00,40.02,40.04,39.925,39.925,446
2020-11-20 13:08:00-05:00,39.98,40.0,39.91,40.0,1280
2020-11-20 13:10:00-05:00,40.07,40.07,40.07,40.07,215
2020-11-20 13:12:00-05:00,40.07,40.07,40.07,40.07,834
2020-11-20 13:16:00-05:00,39.9,39.9,39.9,39.9,371
2020-11-20 13:22:00-05:00,40.02,40.02,39.94,40.015,300
2020-11-20 13:24:00-05:00,40.045,40.045,40.045,40.045,141
2020-11-20 13:26:00-05:00,40.07,40.07,40.02,40.02,641
2020-11-20 13:28:00-05:00,40.015,40.015,40.015,40.015,493
2020-11-20 13:32:00-05:00,40.07,40.07,40.07,40.07,174
2020-11-20 13:34:00-05:00,40.09,40.13,40.09,40.12,806
2020-11-20 13:36:00-05:00,40.225,40.27,40.225,40.27,312
2020-11-20 13:38:00-05:00,40.38,40.42,40.38,40.42,587
2020-11-20 13:40:00-05:00,40.49,40.49,40.49,40.49,222
2020-11-20 13:42:00-05:00,40.55,40.55,40.55,40.55,104
2020-11-20 13:44:00-05:00,40.545,40.5775,40.545,40.575,2254
2020-11-20 13:46:00-05:00,40.54,40.54,40.48,40.48,1589
2020-11-20 13:48:00-05:00,40.42,40.42,40.4,40.4,697
2020-11-20 13:50:00-05:00,40.32,40.32,40.32,40.32,300
2020-11-20 13:52:00-05:00,40.33,40.33,40.31,40.33,1037
2020-11-20 13:54:00-05:00,40.25,40.27,40.25,40.25,307
2020-11-20 13:56:00-05:00,40.25,40.25,40.25,40.25,104
2020-11-20 13:58:00-05:00,40.27,40.27,40.16,40.16,1203
2020-11-20 14:00:00-05:00,40.21,40.21,40.21,40.21,346
2020-11-20 14:02:00-05:00,40.34,40.45,40.34,40.45,820
2020-11-20 14:04:00-05:00,40.37,40.545,40.23,40.545,2279
2020-11-20 14:06:00-05:00,40.795,40.795,40.795,40.795,297
2020-11-20 14:08:00-05:00,40.9072,40.93,40.9072,40.93,660
2020-11-20 14:10:00-05:00,40.73,40.73,40.73,40.73,579
2020-11-20 14:12:00-05:00,40.7,40.7,40.55,40.63,1434
2020-11-20 14:14:00-05:00,40.675,40.675,40.54,40.57,1852
2020-11-20 14:16:00-05:00,40.545,40.545,40.545,40.545,505
2020-11-20 14:24:00-05:00,40.675,40.675,40.6,40.6,1865
2020-11-20 14:26:00-05:00,40.55,40.61,40.53,40.58,1493
2020-11-20 14:28:00-05:00,40.64,40.65,40.64,40.65,320
2020-11-20 14:30:00-05:00,40.61,40.62,40.61,40.62,728
2020-11-20 14:34:00-05:00,40.62,40.65,40.6,40.6,311
2020-11-20 14:36:00-05:00,40.635,40.635,40.635,40.635,108
2020-11-20 14:38:00-05:00,40.62,40.66,40.62,40.66,539
2020-11-20 14:42:00-05:00,40.6,40.7798,40.6,40.7798,900
2020-11-20 14:44:00-05:00,41.02,41.03,40.9,40.9,1892
2020-11-20 14:46:00-05:00,40.9,40.9,40.75,40.85,2166
2020-11-20 14:48:00-05:00,40.82,40.82,40.82,40.82,375
2020-11-20 14:50:00-05:00,40.79,40.84,40.48,40.48,3486
2020-11-20 14:58:00-05:00,40.59,40.66,40.48,40.66,2133
2020-11-20 15:00:00-05:00,40.59,40.68,40.5,40.5,15387
2020-11-20 15:02:00-05:00,40.6,40.6,40.55,40.55,414
2020-11-20 15:04:00-05:00,40.65,40.65,40.55,40.55,282
2020-11-20 15:08:00-05:00,40.615,40.8,40.43,40.43,1729
2020-11-20 15:10:00-05:00,40.29,40.29,40.29,40.29,283
2020-11-20 15:16:00-05:00,40.5,40.58,40.38,40.48,31154
2020-11-20 15:18:00-05:00,40.55,40.605,40.5,40.605,6531
2020-11-20 15:20:00-05:00,40.63,40.65,40.6,40.63,6238
2020-11-20 15:22:00-05:00,40.63,40.65,40.595,40.65,3457
2020-11-20 15:24:00-05:00,40.65,40.74,40.65,40.74,3475
2020-11-20 15:26:00-05:00,40.73,40.75,40.63,40.63,4520
2020-11-20 15:28:00-05:00,40.65,40.68,40.63,40.65,2298
2020-11-20 15:30:00-05:00,40.64,40.85,40.63,40.84,6181
2020-11-20 15:32:00-05:00,40.85,40.85,40.83,40.85,2945
2020-11-20 15:34:00-05:00,40.85,40.95,40.83,40.95,4138
2020-11-20 15:36:00-05:00,40.95,40.95,40.89,40.92,1025
2020-11-20 15:38:00-05:00,40.94,40.95,40.875,40.95,3591
2020-11-20 15:40:00-05:00,40.92,40.98,40.92,40.98,2767
2020-11-20 15:42:00-05:00,40.975,41.075,40.975,41.02,3650
2020-11-20 15:44:00-05:00,41.05,41.05,41.05,41.05,355
2020-11-20 15:46:00-05:00,40.99,41.0,40.89,41.0,2334
2020-11-20 15:48:00-05:00,41.1,41.305,41.06,41.305,2005
2020-11-20 15:50:00-05:00,41.35,41.37,41.165,41.165,631
2020-11-20 15:52:00-05:00,41.25,41.25,40.79,40.93,7497
2020-11-20 15:54:00-05:00,41.01,41.13,40.86,41.125,7045
2020-11-20 15:56:00-05:00,41.08,41.08,40.94,41.0,8647
2020-11-20 15:58:00-05:00,40.945,41.15,40.945,41.05,17750
2020-11-23 09:30:00-05:00,41.8,42.13,41.04,41.9555,5708
2020-11-23 09:32:00-05:00,42.0,42.125,41.95,42.0,3661
2020-11-23 09:34:00-05:00,41.73,41.73,41.73,41.73,243
2020-11-23 09:36:00-05:00,42.22,42.22,42.18,42.18,404
2020-11-23 09:38:00-05:00,41.55,41.55,41.55,41.55,330
2020-11-23 09:44:00-05:00,41.59,41.73,41.33,41.42,4971
2020-11-23 09:50:00-05:00,41.68,41.68,41.68,41.68,160
2020-11-23 09:52:00-05:00,41.68,41.69,41.6,41.6,565
2020-11-23 09:56:00-05:00,41.455,41.65,41.43,41.44,2530
2020-11-23 09:58:00-05:00,41.5,41.5,41.38,41.4,818
2020-11-23 10:00:00-05:00,41.22,41.32,40.69,40.69,3090
2020-11-23 10:02:00-05:00,40.55,40.55,40.55,40.55,277
2020-11-23 10:04:00-05:00,40.5,40.55,40.5,40.55,441
2020-11-23 10:06:00-05:00,40.55,40.64,40.55,40.64,902
2020-11-23 10:08:00-05:00,40.62,40.6494,40.62,40.62,604
2020-11-23 10:10:00-05:00,40.71,40.71,40.71,40.71,206
2020-11-23 10:14:00-05:00,40.7,40.89,40.7,40.875,2699
2020-11-23 10:16:00-05:00,40.75,40.75,40.7,40.7,303
2020-11-23 10:18:00-05:00,40.6,40.66,40.6,40.64,1475
2020-11-23 10:20:00-05:00,40.59,40.59,40.5071,40.5071,452
2020-11-23 10:22:00-05:00,40.18,40.18,40.11,40.11,483
2020-11-23 10:26:00-05:00,40.11,40.11,40.11,40.11,208
2020-11-23 10:32:00-05:00,40.09,40.09,40.09,40.09,556
2020-11-23 10:40:00-05:00,40.53,40.82,40.53,40.795,1188
2020-11-23 10:42:00-05:00,40.815,40.815,40.815,40.815,101
2020-11-23 10:44:00-05:00,40.815,40.87,40.815,40.87,400
2020-11-23 10:46:00-05:00,40.9,40.9,40.78,40.9,1288
2020-11-23 10:54:00-05:00,40.875,40.875,40.83,40.83,1175
2020-11-23 10:56:00-05:00,40.81,40.81,40.57,40.625,1523
2020-11-23 10:58:00-05:00,40.61,40.61,40.5,40.53,1442
2020-11-23 11:00:00-05:00,40.62,40.695,40.62,40.65,657
2020-11-23 11:04:00-05:00,40.655,40.655,40.62,40.62,201
2020-11-23 11:06:00-05:00,40.825,40.825,40.825,40.825,150
2020-11-23 11:12:00-05:00,40.75,40.75,40.75,40.75,922
2020-11-23 11:16:00-05:00,40.675,40.675,40.56,40.56,528
2020-11-23 11:18:00-05:00,40.7185,40.7185,40.7185,40.7185,100
2020-11-23 11:20:00-05:00,40.57,40.57,40.57,40.57,151
2020-11-23 11:22:00-05:00,40.56,40.68,40.56,40.68,732
2020-11-23 11:24:00-05:00,40.35,40.35,40.32,40.32,411
2020-11-23 11:26:00-05:00,40.53,40.53,40.44,40.44,431
2020-11-23 11:28:00-05:00,40.67,40.67,40.67,40.67,100
2020-11-23 11:30:00-05:00,40.5459,40.5459,40.5459,40.5459,500
2020-11-23 11:32:00-05:00,40.35,40.62,40.35,40.54,345
2020-11-23 11:34:00-05:00,40.5258,40.5258,40.4,40.4,700
2020-11-23 11:38:00-05:00,40.5774,40.5774,40.5774,40.5774,200
2020-11-23 11:40:00-05:00,40.68,40.68,40.62,40.625,654
2020-11-23 11:42:00-05:00,40.56,40.67,40.56,40.67,1311
2020-11-23 11:44:00-05:00,40.63,40.77,40.6,40.75,1900
2020-11-23 11:46:00-05:00,40.74,40.74,40.675,40.68,353
2020-11-23 11:48:00-05:00,40.61,40.61,40.61,40.61,100
2020-11-23 11:50:00-05:00,40.68,40.68,40.68,40.68,100
2020-11-23 11:52:00-05:00,40.68,40.68,40.64,40.64,1906
2020-11-23 11:56:00-05:00,40.68,40.68,40.68,40.68,355
2020-11-23 11:58:00-05:00,40.68,40.71,40.61,40.63,645
2020-11-23 12:00:00-05:00,40.68,40.68,40.68,40.68,392
2020-11-23 12:02:00-05:00,40.68,40.68,40.65,40.65,212
2020-11-23 12:04:00-05:00,40.75,40.837,40.6975,40.6975,1246
2020-11-23 12:06:00-05:00,40.67,40.67,40.67,40.67,200
2020-11-23 12:08:00-05:00,40.68,40.69,40.62,40.66,1538
2020-11-23 12:10:00-05:00,40.66,40.67,40.61,40.61,871
2020-11-23 12:12:00-05:00,40.63,40.63,40.53,40.53,422
2020-11-23 12:16:00-05:00,40.62,40.62,40.51,40.51,664
2020-11-23 12:18:00-05:00,40.5101,40.7,40.5101,40.7,2902
2020-11-23 12:20:00-05:00,40.63,40.63,40.63,40.63,175
2020-11-23 12:24:00-05:00,40.655,40.69,40.655,40.69,200
2020-11-23 12:28:00-05:00,40.655,40.655,40.53,40.53,466
2020-11-23 12:38:00-05:00,40.59,40.63,40.59,40.6,867
2020-11-23 12:42:00-05:00,40.55,40.55,40.55,40.55,674
2020-11-23 12:46:00-05:00,40.57,40.62,40.57,40.62,948
2020-11-23 12:50:00-05:00,40.6,40.64,40.59,40.64,859
2020-11-23 12:52:00-05:00,40.67,40.81,40.67,40.8,1098
2020-11-23 12:54:00-05:00,40.71,40.71,40.71,40.71,115
2020-11-23 12:58:00-05:00,40.82,40.84,40.82,40.84,674
2020-11-23 13:00:00-05:00,41.0,41.1,41.0,41.065,1599
2020-11-23 13:06:00-05:00,41.05,41.2,41.05,41.2,1264
2020-11-23 13:10:00-05:00,41.07,41.115,41.07,41.115,390
2020-11-23 13:14:00-05:00,41.08,41.14,41.08,41.14,700
2020-11-23 13:16:00-05:00,41.12,41.2,41.12,41.165,1173
2020-11-23 13:20:00-05:00,41.42,41.42,41.42,41.42,364
2020-11-23 13:24:00-05:00,41.365,41.365,41.26,41.365,650
2020-11-23 13:26:00-05:00,41.365,41.4925,41.32,41.345,2876
2020-11-23 13:28:00-05:00,41.5,41.57,41.34,41.5,3429
2020-11-23 13:30:00-05:00,41.55,41.79,41.55,41.79,1212
2020-11-23 13:32:00-05:00,41.975,41.975,41.975,41.975,265
2020-11-23 13:38:00-05:00,42.125,42.125,42.125,42.125,233
2020-11-23 13:40:00-05:00,42.125,42.4,42.06,42.24,1875
2020-11-23 13:42:00-05:00,42.28,42.28,42.175,42.175,1950
2020-11-23 13:44:00-05:00,42.175,42.175,42.175,42.175,116
2020-11-23 13:46:00-05:00,42.25,42.38,42.22,42.33,1107
2020-11-23 13:48:00-05:00,42.66,42.66,42.66,42.66,168
2020-11-23 13:50:00-05:00,42.51,42.59,42.42,42.5,869
2020-11-23 13:52:00-05:00,42.425,42.425,42.255,42.36,1811
2020-11-23 13:54:00-05:00,42.35,42.37,42.35,42.37,727
2020-11-23 13:56:00-05:00,42.37,42.37,42.37,42.37,100
2020-11-23 14:02:00-05:00,42.5,42.605,42.356,42.49,3614
2020-11-23 14:04:00-05:00,42.48,42.48,42.38,42.38,200
2020-11-23 14:06:00-05:00,42.29,42.46,42.285,42.46,1012
2020-11-23 14:10:00-05:00,42.12,42.34,42.12,42.34,400
2020-11-23 14:12:00-05:00,42.42,42.5,42.399,42.5,1361
2020-11-23 14:16:00-05:00,42.7,42.7,42.7,42.7,100
2020-11-23 14:18:00-05:00,42.5,42.5,42.5,42.5,201
2020-11-23 14:22:00-05:00,42.54,42.54,42.37,42.47,1738
2020-11-23 14:24:00-05:00,42.23,42.37,41.9542,41.9542,1314
2020-11-23 14:30:00-05:00,42.24,42.27,42.24,42.26,500
2020-11-23 14:32:00-05:00,42.26,42.51,42.26,42.44,1264
2020-11-23 14:36:00-05:00,42.54,42.545,42.54,42.545,494
2020-11-23 14:38:00-05:00,42.53,42.69,42.53,42.69,200
2020-11-23 14:42:00-05:00,42.53,42.54,42.11,42.11,19783
2020-11-23 14:44:00-05:00,42.1,42.16,42.1,42.13,600
2020-11-23 14:46:00-05:00,42.15,42.15,42.1,42.1,3100
2020-11-23 14:48:00-05:00,42.08,42.235,42.01,42.01,8103
2020-11-23 14:50:00-05:00,42.0,42.0,42.0,42.0,100
2020-11-23 14:52:00-05:00,42.0,42.28,41.96,42.28,1302
2020-11-23 14:54:00-05:00,42.1,42.1,42.1,42.1,400
2020-11-23 14:56:00-05:00,42.1,42.14,42.1,42.12,1105
2020-11-23 14:58:00-05:00,42.13,42.13,42.13,42.13,100
2020-11-23 15:00:00-05:00,42.12,42.12,42.12,42.12,100
2020-11-23 15:02:00-05:00,42.12,42.155,42.1,42.155,1092
2020-11-23 15:04:00-05:00,42.185,42.19,42.06,42.16,6323
2020-11-23 15:06:00-05:00,42.155,42.205,42.1,42.1,1701
2020-11-23 15:08:00-05:00,42.1,42.165,41.97,42.16,3805
2020-11-23 15:10:00-05:00,42.16,42.16,42.055,42.055,3800
2020-11-23 15:12:00-05:00,41.96,41.98,41.96,41.96,873
2020-11-23 15:14:00-05:00,41.87,41.99,41.87,41.87,4500
2020-11-23 15:16:00-05:00,41.87,42.0,41.87,42.0,1195
2020-11-23 15:18:00-05:00,42.02,42.02,42.02,42.02,154
2020-11-23 15:20:00-05:00,42.14,42.14,42.14,42.14,131
2020-11-23 15:22:00-05:00,42.12,42.12,41.965,41.965,445
2020-11-23 15:24:00-05:00,42.06,42.2,41.99,42.02,9648
2020-11-23 15:28:00-05:00,42.11,42.3,42.095,42.1,1812
2020-11-23 15:30:00-05:00,42.095,42.16,42.095,42.16,422
2020-11-23 15:32:00-05:00,42.16,42.16,42.08,42.09,974
2020-11-23 15:34:00-05:00,42.09,42.165,42.09,42.165,1176
2020-11-23 15:36:00-05:00,42.12,42.12,41.99,42.0,1333
2020-11-23 15:38:00-05:00,42.1,42.21,42.1,42.1,1581
2020-11-23 15:40:00-05:00,42.12,42.18,42.09,42.14,1840
2020-11-23 15:44:00-05:00,42.11,42.155,42.06,42.11,1722
2020-11-23 15:46:00-05:00,42.185,42.27,42.02,42.125,4723
2020-11-23 15:48:00-05:00,42.12,42.12,41.83,41.94,5113
2020-11-23 15:50:00-05:00,41.765,41.91,41.765,41.88,1660
2020-11-23 15:52:00-05:00,41.955,42.17,41.86,41.91,14490
2020-11-23 15:54:00-05:00,41.925,42.27,41.925,42.27,8150
2020-11-23 15:56:00-05:00,42.225,42.44,42.225,42.44,8262
2020-11-23 15:58:00-05:00,42.365,42.55,42.35,42.54,28652
2020-11-24 09:30:00-05:00,42.85,43.4,42.85,43.28,2593
2020-11-24 09:32:00-05:00,43.27,43.32,43.27,43.28,485
2020-11-24 09:34:00-05:00,43.29,43.29,42.9707,42.9707,762
2020-11-24 09:40:00-05:00,43.07,43.07,42.895,43.07,672
2020-11-24 09:42:00-05:00,42.86,43.16,42.84,43.16,1254
2020-11-24 09:44:00-05:00,42.86,43.07,42.82,43.07,1601
2020-11-24 09:50:00-05:00,43.25,43.455,43.25,43.455,1243
2020-11-24 09:56:00-05:00,43.45,43.45,43.38,43.38,323
2020-11-24 09:58:00-05:00,43.56,43.68,43.56,43.68,2023
2020-11-24 10:00:00-05:00,44.05,44.14,44.05,44.14,223
2020-11-24 10:04:00-05:00,44.4425,44.4425,44.39,44.4,750
2020-11-24 10:06:00-05:00,44.27,44.34,44.145,44.315,6416
2020-11-24 10:08:00-05:00,44.2,44.25,44.2,44.24,1741
2020-11-24 10:10:00-05:00,44.41,44.49,44.41,44.49,401
2020-11-24 10:12:00-05:00,44.48,44.8499,44.415,44.8499,2649
2020-11-24 10:14:00-05:00,44.7,44.75,44.6,44.6,1269
2020-11-24 10:18:00-05:00,44.63,44.635,44.57,44.57,1358
2020-11-24 10:20:00-05:00,44.71,44.91,44.67,44.9,3622
2020-11-24 10:22:00-05:00,44.83,44.94,44.71,44.94,2899
2020-11-24 10:24:00-05:00,44.93,45.0,44.93,45.0,2338
2020-11-24 10:26:00-05:00,45.0,45.24,44.925,45.18,4135
2020-11-24 10:32:00-05:00,45.41,45.45,45.2708,45.2708,2169
2020-11-24 10:34:00-05:00,45.315,45.57,45.205,45.4122,4285
2020-11-24 10:36:00-05:00,45.4,45.75,45.4,45.75,1296
2020-11-24 10:46:00-05:00,45.65,45.855,45.6,45.855,388
2020-11-24 10:50:00-05:00,45.64,45.68,45.59,45.65,1443
2020-11-24 10:52:00-05:00,45.49,45.99,45.49,45.99,2842
2020-11-24 10:56:00-05:00,45.61,45.61,45.61,45.61,322
2020-11-24 11:04:00-05:00,45.97,46.04,45.95,46.01,3083
2020-11-24 11:06:00-05:00,46.0,46.0,46.0,46.0,101
2020-11-24 11:10:00-05:00,46.0,46.005,46.0,46.005,914
2020-11-24 11:12:00-05:00,46.08,46.11,46.08,46.11,763
2020-11-24 11:16:00-05:00,46.23,46.29,46.1,46.265,1433
2020-11-24 11:18:00-05:00,46.27,46.27,46.27,46.27,265
2020-11-24 11:24:00-05:00,46.21,46.525,46.21,46.5,3735
2020-11-24 11:26:00-05:00,46.37,46.5,46.37,46.5,3648
2020-11-24 11:28:00-05:00,46.5,46.555,46.2001,46.28,7265
2020-11-24 11:30:00-05:00,46.4,46.55,46.14,46.335,4518
2020-11-24 11:34:00-05:00,46.38,46.38,46.38,46.38,111
2020-11-24 11:38:00-05:00,46.37,46.37,46.37,46.37,399
2020-11-24 11:40:00-05:00,46.4686,46.4686,46.2,46.27,705
2020-11-24 11:44:00-05:00,46.19,46.41,46.19,46.41,438
2020-11-24 11:48:00-05:00,46.56,46.78,46.56,46.75,1613
2020-11-24 11:52:00-05:00,46.79,46.88,46.79,46.88,295
2020-11-24 11:54:00-05:00,46.95,47.0,46.8908,47.0,2740
2020-11-24 11:56:00-05:00,46.83,47.01,46.83,47.0,1544
2020-11-24 11:58:00-05:00,47.005,47.005,47.005,47.005,185
2020-11-24 12:00:00-05:00,46.91,46.91,46.91,46.91,100
2020-11-24 12:02:00-05:00,46.9328,46.9328,46.7,46.7,2158
2020-11-24 12:06:00-05:00,46.55,46.57,46.46,46.57,1010
2020-11-24 12:08:00-05:00,46.66,46.8,46.66,46.8,921
2020-11-24 12:14:00-05:00,46.73,46.73,46.56,46.72,974
2020-11-24 12:22:00-05:00,46.66,46.7,46.56,46.665,1077
2020-11-24 12:30:00-05:00,46.665,46.665,46.665,46.665,201
2020-11-24 12:32:00-05:00,46.665,46.665,46.665,46.665,203
2020-11-24 12:34:00-05:00,46.71,46.89,46.66,46.89,606
2020-11-24 12:36:00-05:00,46.88,46.89,46.88,46.89,842
2020-11-24 12:50:00-05:00,46.7,46.7,46.7,46.7,475
2020-11-24 12:52:00-05:00,46.75,46.9,46.75,46.9,653
2020-11-24 12:54:00-05:00,47.0,47.0,47.0,47.0,276
2020-11-24 12:58:00-05:00,47.02,47.17,46.9,46.91,2770
2020-11-24 13:02:00-05:00,47.13,47.13,47.13,47.13,106
2020-11-24 13:04:00-05:00,46.93,46.93,46.91,46.91,381
2020-11-24 13:10:00-05:00,47.26,47.4,47.26,47.4,400
2020-11-24 13:12:00-05:00,47.152,47.425,47.152,47.425,695
2020-11-24 13:14:00-05:00,47.275,47.42,47.275,47.42,233
2020-11-24 13:16:00-05:00,47.43,47.44,47.43,47.44,218
2020-11-24 13:18:00-05:00,47.515,47.515,47.515,47.515,211
2020-11-24 13:20:00-05:00,47.43,47.6,47.41,47.6,1506
2020-11-24 13:22:00-05:00,47.54,47.675,47.54,47.645,500
2020-11-24 13:26:00-05:00,47.645,47.645,47.365,47.365,3870
2020-11-24 13:28:00-05:00,47.375,47.605,47.375,47.605,647
2020-11-24 13:30:00-05:00,47.6,47.62,47.6,47.62,781
2020-11-24 13:32:00-05:00,47.61,47.61,47.5456,47.5456,206
2020-11-24 13:34:00-05:00,47.53,47.53,47.32,47.45,817
2020-11-24 13:36:00-05:00,47.522,47.522,47.5,47.5,700
2020-11-24 13:40:00-05:00,47.32,47.32,47.32,47.32,100
2020-11-24 13:42:00-05:00,47.495,47.495,47.24,47.24,1054
2020-11-24 13:44:00-05:00,47.225,47.225,46.8474,46.92,3145
2020-11-24 13:46:00-05:00,46.915,46.915,46.5,46.5,2722
2020-11-24 13:50:00-05:00,46.35,46.35,46.35,46.35,300
2020-11-24 13:52:00-05:00,46.35,46.36,46.35,46.36,288
2020-11-24 13:54:00-05:00,46.37,46.37,45.91,46.25,7325
2020-11-24 13:56:00-05:00,45.78,45.8,45.755,45.755,589
2020-11-24 13:58:00-05:00,45.445,45.53,44.985,45.53,2121
2020-11-24 14:00:00-05:00,44.955,44.955,44.955,44.955,253
2020-11-24 14:02:00-05:00,45.41,45.86,45.35,45.565,2660
2020-11-24 14:04:00-05:00,45.55,45.55,45.55,45.55,232
2020-11-24 14:08:00-05:00,45.565,45.57,45.56,45.56,1132
2020-11-24 14:10:00-05:00,45.675,45.675,45.675,45.675,550
2020-11-24 14:14:00-05:00,45.87,46.01,45.87,45.9606,1325
2020-11-24 14:16:00-05:00,46.3089,46.3089,46.155,46.155,712
2020-11-24 14:18:00-05:00,46.13,46.13,45.75,46.0,2603
2020-11-24 14:20:00-05:00,45.87,45.9,45.85,45.9,1041
2020-11-24 14:22:00-05:00,45.955,45.985,45.7501,45.7501,1753
2020-11-24 14:24:00-05:00,45.9,45.9,45.9,45.9,100
2020-11-24 14:26:00-05:00,45.9,45.9,45.9,45.9,788
2020-11-24 14:28:00-05:00,45.75,45.75,45.75,45.75,380
2020-11-24 14:32:00-05:00,45.54,45.7,45.53,45.7,683
2020-11-24 14:34:00-05:00,45.6172,45.6172,45.55,45.55,642
2020-11-24 14:44:00-05:00,45.29,45.29,45.29,45.29,301
2020-11-24 14:46:00-05:00,45.36,45.36,45.28,45.28,1046
2020-11-24 14:54:00-05:00,45.25,45.4,45.105,45.385,1083
2020-11-24 14:58:00-05:00,45.3361,45.3361,45.3361,45.3361,332
2020-11-24 15:02:00-05:00,45.28,45.28,45.21,45.225,2200
2020-11-24 15:08:00-05:00,45.31,45.31,45.31,45.31,394
2020-11-24 15:10:00-05:00,45.35,45.58,45.25,45.58,1219
2020-11-24 15:12:00-05:00,45.585,45.69,45.3,45.31,1970
2020-11-24 15:16:00-05:00,45.33,45.455,45.33,45.33,300
2020-11-24 15:18:00-05:00,45.33,45.445,45.33,45.35,2822
2020-11-24 15:20:00-05:00,45.51,45.7,45.51,45.68,856
2020-11-24 15:22:00-05:00,45.605,45.61,45.605,45.61,369
2020-11-24 15:24:00-05:00,45.5,45.51,45.5,45.51,323
2020-11-24 15:26:00-05:00,45.54,45.63,45.52,45.56,1842
2020-11-24 15:28:00-05:00,45.56,45.56,45.48,45.56,2184
2020-11-24 15:32:00-05:00,45.42,45.7,45.42,45.47,1651
2020-11-24 15:34:00-05:00,45.59,45.795,45.59,45.795,1204
2020-11-24 15:36:00-05:00,45.88,45.88,45.69,45.69,2023
2020-11-24 15:38:00-05:00,45.68,45.74,45.41,45.41,5139
2020-11-24 15:42:00-05:00,45.25,45.37,45.25,45.27,2484
2020-11-24 15:44:00-05:00,45.375,45.375,45.21,45.21,918
2020-11-24 15:46:00-05:00,45.21,45.28,45.12,45.19,2996
2020-11-24 15:48:00-05:00,45.15,45.18,45.11,45.18,2343
2020-11-24 15:50:00-05:00,45.24,45.39,45.16,45.27,5031
2020-11-24 15:52:00-05:00,45.34,45.49,45.22,45.335,2028
2020-11-24 15:54:00-05:00,45.4,45.59,45.25,45.36,9430
2020-11-24 15:56:00-05:00,45.47,45.54,45.14,45.28,11598
2020-11-24 15:58:00-05:00,45.21,45.28,45.1,45.17,15331
2020-11-25 09:30:00-05:00,45.52,45.52,45.52,45.52,1045
2020-11-25 09:36:00-05:00,45.0,45.8,44.78,45.8,1412
2020-11-25 09:44:00-05:00,45.37,45.37,45.37,45.37,145
2020-11-25 09:46:00-05:00,44.75,44.75,44.75,44.75,127
2020-11-25 09:50:00-05:00,44.84,44.84,44.84,44.84,221
2020-11-25 09:56:00-05:00,45.67,45.67,45.67,45.67,118
2020-11-25 09:58:00-05:00,45.59,45.59,45.59,45.59,344
2020-11-25 10:06:00-05:00,45.15,45.76,45.1,45.59,990
2020-11-25 10:10:00-05:00,45.63,45.63,45.5,45.5,865
2020-11-25 10:12:00-05:00,45.54,45.94,45.54,45.94,547
2020-11-25 10:16:00-05:00,45.52,45.88,45.52,45.7,624
2020-11-25 10:20:00-05:00,45.52,45.62,45.52,45.62,964
2020-11-25 10:22:00-05:00,45.49,45.82,45.44,45.82,519
2020-11-25 10:26:00-05:00,45.54,45.61,45.5,45.6,2347
2020-11-25 10:38:00-05:00,45.5,45.72,45.5,45.72,291
2020-11-25 10:40:00-05:00,45.42,45.42,45.42,45.42,392
2020-11-25 10:46:00-05:00,45.62,45.62,45.62,45.62,115
2020-11-25 10:48:00-05:00,45.37,45.39,45.37,45.39,258
2020-11-25 10:54:00-05:00,45.34,45.34,45.34,45.34,210
2020-11-25 11:00:00-05:00,45.04,45.04,45.04,45.04,129
2020-11-25 11:04:00-05:00,45.21,45.21,45.21,45.21,101
2020-11-25 11:06:00-05:00,45.1,45.25,45.1,45.25,1034
2020-11-25 11:10:00-05:00,45.285,45.285,45.285,45.285,101
2020-11-25 11:12:00-05:00,45.21,45.21,45.165,45.17,1495
2020-11-25 11:14:00-05:00,45.23,45.29,45.23,45.29,282
2020-11-25 11:16:00-05:00,45.34,45.34,45.34,45.34,631
2020-11-25 11:18:00-05:00,45.52,45.52,45.52,45.52,359
2020-11-25 11:22:00-05:00,45.34,45.34,45.34,45.34,203
2020-11-25 11:24:00-05:00,45.11,45.11,45.04,45.08,578
2020-11-25 11:26:00-05:00,44.87,44.87,44.8,44.8,576
2020-11-25 11:28:00-05:00,44.75,44.905,44.75,44.905,610
2020-11-25 11:34:00-05:00,44.98,44.98,44.98,44.98,118
2020-11-25 11:36:00-05:00,44.84,44.84,44.75,44.75,510
2020-11-25 11:38:00-05:00,44.61,44.66,44.61,44.66,225
2020-11-25 11:42:00-05:00,44.42,44.42,44.11,44.17,990
2020-11-25 11:46:00-05:00,44.5,44.57,44.405,44.425,1143
2020-11-25 11:48:00-05:00,44.42,44.42,44.42,44.42,100
2020-11-25 11:50:00-05:00,44.36,44.36,44.14,44.14,1066
2020-11-25 11:52:00-05:00,44.19,44.27,44.19,44.21,1315
2020-11-25 11:54:00-05:00,44.29,44.29,44.29,44.29,277
2020-11-25 11:56:00-05:00,44.31,44.43,44.285,44.43,1076
2020-11-25 11:58:00-05:00,44.4,44.47,44.4,44.47,301
2020-11-25 12:04:00-05:00,44.25,44.3,44.09,44.09,939
2020-11-25 12:06:00-05:00,44.09,44.1,44.01,44.02,2607
2020-11-25 12:08:00-05:00,44.02,44.02,44.02,44.02,279
2020-11-25 12:10:00-05:00,43.98,44.01,43.905,43.92,1891
2020-11-25 12:16:00-05:00,43.92,43.92,43.75,43.75,1056
2020-11-25 12:18:00-05:00,43.59,43.75,43.57,43.75,1806
2020-11-25 12:22:00-05:00,43.785,43.785,43.785,43.785,313
2020-11-25 12:24:00-05:00,43.93,43.93,43.57,43.57,300
2020-11-25 12:26:00-05:00,43.77,43.77,43.585,43.585,978
2020-11-25 12:28:00-05:00,43.7,43.7,43.7,43.7,238
2020-11-25 12:34:00-05:00,43.94,43.94,43.76,43.835,463
2020-11-25 12:36:00-05:00,43.7,43.7,43.7,43.7,101
2020-11-25 12:38:00-05:00,43.7,43.7,43.7,43.7,365
2020-11-25 12:40:00-05:00,43.71,43.71,43.71,43.71,100
2020-11-25 12:42:00-05:00,43.69,43.69,43.68,43.69,907
2020-11-25 12:44:00-05:00,43.73,43.77,43.73,43.77,430
2020-11-25 12:50:00-05:00,43.9,43.91,43.9,43.91,630
2020-11-25 12:54:00-05:00,43.96,43.99,43.9,43.97,913
2020-11-25 12:58:00-05:00,43.82,43.82,43.82,43.82,181
2020-11-25 13:02:00-05:00,43.875,43.875,43.875,43.875,200
2020-11-25 13:04:00-05:00,43.875,43.95,43.875,43.95,591
2020-11-25 13:06:00-05:00,44.09,44.09,44.09,44.09,192
2020-11-25 13:08:00-05:00,44.09,44.09,44.09,44.09,321
2020-11-25 13:12:00-05:00,44.2,44.2,44.13,44.13,1144
2020-11-25 13:14:00-05:00,44.06,44.19,44.06,44.155,1725
2020-11-25 13:16:00-05:00,44.17,44.175,44.075,44.175,626
2020-11-25 13:18:00-05:00,44.14,44.14,44.09,44.09,706
2020-11-25 13:20:00-05:00,44.03,44.03,44.03,44.03,521
2020-11-25 13:22:00-05:00,43.99,44.01,43.98,44.0,1142
2020-11-25 13:24:00-05:00,44.14,44.145,44.14,44.145,1221
2020-11-25 13:26:00-05:00,44.27,44.27,44.27,44.27,124
2020-11-25 13:28:00-05:00,43.96,43.97,43.96,43.97,318
2020-11-25 13:30:00-05:00,43.95,44.0,43.95,44.0,512
2020-11-25 13:32:00-05:00,44.08,44.08,44.08,44.08,444
2020-11-25 13:34:00-05:00,43.93,43.97,43.93,43.95,549
2020-11-25 13:40:00-05:00,43.94,43.94,43.94,43.94,101
2020-11-25 13:42:00-05:00,43.86,43.86,43.8,43.8,566
2020-11-25 13:44:00-05:00,43.58,43.58,43.57,43.57,344
2020-11-25 13:48:00-05:00,43.57,43.57,43.52,43.52,573
2020-11-25 13:50:00-05:00,43.55,43.55,43.55,43.55,180
2020-11-25 13:54:00-05:00,43.71,43.71,43.71,43.71,237
2020-11-25 13:56:00-05:00,43.49,43.49,43.49,43.49,765
2020-11-25 14:00:00-05:00,43.48,43.48,43.48,43.48,291
2020-11-25 14:02:00-05:00,43.51,43.53,43.42,43.48,1173
2020-11-25 14:10:00-05:00,43.41,43.49,43.39,43.49,838
2020-11-25 14:12:00-05:00,43.46,43.46,43.46,43.46,644
2020-11-25 14:16:00-05:00,43.64,43.64,43.64,43.64,331
2020-11-25 14:22:00-05:00,43.4,43.4,43.38,43.38,632
2020-11-25 14:24:00-05:00,43.36,43.36,43.36,43.36,121
2020-11-25 14:26:00-05:00,43.36,43.36,43.36,43.36,224
2020-11-25 14:28:00-05:00,43.36,43.48,43.36,43.48,326
2020-11-25 14:32:00-05:00,43.5,43.5,43.45,43.45,5530
2020-11-25 14:34:00-05:00,43.48,43.48,43.48,43.48,284
2020-11-25 14:36:00-05:00,43.48,43.48,43.48,43.48,162
2020-11-25 14:38:00-05:00,43.48,43.52,43.43,43.52,1606
2020-11-25 14:40:00-05:00,43.59,43.6,43.59,43.6,216
2020-11-25 14:42:00-05:00,43.63,43.63,43.63,43.63,413
2020-11-25 14:44:00-05:00,43.6,43.6,43.56,43.56,300
2020-11-25 14:46:00-05:00,43.69,43.69,43.69,43.69,171
2020-11-25 14:48:00-05:00,43.66,43.935,43.66,43.935,1643
2020-11-25 14:50:00-05:00,43.99,43.99,43.99,43.99,104
2020-11-25 14:52:00-05:00,43.9,43.93,43.85,43.93,1690
2020-11-25 14:56:00-05:00,43.84,43.84,43.83,43.84,904
2020-11-25 14:58:00-05:00,43.885,43.89,43.88,43.89,378
2020-11-25 15:00:00-05:00,43.8892,43.8892,43.8892,43.8892,770
2020-11-25 15:04:00-05:00,43.78,43.865,43.78,43.865,201
2020-11-25 15:06:00-05:00,43.79,43.9,43.79,43.9,1167
2020-11-25 15:10:00-05:00,43.84,43.87,43.84,43.87,552
2020-11-25 15:12:00-05:00,43.91,43.91,43.91,43.91,100
2020-11-25 15:14:00-05:00,43.84,43.87,43.84,43.87,379
2020-11-25 15:16:00-05:00,43.84,43.94,43.79,43.91,2383
2020-11-25 15:18:00-05:00,43.97,43.995,43.95,43.995,648
2020-11-25 15:22:00-05:00,44.055,44.055,43.945,43.945,1717
2020-11-25 15:24:00-05:00,44.0,44.0,43.99,43.99,512
2020-11-25 15:26:00-05:00,44.08,44.08,44.04,44.04,680
2020-11-25 15:28:00-05:00,43.99,44.01,43.99,44.01,435
2020-11-25 15:30:00-05:00,44.1,44.1,44.1,44.1,195
2020-11-25 15:32:00-05:00,43.86,43.86,43.86,43.86,400
2020-11-25 15:34:00-05:00,43.87,44.14,43.86,44.14,717
2020-11-25 15:36:00-05:00,43.9,44.0,43.9,44.0,327
2020-11-25 15:38:00-05:00,43.87,43.87,43.77,43.84,1086
2020-11-25 15:42:00-05:00,43.76,43.79,43.61,43.61,2161
2020-11-25 15:44:00-05:00,43.65,43.65,43.58,43.58,500
2020-11-25 15:46:00-05:00,43.57,43.58,43.57,43.57,333
2020-11-25 15:48:00-05:00,43.57,43.57,43.47,43.54,904
2020-11-25 15:50:00-05:00,43.6,43.65,43.55,43.56,1546
2020-11-25 15:52:00-05:00,43.56,43.775,43.56,43.755,2161
2020-11-25 15:54:00-05:00,43.76,43.82,43.67,43.775,1893
2020-11-25 15:56:00-05:00,43.72,43.96,43.72,43.79,6747
2020-11-25 15:58:00-05:00,43.865,43.92,43.52,43.52,11465
2020-11-27 09:30:00-05:00,50.0,51.99,49.0,49.0,85566
2020-11-27 09:32:00-05:00,50.41,50.5,48.25,48.33,12080
2020-11-27 09:34:00-05:00,48.35,48.605,47.5,47.755,9097
2020-11-27 09:36:00-05:00,47.53,47.765,46.69,47.0866,10143
2020-11-27 09:38:00-05:00,47.35,47.35,46.5,47.082,4932
2020-11-27 09:40:00-05:00,46.91,48.01,46.17,48.01,8011
2020-11-27 09:42:00-05:00,48.01,48.3,47.4409,47.8457,1301
2020-11-27 09:44:00-05:00,48.36,48.725,47.51,47.56,4555
2020-11-27 09:46:00-05:00,48.02,48.02,47.25,47.33,4297
2020-11-27 09:48:00-05:00,47.26,47.99,47.08,47.6577,3367
2020-11-27 09:50:00-05:00,47.2,47.99,46.59,46.59,3888
2020-11-27 09:52:00-05:00,47.21,47.94,47.21,47.94,286
2020-11-27 09:54:00-05:00,47.39,47.84,46.89,46.89,3463
2020-11-27 09:56:00-05:00,47.39,47.68,46.9565,47.0,5857
2020-11-27 09:58:00-05:00,46.95,47.2261,46.88,47.135,3627
2020-11-27 10:00:00-05:00,46.88,47.25,46.681,46.925,5326
2020-11-27 10:02:00-05:00,47.0,47.4,47.0,47.4,1324
2020-11-27 10:04:00-05:00,47.39,47.64,47.35,47.4494,1498
2020-11-27 10:06:00-05:00,47.59,47.59,47.15,47.46,2110
2020-11-27 10:08:00-05:00,47.22,47.22,46.8,47.01,11846
2020-11-27 10:10:00-05:00,47.0,47.28,46.94,47.02,1578
2020-11-27 10:12:00-05:00,46.7601,46.8175,46.7601,46.8175,1022
2020-11-27 10:14:00-05:00,47.16,47.16,46.78,46.78,436
2020-11-27 10:18:00-05:00,47.16,47.16,47.16,47.16,288
2020-11-27 10:20:00-05:00,47.37,47.53,46.7,47.53,3828
2020-11-27 10:22:00-05:00,47.03,47.5599,46.75,47.155,2622
2020-11-27 10:24:00-05:00,46.85,47.01,46.75,46.905,2682
2020-11-27 10:26:00-05:00,46.905,47.229,46.905,47.229,1141
2020-11-27 10:28:00-05:00,47.0,47.225,47.0,47.225,1720
2020-11-27 10:30:00-05:00,47.24,47.24,46.82,47.075,1749
2020-11-27 10:32:00-05:00,47.2,47.3,47.04,47.04,1837
2020-11-27 10:34:00-05:00,47.35,47.5,47.16,47.2,2311
2020-11-27 10:38:00-05:00,47.5691,47.5691,47.5691,47.5691,354
2020-11-27 10:40:00-05:00,47.435,47.62,47.435,47.62,867
2020-11-27 10:42:00-05:00,47.6298,48.06,47.595,48.06,2564
2020-11-27 10:44:00-05:00,48.085,48.085,48.085,48.085,426
2020-11-27 10:46:00-05:00,48.055,48.08,48.0325,48.08,592
2020-11-27 10:48:00-05:00,47.9894,47.9894,47.9894,47.9894,457
2020-11-27 10:52:00-05:00,48.08,48.15,47.94,47.99,1734
2020-11-27 10:54:00-05:00,48.065,48.065,47.93,47.94,330
2020-11-27 10:56:00-05:00,48.19,48.49,48.08,48.49,3015
2020-11-27 10:58:00-05:00,48.28,48.28,48.28,48.28,344
2020-11-27 11:02:00-05:00,48.485,48.485,48.485,48.485,100
2020-11-27 11:04:00-05:00,48.37,48.46,48.37,48.45,823
2020-11-27 11:06:00-05:00,48.35,48.54,48.32,48.5,1851
2020-11-27 11:08:00-05:00,48.41,48.6,48.41,48.6,795
2020-11-27 11:10:00-05:00,48.6562,48.6562,48.6562,48.6562,280
2020-11-27 11:12:00-05:00,48.645,48.645,48.645,48.645,1310
2020-11-27 11:14:00-05:00,48.5475,48.5475,48.42,48.42,752
2020-11-27 11:16:00-05:00,48.42,48.42,48.42,48.42,264
2020-11-27 11:20:00-05:00,48.43,48.45,48.41,48.45,1210
2020-11-27 11:22:00-05:00,48.345,48.345,48.04,48.13,2070
2020-11-27 11:24:00-05:00,48.13,48.24,48.13,48.185,504
2020-11-27 11:26:00-05:00,48.3,48.4,48.07,48.07,11792
2020-11-27 11:28:00-05:00,48.17,48.33,48.17,48.1825,1214
2020-11-27 11:30:00-05:00,48.02,48.02,48.02,48.02,327
2020-11-27 11:32:00-05:00,48.33,48.615,48.2,48.615,1000
2020-11-27 11:34:00-05:00,48.6223,48.6223,48.6223,48.6223,170
2020-11-27 11:36:00-05:00,48.65,48.66,48.4483,48.63,1367
2020-11-27 11:38:00-05:00,48.585,48.585,48.585,48.585,135
2020-11-27 11:40:00-05:00,48.585,48.585,48.41,48.4463,2284
2020-11-27 11:42:00-05:00,48.42,48.42,48.42,48.42,245
2020-11-27 11:46:00-05:00,48.17,48.25,48.165,48.25,766
2020-11-27 11:48:00-05:00,48.28,48.29,48.275,48.275,532
2020-11-27 11:50:00-05:00,48.14,48.14,48.14,48.14,165
2020-11-27 11:54:00-05:00,48.47,48.47,48.3,48.3,918
2020-11-27 11:56:00-05:00,48.3,48.57,48.3,48.4384,2284
2020-11-27 11:58:00-05:00,48.64,48.64,48.41,48.64,920
2020-11-27 12:00:00-05:00,48.51,48.51,48.41,48.41,931
2020-11-27 12:02:00-05:00,48.28,48.395,48.28,48.39,321
2020-11-27 12:06:00-05:00,48.28,48.45,48.2,48.27,2107
2020-11-27 12:08:00-05:00,48.35,48.35,48.35,48.35,106
2020-11-27 12:10:00-05:00,48.28,48.32,48.0,48.15,8598
2020-11-27 12:12:00-05:00,47.99,47.99,47.98,47.98,811
2020-11-27 12:14:00-05:00,48.03,48.03,47.81,47.86,3981
2020-11-27 12:18:00-05:00,47.99,48.0,47.9,47.93,4197
2020-11-27 12:20:00-05:00,47.98,48.0,47.88,48.0,2240
2020-11-27 12:24:00-05:00,47.83,48.085,47.82,48.0,4229
2020-11-27 12:26:00-05:00,47.935,47.94,47.85,47.86,3326
2020-11-27 12:28:00-05:00,47.99,48.055,47.8965,48.0,5875
2020-11-27 12:30:00-05:00,47.9662,47.99,47.85,47.99,2623
2020-11-27 12:34:00-05:00,47.88,48.025,47.88,48.025,2437
2020-11-27 12:38:00-05:00,47.91,48.0,47.89,48.0,1033
2020-11-27 12:40:00-05:00,47.78,47.82,47.72,47.72,1985
2020-11-27 12:42:00-05:00,47.75,47.75,47.7,47.7,252
2020-11-27 12:44:00-05:00,47.685,47.91,47.685,47.91,2102
2020-11-27 12:46:00-05:00,47.96,48.08,47.96,48.02,1844
2020-11-27 12:48:00-05:00,48.0,48.03,47.91,47.91,551
2020-11-27 12:50:00-05:00,48.06,48.12,47.9,48.05,10096
2020-11-27 12:52:00-05:00,48.045,48.045,48.028,48.045,621
2020-11-27 12:54:00-05:00,48.045,48.15,48.045,48.08,1735
2020-11-27 12:56:00-05:00,48.11,48.25,48.08,48.185,2814
2020-11-27 12:58:00-05:00,48.175,48.205,48.065,48.17,10442
2020-11-27 13:00:00-05:00,48.19,48.19,48.19,48.19,0
2020-11-30 09:30:00-05:00,48.56,49.004,48.56,49.004,4964
2020-11-30 09:36:00-05:00,48.99,49.6,48.99,49.2223,1539
2020-11-30 09:38:00-05:00,49.0,49.0,48.8,48.8,695
2020-11-30 09:40:00-05:00,48.755,48.97,48.54,48.755,21023
2020-11-30 09:44:00-05:00,48.96,48.97,48.96,48.97,202
2020-11-30 09:46:00-05:00,48.98,48.98,48.52,48.76,1404
2020-11-30 09:50:00-05:00,48.59,48.59,48.5,48.5,723
2020-11-30 09:52:00-05:00,48.465,48.465,47.87,48.17,3067
2020-11-30 09:54:00-05:00,48.33,48.4,48.0,48.0,1076
2020-11-30 09:56:00-05:00,48.175,48.35,48.175,48.35,300
2020-11-30 09:58:00-05:00,48.185,48.185,48.185,48.185,174
2020-11-30 10:00:00-05:00,48.175,48.35,48.175,48.35,555
2020-11-30 10:02:00-05:00,48.34,48.405,48.18,48.405,2524
2020-11-30 10:04:00-05:00,48.2855,48.485,48.2855,48.485,678
2020-11-30 10:06:00-05:00,48.45,48.45,48.45,48.45,367
2020-11-30 10:08:00-05:00,48.71,48.71,48.57,48.57,685
2020-11-30 10:10:00-05:00,48.52,48.53,48.52,48.53,250
2020-11-30 10:12:00-05:00,48.8185,48.8185,48.24,48.64,1821
2020-11-30 10:14:00-05:00,48.41,48.41,48.03,48.03,5986
2020-11-30 10:18:00-05:00,48.255,48.26,48.255,48.26,300
2020-11-30 10:20:00-05:00,48.26,48.7,48.26,48.35,14628
2020-11-30 10:22:00-05:00,48.56,48.68,48.56,48.68,261
2020-11-30 10:24:00-05:00,48.69,48.865,48.535,48.7,4790
2020-11-30 10:26:00-05:00,48.7,49.0799,48.7,49.0799,1114
2020-11-30 10:28:00-05:00,48.83,48.87,48.65,48.87,4112
2020-11-30 10:30:00-05:00,49.26,49.3635,49.26,49.3635,579
2020-11-30 10:32:00-05:00,49.5392,49.5392,49.5392,49.5392,124
2020-11-30 10:34:00-05:00,49.57,49.57,49.54,49.54,477
2020-11-30 10:38:00-05:00,49.27,49.27,48.88,48.88,2073
2020-11-30 10:40:00-05:00,48.58,48.58,48.58,48.58,132
2020-11-30 10:42:00-05:00,48.8275,48.8275,48.8275,48.8275,483
2020-11-30 10:44:00-05:00,48.52,48.58,48.5,48.52,2462
2020-11-30 10:46:00-05:00,48.59,48.59,48.2,48.46,6736
2020-11-30 10:48:00-05:00,48.46,48.48,48.25,48.25,578
2020-11-30 10:52:00-05:00,48.45,48.45,48.45,48.45,625
2020-11-30 10:56:00-05:00,48.61,48.61,48.61,48.61,310
2020-11-30 11:00:00-05:00,48.67,48.715,48.5,48.715,1224
2020-11-30 11:04:00-05:00,48.7,48.77,48.7,48.77,932
2020-11-30 11:18:00-05:00,48.8851,48.89,48.76,48.76,1429
2020-11-30 11:26:00-05:00,48.92,48.92,48.92,48.92,417
2020-11-30 11:34:00-05:00,49.02,49.07,48.95,49.0,11307
2020-11-30 11:38:00-05:00,49.135,49.25,49.01,49.25,10537
2020-11-30 11:40:00-05:00,49.5,49.5,49.5,49.5,186
2020-11-30 11:42:00-05:00,49.7,50.05,49.38,49.43,12478
2020-11-30 11:46:00-05:00,49.705,49.705,49.16,49.16,6336
2020-11-30 11:48:00-05:00,49.31,49.365,49.3,49.365,5646
2020-11-30 11:50:00-05:00,49.46,49.46,49.2274,49.2805,1351
2020-11-30 11:52:00-05:00,49.4,49.4,49.21,49.21,5927
2020-11-30 11:54:00-05:00,49.59,49.64,49.42,49.52,2100
2020-11-30 12:00:00-05:00,49.675,49.675,49.675,49.675,448
2020-11-30 12:04:00-05:00,49.68,49.68,49.68,49.68,714
2020-11-30 12:10:00-05:00,49.74,49.98,49.74,49.98,15052
2020-11-30 12:14:00-05:00,50.24,50.24,50.24,50.24,200
2020-11-30 12:18:00-05:00,50.5647,50.5647,50.5647,50.5647,122
2020-11-30 12:20:00-05:00,50.567,50.567,50.567,50.567,127
2020-11-30 12:24:00-05:00,50.34,50.35,49.95,49.95,2698
2020-11-30 12:30:00-05:00,49.995,49.995,49.9135,49.995,1171
2020-11-30 12:32:00-05:00,49.91,50.0,49.91,50.0,527
2020-11-30 12:34:00-05:00,49.93,49.95,49.89,49.92,1145
2020-11-30 12:36:00-05:00,49.94,50.0,49.94,50.0,1138
2020-11-30 12:40:00-05:00,49.98,50.0,49.94,50.0,1562
2020-11-30 12:42:00-05:00,50.0,50.0,50.0,50.0,314
2020-11-30 12:44:00-05:00,50.0,50.04,49.99,49.99,1313
2020-11-30 12:50:00-05:00,50.05,50.05,50.05,50.05,183
2020-11-30 12:54:00-05:00,49.94,50.05,49.93,50.05,1043
2020-11-30 12:56:00-05:00,50.0,50.1,50.0,50.1,476
2020-11-30 12:58:00-05:00,50.03,50.18,49.85,50.1,6297
2020-11-30 13:06:00-05:00,50.04,50.04,50.04,50.04,182
2020-11-30 13:08:00-05:00,49.97,49.97,49.9,49.9,392
2020-11-30 13:12:00-05:00,49.965,49.965,49.965,49.965,126
2020-11-30 13:14:00-05:00,49.94,49.94,49.94,49.94,226
2020-11-30 13:16:00-05:00,50.04,50.07,50.03,50.07,926
2020-11-30 13:20:00-05:00,50.115,50.12,50.115,50.12,326
2020-11-30 13:24:00-05:00,50.14,50.14,50.14,50.14,114
2020-11-30 13:26:00-05:00,50.24,50.24,50.24,50.24,701
2020-11-30 13:28:00-05:00,50.17,50.17,50.17,50.17,129
2020-11-30 13:30:00-05:00,50.17,50.17,50.17,50.17,239
2020-11-30 13:34:00-05:00,50.24,50.25,50.24,50.25,344
2020-11-30 13:36:00-05:00,50.28,50.29,50.28,50.29,446
2020-11-30 13:46:00-05:00,50.4,50.4,50.4,50.4,102
2020-11-30 13:48:00-05:00,50.37,50.4,50.2,50.2,1229
2020-11-30 13:50:00-05:00,50.3466,50.4664,50.18,50.1801,2035
2020-11-30 13:52:00-05:00,50.14,50.14,50.1,50.1,755
2020-11-30 13:56:00-05:00,50.06,50.06,50.06,50.06,144
2020-11-30 13:58:00-05:00,50.0,50.0,50.0,50.0,1977
2020-11-30 14:00:00-05:00,50.0,50.065,50.0,50.03,845
2020-11-30 14:02:00-05:00,49.99,50.0,49.99,50.0,785
2020-11-30 14:04:00-05:00,50.04,50.04,49.96,50.0,3083
2020-11-30 14:06:00-05:00,50.04,50.04,49.875,49.875,2511
2020-11-30 14:08:00-05:00,50.0,50.0,50.0,50.0,450
2020-11-30 14:10:00-05:00,49.98,49.98,49.98,49.98,486
2020-11-30 14:14:00-05:00,50.0106,50.0106,50.0,50.0,200
2020-11-30 14:16:00-05:00,50.0,50.0,49.82,49.9,2278
2020-11-30 14:20:00-05:00,49.99,49.99,49.99,49.99,225
2020-11-30 14:22:00-05:00,50.025,50.1,50.0,50.04,1960
2020-11-30 14:24:00-05:00,50.0,50.0,50.0,50.0,650
2020-11-30 14:26:00-05:00,49.92,49.92,49.87,49.87,740
2020-11-30 14:28:00-05:00,49.9,49.96,49.86,49.96,1074
2020-11-30 14:30:00-05:00,49.945,50.04,49.94,50.04,409
2020-11-30 14:32:00-05:00,50.05,50.05,49.96,49.96,305
2020-11-30 14:34:00-05:00,49.9,49.955,49.88,49.955,353
2020-11-30 14:36:00-05:00,49.88,49.89,49.81,49.825,1820
2020-11-30 14:38:00-05:00,49.81,49.84,49.805,49.84,631
2020-11-30 14:40:00-05:00,49.87,49.895,49.85,49.895,1031
2020-11-30 14:42:00-05:00,49.94,49.94,49.83,49.855,1705
2020-11-30 14:44:00-05:00,49.855,49.865,49.78,49.86,836
2020-11-30 14:50:00-05:00,49.92,49.92,49.82,49.88,922
2020-11-30 14:52:00-05:00,49.96,50.05,49.96,49.96,355
2020-11-30 14:54:00-05:00,50.01,50.13,50.0,50.13,670
2020-11-30 14:56:00-05:00,50.1,50.27,50.07,50.27,871
2020-11-30 14:58:00-05:00,50.27,50.32,50.2675,50.2675,540
2020-11-30 15:00:00-05:00,50.345,50.345,50.345,50.345,110
2020-11-30 15:02:00-05:00,50.43,50.5,50.43,50.47,1158
2020-11-30 15:06:00-05:00,50.51,50.64,50.44,50.64,708
2020-11-30 15:08:00-05:00,50.63,50.63,50.63,50.63,122
2020-11-30 15:10:00-05:00,50.54,50.54,50.39,50.445,1627
2020-11-30 15:12:00-05:00,50.295,50.4,50.295,50.375,530
2020-11-30 15:14:00-05:00,50.31,50.31,50.04,50.21,3462
2020-11-30 15:16:00-05:00,50.25,50.28,50.25,50.28,17359
2020-11-30 15:18:00-05:00,50.22,50.23,50.22,50.23,459
2020-11-30 15:24:00-05:00,50.35,50.55,50.35,50.475,1047
2020-11-30 15:26:00-05:00,50.5,50.565,50.44,50.565,1121
2020-11-30 15:30:00-05:00,50.44,50.53,50.43,50.53,5363
2020-11-30 15:32:00-05:00,50.53,50.53,50.53,50.53,320
2020-11-30 15:34:00-05:00,50.53,50.575,50.4,50.575,825
2020-11-30 15:36:00-05:00,50.56,50.56,50.56,50.56,550
2020-11-30 15:38:00-05:00,50.5,50.5,50.5,50.5,108
2020-11-30 15:40:00-05:00,50.46,50.71,50.46,50.71,2470
2020-11-30 15:46:00-05:00,50.51,50.885,50.51,50.535,4706
2020-11-30 15:48:00-05:00,50.5,50.65,50.5,50.65,420
2020-11-30 15:50:00-05:00,50.7,50.97,50.69,50.86,964
2020-11-30 15:52:00-05:00,50.64,50.81,50.6,50.6,1397
2020-11-30 15:54:00-05:00,50.72,50.89,50.61,50.61,4754
2020-11-30 15:56:00-05:00,50.68,50.92,50.58,50.91,2912
2020-11-30 15:58:00-05:00,50.92,50.92,50.58,50.87,7389
2020-12-01 09:30:00-05:00,50.0,50.0,49.225,50.0,10671
2020-12-01 09:32:00-05:00,50.0,50.58,49.99,50.58,1337
2020-12-01 09:34:00-05:00,50.29,50.29,50.29,50.29,220
2020-12-01 09:36:00-05:00,50.07,50.2,49.61,50.0,2983
2020-12-01 09:40:00-05:00,50.22,50.3,50.14,50.14,1257
2020-12-01 09:42:00-05:00,50.21,50.42,50.21,50.23,499
2020-12-01 09:44:00-05:00,50.18,50.18,50.18,50.18,255
2020-12-01 09:46:00-05:00,50.1917,50.1917,50.1917,50.1917,205
2020-12-01 09:48:00-05:00,50.0,50.0,49.89,49.89,431
2020-12-01 09:50:00-05:00,50.23,50.47,50.23,50.24,652
2020-12-01 09:52:00-05:00,50.0873,50.1,50.06,50.06,807
2020-12-01 09:54:00-05:00,50.3354,50.3354,50.3354,50.3354,500
2020-12-01 09:56:00-05:00,50.29,50.475,50.29,50.475,389
2020-12-01 09:58:00-05:00,50.465,50.465,50.24,50.24,1414
2020-12-01 10:00:00-05:00,50.085,50.085,50.085,50.085,100
2020-12-01 10:02:00-05:00,50.085,50.085,49.75,49.75,1571
2020-12-01 10:04:00-05:00,49.95,49.95,49.95,49.95,203
2020-12-01 10:06:00-05:00,49.764,50.13,49.764,50.13,1821
2020-12-01 10:10:00-05:00,50.46,50.61,50.43,50.53,5350
2020-12-01 10:12:00-05:00,50.53,50.53,50.53,50.53,225
2020-12-01 10:14:00-05:00,50.8,50.82,50.8,50.82,773
2020-12-01 10:16:00-05:00,51.0,51.0,51.0,51.0,820
2020-12-01 10:18:00-05:00,51.01,51.01,50.82,50.82,751
2020-12-01 10:22:00-05:00,50.95,50.97,50.86,50.97,1923
2020-12-01 10:24:00-05:00,50.8,50.91,50.66,50.88,2128
2020-12-01 10:26:00-05:00,51.22,51.22,51.22,51.22,263
2020-12-01 10:28:00-05:00,51.29,51.29,51.29,51.29,107
2020-12-01 10:30:00-05:00,51.1,51.1,51.1,51.1,271
2020-12-01 10:32:00-05:00,51.2,51.34,50.95,50.99,2290
2020-12-01 10:34:00-05:00,50.785,50.83,50.675,50.675,3117
2020-12-01 10:36:00-05:00,50.63,50.63,50.5,50.5,3965
2020-12-01 10:38:00-05:00,50.57,50.64,50.5,50.64,2268
2020-12-01 10:40:00-05:00,50.675,50.675,50.675,50.675,102
2020-12-01 10:42:00-05:00,50.675,50.8,50.675,50.755,1019
2020-12-01 10:44:00-05:00,51.01,51.025,51.01,51.025,283
2020-12-01 10:48:00-05:00,50.74,50.78,50.74,50.75,1244
2020-12-01 10:52:00-05:00,50.5,50.63,50.5,50.63,1621
2020-12-01 10:54:00-05:00,50.795,50.9,50.795,50.85,821
2020-12-01 10:56:00-05:00,50.945,50.945,50.945,50.945,514
2020-12-01 11:04:00-05:00,51.06,51.07,51.045,51.045,822
2020-12-01 11:06:00-05:00,51.02,51.02,51.02,51.02,354
2020-12-01 11:08:00-05:00,51.37,51.37,51.37,51.37,146
2020-12-01 11:12:00-05:00,51.395,51.395,51.395,51.395,150
2020-12-01 11:14:00-05:00,51.43,51.43,51.43,51.43,348
2020-12-01 11:16:00-05:00,51.43,51.43,51.43,51.43,925
2020-12-01 11:24:00-05:00,51.39,51.39,51.39,51.39,567
2020-12-01 11:28:00-05:00,51.84,51.84,51.84,51.84,231
2020-12-01 11:30:00-05:00,51.76,51.76,51.76,51.76,291
2020-12-01 11:32:00-05:00,51.97,51.97,51.62,51.62,972
2020-12-01 11:36:00-05:00,51.45,51.45,51.29,51.29,464
2020-12-01 11:38:00-05:00,51.41,51.41,51.41,51.41,843
2020-12-01 11:46:00-05:00,51.46,51.46,51.46,51.46,221
2020-12-01 11:48:00-05:00,51.34,51.53,51.34,51.53,1183
2020-12-01 11:56:00-05:00,51.5,51.5,51.43,51.43,1565
2020-12-01 12:04:00-05:00,51.23,51.23,51.23,51.23,732
2020-12-01 12:12:00-05:00,51.415,51.415,51.415,51.415,116
2020-12-01 12:14:00-05:00,51.35,51.35,51.34,51.34,424
2020-12-01 12:16:00-05:00,51.27,51.3,51.19,51.19,758
2020-12-01 12:18:00-05:00,51.1,51.1,51.1,51.1,185
2020-12-01 12:20:00-05:00,51.125,51.125,51.125,51.125,587
2020-12-01 12:22:00-05:00,51.47,51.585,51.47,51.585,734
2020-12-01 12:26:00-05:00,51.38,51.38,51.38,51.38,104
2020-12-01 12:28:00-05:00,51.7,51.7,51.7,51.7,693
2020-12-01 12:32:00-05:00,51.77,51.79,51.695,51.695,675
2020-12-01 12:34:00-05:00,51.71,51.71,51.69,51.69,321
2020-12-01 12:36:00-05:00,51.69,51.825,51.69,51.825,446
2020-12-01 12:38:00-05:00,51.795,51.8,51.725,51.75,1318
2020-12-01 12:40:00-05:00,51.75,51.75,51.75,51.75,117
2020-12-01 12:42:00-05:00,51.73,51.835,51.73,51.8,433
2020-12-01 12:44:00-05:00,51.92,52.0,51.835,52.0,4801
2020-12-01 12:46:00-05:00,52.09,52.09,51.98,52.04,769
2020-12-01 12:52:00-05:00,51.87,51.935,51.87,51.935,448
2020-12-01 12:56:00-05:00,51.99,51.99,51.845,51.945,1089
2020-12-01 13:00:00-05:00,51.76,51.805,51.74,51.75,5706
2020-12-01 13:04:00-05:00,51.79,51.81,51.74,51.81,565
2020-12-01 13:08:00-05:00,51.65,51.65,51.65,51.65,461
2020-12-01 13:10:00-05:00,51.75,51.75,51.75,51.75,275
2020-12-01 13:12:00-05:00,51.58,51.66,51.58,51.66,577
2020-12-01 13:16:00-05:00,51.8222,51.8222,51.8222,51.8222,294
2020-12-01 13:18:00-05:00,51.745,51.745,51.745,51.745,381
2020-12-01 13:20:00-05:00,51.84,51.84,51.84,51.84,526
2020-12-01 13:28:00-05:00,51.9,51.9,51.9,51.9,304
2020-12-01 13:30:00-05:00,51.98,51.98,51.98,51.98,205
2020-12-01 13:32:00-05:00,52.02,52.02,52.02,52.02,242
2020-12-01 13:34:00-05:00,52.03,52.03,52.03,52.03,113
2020-12-01 13:36:00-05:00,51.88,51.88,51.73,51.73,714
2020-12-01 13:38:00-05:00,51.6599,51.6599,51.6599,51.6599,749
2020-12-01 13:50:00-05:00,51.89,51.92,51.82,51.82,806
2020-12-01 13:54:00-05:00,51.96,51.96,51.96,51.96,419
2020-12-01 13:56:00-05:00,51.74,51.74,51.68,51.7,859
2020-12-01 13:58:00-05:00,51.71,51.71,51.71,51.71,162
2020-12-01 14:02:00-05:00,51.6398,51.6398,51.6398,51.6398,103
2020-12-01 14:04:00-05:00,51.77,51.82,51.77,51.78,1062
2020-12-01 14:06:00-05:00,51.7,51.7,51.61,51.61,398
2020-12-01 14:08:00-05:00,51.63,51.63,51.54,51.54,205
2020-12-01 14:10:00-05:00,51.62,51.68,51.62,51.68,379
2020-12-01 14:14:00-05:00,51.71,51.71,51.71,51.71,102
2020-12-01 14:16:00-05:00,51.75,51.75,51.75,51.75,2392
2020-12-01 14:18:00-05:00,51.63,51.79,51.63,51.79,688
2020-12-01 14:20:00-05:00,51.69,51.69,51.69,51.69,261
2020-12-01 14:22:00-05:00,51.66,51.82,51.55,51.82,4692
2020-12-01 14:28:00-05:00,51.93,51.98,51.92,51.92,919
2020-12-01 14:32:00-05:00,51.91,51.91,51.91,51.91,176
2020-12-01 14:34:00-05:00,51.96,51.96,51.9,51.95,840
2020-12-01 14:40:00-05:00,51.99,51.99,51.99,51.99,213
2020-12-01 14:42:00-05:00,51.96,51.96,51.91,51.91,303
2020-12-01 14:44:00-05:00,51.86,51.86,51.86,51.86,190
2020-12-01 14:46:00-05:00,51.91,51.96,51.91,51.96,527
2020-12-01 14:52:00-05:00,51.92,51.92,51.76,51.85,430
2020-12-01 14:54:00-05:00,51.66,51.66,51.66,51.66,488
2020-12-01 15:02:00-05:00,51.73,51.92,51.73,51.92,412
2020-12-01 15:04:00-05:00,51.75,51.75,51.75,51.75,712
2020-12-01 15:10:00-05:00,51.81,51.86,51.81,51.8175,3570
2020-12-01 15:14:00-05:00,52.155,52.155,51.78,51.85,2328
2020-12-01 15:18:00-05:00,51.99,51.99,51.84,51.84,383
2020-12-01 15:20:00-05:00,51.83,51.83,51.83,51.83,631
2020-12-01 15:22:00-05:00,51.75,51.75,51.75,51.75,295
2020-12-01 15:26:00-05:00,51.87,51.87,51.87,51.87,188
2020-12-01 15:28:00-05:00,51.72,51.72,51.72,51.72,184
2020-12-01 15:30:00-05:00,51.89,52.14,51.89,52.025,1580
2020-12-01 15:34:00-05:00,52.09,52.15,52.09,52.15,497
2020-12-01 15:36:00-05:00,51.89,51.89,51.89,51.89,102
2020-12-01 15:38:00-05:00,51.89,51.89,51.875,51.875,955
2020-12-01 15:40:00-05:00,51.81,51.89,51.775,51.775,1448
2020-12-01 15:44:00-05:00,51.86,51.95,51.86,51.9,1440
2020-12-01 15:46:00-05:00,51.985,52.11,51.94,51.97,2813
2020-12-01 15:48:00-05:00,52.16,52.16,52.02,52.035,2122
2020-12-01 15:50:00-05:00,52.0,52.1,51.88,52.03,3606
2020-12-01 15:52:00-05:00,52.1,52.23,52.09,52.23,1926
2020-12-01 15:54:00-05:00,52.06,52.19,52.0,52.0,2728
2020-12-01 15:56:00-05:00,52.04,52.06,52.0,52.04,2999
2020-12-01 15:58:00-05:00,52.0,52.24,51.91,52.16,17786
2020-12-02 09:30:00-05:00,52.03,52.07,52.03,52.07,1468
2020-12-02 09:32:00-05:00,52.46,52.46,52.26,52.28,489
2020-12-02 09:36:00-05:00,52.43,52.89,52.43,52.56,1600
2020-12-02 09:40:00-05:00,52.75,52.75,52.75,52.75,217
2020-12-02 09:42:00-05:00,52.7117,52.7117,52.48,52.48,1345
2020-12-02 09:44:00-05:00,52.5589,52.5589,51.8,52.34,13112
2020-12-02 09:46:00-05:00,52.01,52.01,51.73,51.73,1737
2020-12-02 09:48:00-05:00,51.69,51.69,51.575,51.575,1829
2020-12-02 09:50:00-05:00,51.58,51.58,51.48,51.48,1489
2020-12-02 09:52:00-05:00,51.47,51.47,51.47,51.47,314
2020-12-02 09:56:00-05:00,51.48,51.48,51.19,51.48,690
2020-12-02 10:00:00-05:00,51.81,51.82,51.66,51.66,1568
2020-12-02 10:04:00-05:00,51.9091,51.91,51.9091,51.91,213
2020-12-02 10:06:00-05:00,51.73,51.73,51.655,51.7,1855
2020-12-02 10:08:00-05:00,51.8,51.81,51.75,51.75,827
2020-12-02 10:14:00-05:00,51.7,51.7,51.7,51.7,100
2020-12-02 10:16:00-05:00,51.75,51.75,51.19,51.37,7081
2020-12-02 10:18:00-05:00,51.37,51.37,51.25,51.36,832
2020-12-02 10:20:00-05:00,51.36,51.36,51.36,51.36,130
2020-12-02 10:22:00-05:00,51.36,51.36,51.14,51.17,2423
2020-12-02 10:24:00-05:00,51.17,51.37,51.17,51.37,245
2020-12-02 10:26:00-05:00,51.355,51.5,51.355,51.355,1299
2020-12-02 10:28:00-05:00,51.355,51.355,51.2101,51.355,525
2020-12-02 10:30:00-05:00,51.355,51.36,51.22,51.22,2732
2020-12-02 10:32:00-05:00,51.16,51.39,51.16,51.26,1665
2020-12-02 10:34:00-05:00,51.315,51.315,51.315,51.315,119
2020-12-02 10:38:00-05:00,51.315,51.46,51.17,51.3725,1554
2020-12-02 10:40:00-05:00,51.385,51.53,51.385,51.53,1256
2020-12-02 10:46:00-05:00,51.53,51.53,51.53,51.53,113
2020-12-02 10:48:00-05:00,51.525,51.525,51.525,51.525,280
2020-12-02 10:50:00-05:00,51.61,51.61,51.61,51.61,206
2020-12-02 10:52:00-05:00,51.5,51.5,51.5,51.5,100
2020-12-02 10:54:00-05:00,51.5,51.5,51.5,51.5,216
2020-12-02 10:56:00-05:00,51.5,51.5,51.5,51.5,200
2020-12-02 10:58:00-05:00,51.495,51.495,51.45,51.45,769
2020-12-02 11:00:00-05:00,51.455,51.46,51.455,51.46,211
2020-12-02 11:02:00-05:00,51.52,51.7,51.52,51.7,2027
2020-12-02 11:04:00-05:00,51.76,51.76,51.76,51.76,116
2020-12-02 11:10:00-05:00,51.89,51.975,51.63,51.63,3980
2020-12-02 11:12:00-05:00,51.595,51.66,51.595,51.64,903
2020-12-02 11:14:00-05:00,51.58,51.58,51.58,51.58,500
2020-12-02 11:18:00-05:00,51.66,51.66,51.53,51.6,1014
2020-12-02 11:20:00-05:00,51.625,51.625,51.6,51.6,246
2020-12-02 11:22:00-05:00,51.595,51.595,51.525,51.525,300
2020-12-02 11:24:00-05:00,51.525,51.525,51.525,51.525,323
2020-12-02 11:26:00-05:00,51.475,51.6,51.475,51.6,556
2020-12-02 11:28:00-05:00,51.625,51.625,51.625,51.625,100
2020-12-02 11:30:00-05:00,51.55,51.55,51.45,51.45,353
2020-12-02 11:32:00-05:00,51.56,51.56,51.45,51.52,730
2020-12-02 11:34:00-05:00,51.56,51.65,51.56,51.56,300
2020-12-02 11:36:00-05:00,51.56,51.56,51.45,51.56,400
2020-12-02 11:38:00-05:00,51.56,51.56,51.56,51.56,193
2020-12-02 11:40:00-05:00,51.56,51.56,51.395,51.395,1138
2020-12-02 11:42:00-05:00,51.41,51.41,51.41,51.41,300
2020-12-02 11:44:00-05:00,51.33,51.41,51.33,51.41,513
2020-12-02 11:46:00-05:00,51.42,51.42,51.42,51.42,104
2020-12-02 11:48:00-05:00,51.42,51.49,51.42,51.49,643
2020-12-02 11:52:00-05:00,51.535,51.535,51.535,51.535,100
2020-12-02 11:54:00-05:00,51.535,51.535,51.535,51.535,240
2020-12-02 11:56:00-05:00,51.535,51.535,51.42,51.51,468
2020-12-02 11:58:00-05:00,51.51,51.515,51.51,51.515,211
2020-12-02 12:00:00-05:00,51.515,51.515,51.515,51.515,463
2020-12-02 12:02:00-05:00,51.515,51.515,51.41,51.515,402
2020-12-02 12:04:00-05:00,51.515,51.515,51.515,51.515,100
2020-12-02 12:06:00-05:00,51.485,51.485,51.485,51.485,120
2020-12-02 12:08:00-05:00,51.485,51.74,51.485,51.625,1480
2020-12-02 12:12:00-05:00,51.6179,51.6179,51.605,51.605,554
2020-12-02 12:16:00-05:00,51.61,51.61,51.61,51.61,242
2020-12-02 12:18:00-05:00,51.65,51.65,51.6,51.6,201
2020-12-02 12:20:00-05:00,51.6,51.6,51.03,51.03,2961
2020-12-02 12:22:00-05:00,51.025,51.125,50.87,50.95,4329
2020-12-02 12:26:00-05:00,50.985,50.985,50.985,50.985,110
2020-12-02 12:28:00-05:00,50.95,50.95,50.91,50.93,2600
2020-12-02 12:30:00-05:00,50.93,50.93,50.93,50.93,100
2020-12-02 12:32:00-05:00,50.93,50.93,50.93,50.93,650
2020-12-02 12:40:00-05:00,50.92,50.99,50.92,50.99,509
2020-12-02 12:42:00-05:00,50.83,50.84,50.79,50.84,778
2020-12-02 12:44:00-05:00,50.82,50.82,50.82,50.82,147
2020-12-02 12:46:00-05:00,50.895,50.895,50.8,50.83,650
2020-12-02 12:48:00-05:00,50.815,50.82,50.815,50.82,304
2020-12-02 12:50:00-05:00,50.77,50.88,50.76,50.76,528
2020-12-02 12:54:00-05:00,50.82,50.9,50.82,50.82,714
2020-12-02 12:56:00-05:00,50.89,50.89,50.89,50.89,154
2020-12-02 13:00:00-05:00,50.89,50.89,50.89,50.89,200
2020-12-02 13:02:00-05:00,50.79,50.89,50.79,50.8,1282
2020-12-02 13:04:00-05:00,50.88,50.88,50.87,50.87,737
2020-12-02 13:18:00-05:00,50.79,50.79,50.63,50.695,1081
2020-12-02 13:22:00-05:00,50.58,50.62,50.53,50.62,664
2020-12-02 13:24:00-05:00,50.7,50.72,50.7,50.72,871
2020-12-02 13:28:00-05:00,50.7,50.7,50.7,50.7,301
2020-12-02 13:30:00-05:00,50.7,50.7,50.635,50.635,594
2020-12-02 13:40:00-05:00,50.84,50.9,50.84,50.9,690
2020-12-02 13:46:00-05:00,50.79,50.79,50.79,50.79,326
2020-12-02 13:50:00-05:00,50.865,50.94,50.865,50.94,314
2020-12-02 13:52:00-05:00,50.94,51.06,50.94,51.06,966
2020-12-02 13:56:00-05:00,51.12,51.13,51.12,51.13,215
2020-12-02 14:00:00-05:00,50.98,51.045,50.96,51.045,800
2020-12-02 14:02:00-05:00,50.975,50.975,50.975,50.975,464
2020-12-02 14:06:00-05:00,50.97,50.97,50.97,50.97,164
2020-12-02 14:08:00-05:00,50.935,50.935,50.935,50.935,462
2020-12-02 14:20:00-05:00,51.04,51.11,50.99,51.11,2693
2020-12-02 14:22:00-05:00,51.05,51.05,51.05,51.05,101
2020-12-02 14:24:00-05:00,51.04,51.13,51.035,51.035,1034
2020-12-02 14:26:00-05:00,51.035,51.035,50.875,50.97,2802
2020-12-02 14:28:00-05:00,51.04,51.13,51.04,51.05,1053
2020-12-02 14:30:00-05:00,51.03,51.03,51.03,51.03,100
2020-12-02 14:32:00-05:00,51.035,51.035,51.035,51.035,100
2020-12-02 14:34:00-05:00,51.04,51.13,51.035,51.13,410
2020-12-02 14:36:00-05:00,51.055,51.055,50.98,50.98,300
2020-12-02 14:38:00-05:00,51.12,51.12,51.055,51.055,600
2020-12-02 14:40:00-05:00,51.055,51.055,50.98,50.98,875
2020-12-02 14:42:00-05:00,50.965,50.975,50.94,50.94,535
2020-12-02 14:44:00-05:00,50.975,51.02,50.975,50.98,1397
2020-12-02 14:46:00-05:00,51.04,51.14,51.04,51.14,1619
2020-12-02 14:52:00-05:00,51.09,51.09,50.98,50.98,1357
2020-12-02 14:54:00-05:00,50.905,50.905,50.905,50.905,185
2020-12-02 14:56:00-05:00,50.98,50.98,50.95,50.95,578
2020-12-02 15:04:00-05:00,51.05,51.12,51.05,51.08,2600
2020-12-02 15:08:00-05:00,50.99,51.12,50.99,51.03,1261
2020-12-02 15:10:00-05:00,51.04,51.04,51.04,51.04,115
2020-12-02 15:16:00-05:00,51.04,51.04,50.87,50.87,3078
2020-12-02 15:18:00-05:00,50.795,50.87,50.795,50.8,785
2020-12-02 15:20:00-05:00,50.91,50.91,50.91,50.91,223
2020-12-02 15:24:00-05:00,50.98,50.98,50.98,50.98,162
2020-12-02 15:26:00-05:00,50.83,50.83,50.81,50.81,553
2020-12-02 15:28:00-05:00,50.87,50.87,50.87,50.87,100
2020-12-02 15:32:00-05:00,50.87,50.87,50.76,50.76,5141
2020-12-02 15:34:00-05:00,50.78,51.07,50.78,51.01,2129
2020-12-02 15:36:00-05:00,50.93,50.945,50.84,50.935,2011
2020-12-02 15:40:00-05:00,50.97,51.06,50.97,51.0,3971
2020-12-02 15:44:00-05:00,51.21,51.22,50.98,51.02,2866
2020-12-02 15:46:00-05:00,51.005,51.005,50.85,50.99,1736
2020-12-02 15:50:00-05:00,51.08,51.08,50.93,51.0,3013
2020-12-02 15:52:00-05:00,51.055,51.07,50.865,50.865,1354
2020-12-02 15:54:00-05:00,50.93,50.96,50.84,50.94,7305
2020-12-02 15:56:00-05:00,50.99,51.03,50.91,50.98,7743
2020-12-02 15:58:00-05:00,51.03,51.03,50.83,50.89,8317
2020-12-03 09:30:00-05:00,50.8,51.0,50.8,51.0,3206
2020-12-03 09:32:00-05:00,51.03,51.03,51.01,51.01,700
2020-12-03 09:34:00-05:00,51.0,51.21,50.96,51.21,5896
2020-12-03 09:36:00-05:00,50.97,50.97,50.97,50.97,7603
2020-12-03 09:38:00-05:00,51.13,51.22,50.97,50.9975,8618
2020-12-03 09:40:00-05:00,50.97,50.97,50.64,50.81,2428
2020-12-03 09:42:00-05:00,50.9,50.9,50.81,50.81,1371
2020-12-03 09:48:00-05:00,51.24,51.75,51.24,51.75,838
2020-12-03 09:50:00-05:00,51.3281,52.2,51.3281,52.2,1109
2020-12-03 09:52:00-05:00,52.43,52.43,52.43,52.43,100
2020-12-03 09:54:00-05:00,52.63,52.63,52.185,52.52,329
2020-12-03 09:56:00-05:00,52.533,53.0,52.2,52.81,1861
2020-12-03 09:58:00-05:00,52.82,53.0,52.82,53.0,711
2020-12-03 10:02:00-05:00,52.75,53.0,52.52,52.735,4951
2020-12-03 10:06:00-05:00,52.75,52.75,52.52,52.52,551
2020-12-03 10:08:00-05:00,52.43,52.43,52.43,52.43,130
2020-12-03 10:12:00-05:00,52.4,52.4,52.4,52.4,101
2020-12-03 10:14:00-05:00,52.36,52.36,52.36,52.36,139
2020-12-03 10:16:00-05:00,52.38,52.38,52.38,52.38,120
2020-12-03 10:18:00-05:00,52.37,52.37,52.37,52.37,111
2020-12-03 10:20:00-05:00,52.18,52.21,52.1,52.16,1637
2020-12-03 10:22:00-05:00,52.07,52.28,52.07,52.28,472
2020-12-03 10:26:00-05:00,51.98,51.98,51.8,51.8,419
2020-12-03 10:30:00-05:00,52.0,52.08,52.0,52.07,720
2020-12-03 10:32:00-05:00,52.04,52.04,52.0,52.0,291
2020-12-03 10:34:00-05:00,52.08,52.22,52.08,52.22,279
2020-12-03 10:36:00-05:00,51.95,52.025,51.95,52.025,452
2020-12-03 10:40:00-05:00,51.8,51.86,51.78,51.83,915
2020-12-03 10:42:00-05:00,51.755,51.755,51.61,51.61,738
2020-12-03 10:44:00-05:00,51.72,51.75,51.72,51.75,394
2020-12-03 10:46:00-05:00,51.57,51.57,50.97,51.025,7498
2020-12-03 10:48:00-05:00,51.03,51.15,50.94,51.025,1348
2020-12-03 10:50:00-05:00,51.0,51.14,50.71,50.925,5797
2020-12-03 10:52:00-05:00,50.95,51.0,50.95,50.985,6024
2020-12-03 10:54:00-05:00,50.9,50.91,50.9,50.91,565
2020-12-03 10:56:00-05:00,50.85,50.85,50.31,50.31,3007
2020-12-03 10:58:00-05:00,50.26,50.26,49.88,50.0,4448
2020-12-03 11:00:00-05:00,50.13,50.13,50.0,50.0,352
2020-12-03 11:02:00-05:00,50.13,50.13,49.93,50.05,645
2020-12-03 11:04:00-05:00,50.0,50.1,49.9,50.015,1586
2020-12-03 11:06:00-05:00,50.1,50.16,49.96,50.065,1811
2020-12-03 11:08:00-05:00,50.14,50.21,50.02,50.02,3974
2020-12-03 11:10:00-05:00,50.1,50.1,49.93,49.93,257
2020-12-03 11:12:00-05:00,50.08,50.08,49.96,49.97,308
2020-12-03 11:14:00-05:00,50.09,50.85,50.0,50.85,4577
2020-12-03 11:16:00-05:00,50.6,50.6,50.57,50.57,509
2020-12-03 11:18:00-05:00,50.3,50.3,50.22,50.22,202
2020-12-03 11:20:00-05:00,50.35,50.35,50.35,50.35,327
2020-12-03 11:24:00-05:00,50.29,50.44,50.17,50.17,1390
2020-12-03 11:26:00-05:00,50.14,50.2828,50.14,50.14,580
2020-12-03 11:28:00-05:00,50.34,50.34,50.13,50.13,389
2020-12-03 11:34:00-05:00,50.36,50.36,50.36,50.36,300
2020-12-03 11:36:00-05:00,50.29,50.37,50.04,50.29,1599
2020-12-03 11:38:00-05:00,50.12,50.13,50.12,50.13,259
2020-12-03 11:40:00-05:00,50.09,50.09,50.09,50.09,101
2020-12-03 11:42:00-05:00,50.06,50.21,50.05,50.05,478
2020-12-03 11:50:00-05:00,50.13,50.13,50.13,50.13,101
2020-12-03 11:52:00-05:00,50.15,50.31,50.15,50.17,1162
2020-12-03 11:54:00-05:00,50.38,50.38,50.38,50.38,217
2020-12-03 12:08:00-05:00,50.1587,50.34,50.1587,50.34,427
2020-12-03 12:22:00-05:00,50.31,50.31,50.31,50.31,100
2020-12-03 12:24:00-05:00,50.31,50.36,50.19,50.19,531
2020-12-03 12:26:00-05:00,50.56,50.58,50.56,50.58,275
2020-12-03 12:28:00-05:00,50.6,50.62,50.56,50.56,1312
2020-12-03 12:48:00-05:00,50.24,50.31,50.24,50.31,612
2020-12-03 12:56:00-05:00,50.4,50.4,50.4,50.4,410
2020-12-03 13:04:00-05:00,50.21,50.21,50.21,50.21,389
2020-12-03 13:08:00-05:00,50.0,50.09,50.0,50.09,598
2020-12-03 13:12:00-05:00,49.895,49.895,49.8,49.8,850
2020-12-03 13:14:00-05:00,49.89,49.91,49.89,49.91,378
2020-12-03 13:18:00-05:00,49.93,49.93,49.93,49.93,264
2020-12-03 13:22:00-05:00,50.0,50.0,50.0,50.0,111
2020-12-03 13:24:00-05:00,49.96,50.15,49.96,50.105,3081
2020-12-03 13:28:00-05:00,50.075,50.15,50.075,50.15,894
2020-12-03 13:34:00-05:00,50.0007,50.0007,49.9,49.995,1742
2020-12-03 13:42:00-05:00,49.99,49.99,49.99,49.99,316
2020-12-03 13:44:00-05:00,49.92,49.92,49.92,49.92,104
2020-12-03 13:46:00-05:00,50.04,50.04,50.04,50.04,466
2020-12-03 13:50:00-05:00,50.17,50.33,50.17,50.33,562
2020-12-03 14:04:00-05:00,50.29,50.29,50.29,50.29,240
2020-12-03 14:08:00-05:00,50.13,50.13,50.13,50.13,157
2020-12-03 14:16:00-05:00,49.975,50.01,49.83,50.01,666
2020-12-03 14:20:00-05:00,50.0,50.0,50.0,50.0,204
2020-12-03 14:22:00-05:00,50.04,50.12,50.04,50.12,690
2020-12-03 14:28:00-05:00,50.1,50.1,50.1,50.1,340
2020-12-03 14:30:00-05:00,49.92,49.92,49.92,49.92,162
2020-12-03 14:38:00-05:00,49.98,49.98,49.98,49.98,101
2020-12-03 14:40:00-05:00,49.9077,49.99,49.9077,49.98,517
2020-12-03 14:42:00-05:00,50.08,50.21,50.08,50.1,1129
2020-12-03 14:46:00-05:00,50.31,50.31,50.1,50.25,657
2020-12-03 14:58:00-05:00,50.28,50.28,50.28,50.28,187
2020-12-03 15:04:00-05:00,50.2166,50.2166,50.2166,50.2166,203
2020-12-03 15:06:00-05:00,50.19,50.19,50.19,50.19,242
2020-12-03 15:08:00-05:00,50.31,50.31,50.31,50.31,101
2020-12-03 15:10:00-05:00,50.31,50.31,50.23,50.24,1113
2020-12-03 15:12:00-05:00,50.24,50.24,50.225,50.225,442
2020-12-03 15:18:00-05:00,50.15,50.15,50.06,50.06,342
2020-12-03 15:22:00-05:00,50.05,50.15,50.05,50.13,531
2020-12-03 15:24:00-05:00,50.18,50.26,50.17,50.17,816
2020-12-03 15:28:00-05:00,50.22,50.22,50.15,50.15,368
2020-12-03 15:32:00-05:00,50.245,50.3,50.245,50.3,542
2020-12-03 15:34:00-05:00,50.39,50.39,50.39,50.39,268
2020-12-03 15:38:00-05:00,50.31,50.31,50.21,50.21,766
2020-12-03 15:40:00-05:00,50.1,50.11,49.9,50.0,827
2020-12-03 15:42:00-05:00,49.9,50.03,49.75,50.03,3349
2020-12-03 15:46:00-05:00,49.9894,50.21,49.9894,50.21,1164
2020-12-03 15:48:00-05:00,50.21,50.21,50.16,50.16,454
2020-12-03 15:50:00-05:00,50.1,50.11,49.77,49.94,2162
2020-12-03 15:52:00-05:00,50.03,50.29,49.78,50.27,10265
2020-12-03 15:54:00-05:00,50.08,50.69,50.08,50.555,11068
2020-12-03 15:56:00-05:00,50.62,50.69,50.62,50.65,2580
2020-12-03 15:58:00-05:00,50.69,50.76,50.6,50.76,15130
2020-12-04 09:30:00-05:00,50.82,51.375,50.0,50.0,12913
2020-12-04 09:34:00-05:00,50.8793,50.8793,50.8793,50.8793,182
2020-12-04 09:38:00-05:00,50.0,50.0,49.28,49.63,11120
2020-12-04 09:42:00-05:00,49.34,49.533,49.34,49.533,5537
2020-12-04 09:50:00-05:00,49.965,49.965,49.2,49.2,1172
2020-12-04 09:52:00-05:00,49.21,49.21,49.21,49.21,130
2020-12-04 09:56:00-05:00,49.925,49.925,49.925,49.925,265
2020-12-04 10:00:00-05:00,49.87,49.87,49.49,49.49,601
2020-12-04 10:04:00-05:00,49.6829,50.0,49.6829,50.0,10052
2020-12-04 10:08:00-05:00,49.82,50.0,49.82,50.0,2195
2020-12-04 10:10:00-05:00,49.865,49.865,49.865,49.865,398
2020-12-04 10:12:00-05:00,49.96,50.0,49.96,50.0,453
2020-12-04 10:20:00-05:00,50.0,50.0,50.0,50.0,328
2020-12-04 10:22:00-05:00,50.0,50.0,50.0,50.0,5581
2020-12-04 10:26:00-05:00,50.5,50.7,50.5,50.7,6586
2020-12-04 10:28:00-05:00,50.7,50.7,50.7,50.7,256
2020-12-04 10:30:00-05:00,50.7,50.7,50.7,50.7,130
2020-12-04 10:34:00-05:00,50.6,50.6,50.6,50.6,1065
2020-12-04 10:42:00-05:00,50.59,50.59,50.59,50.59,284
2020-12-04 10:46:00-05:00,50.68,50.9,50.68,50.9,1989
2020-12-04 10:56:00-05:00,51.0,51.0,51.0,51.0,106
2020-12-04 10:58:00-05:00,51.0,51.0,51.0,51.0,252
2020-12-04 11:08:00-05:00,50.87,50.87,50.84,50.85,1007
2020-12-04 11:16:00-05:00,50.87,50.88,50.87,50.88,660
2020-12-04 11:18:00-05:00,50.85,50.85,50.85,50.85,143
2020-12-04 11:30:00-05:00,51.06,51.27,51.01,51.27,590
2020-12-04 11:32:00-05:00,51.32,51.33,51.3,51.3,826
2020-12-04 11:34:00-05:00,51.505,51.505,51.4,51.4,200
2020-12-04 11:36:00-05:00,51.5,51.5,51.5,51.5,241
2020-12-04 11:40:00-05:00,51.52,51.52,51.52,51.52,101
2020-12-04 11:42:00-05:00,51.65,51.65,51.65,51.65,138
2020-12-04 11:52:00-05:00,51.43,51.43,51.15,51.15,1551
2020-12-04 12:00:00-05:00,50.97,50.97,50.97,50.97,457
2020-12-04 12:02:00-05:00,50.86,50.86,50.79,50.79,412
2020-12-04 12:04:00-05:00,50.56,50.72,50.56,50.56,1691
2020-12-04 12:06:00-05:00,50.45,50.47,50.07,50.08,1208
2020-12-04 12:08:00-05:00,50.08,50.08,50.02,50.02,505
2020-12-04 12:10:00-05:00,49.96,50.07,49.96,50.07,506
2020-12-04 12:12:00-05:00,49.755,50.25,49.68,50.145,2968
2020-12-04 12:14:00-05:00,50.11,50.11,50.11,50.11,623
2020-12-04 12:54:00-05:00,50.36,50.36,50.36,50.36,301
2020-12-04 13:04:00-05:00,51.165,51.165,51.165,51.165,500
2020-12-04 13:28:00-05:00,50.84,50.84,50.84,50.84,378
2020-12-04 13:32:00-05:00,50.795,50.795,50.795,50.795,112
2020-12-04 13:34:00-05:00,50.805,50.805,50.805,50.805,276
2020-12-04 13:40:00-05:00,50.7,50.8,50.7,50.71,870
2020-12-04 13:42:00-05:00,50.71,50.85,50.71,50.85,485
2020-12-04 13:46:00-05:00,50.855,50.855,50.855,50.855,152
2020-12-04 13:48:00-05:00,50.925,50.925,50.71,50.71,423
2020-12-04 13:50:00-05:00,51.16,51.16,51.16,51.16,151
2020-12-04 13:56:00-05:00,50.5758,50.725,50.5758,50.725,677
2020-12-04 14:00:00-05:00,50.725,50.725,50.725,50.725,133
2020-12-04 14:08:00-05:00,50.96,51.03,50.96,51.03,655
2020-12-04 14:10:00-05:00,51.04,51.04,51.04,51.04,358
2020-12-04 14:14:00-05:00,51.04,51.04,50.56,50.56,2533
2020-12-04 14:16:00-05:00,50.07,50.07,50.07,50.07,100
2020-12-04 14:18:00-05:00,50.03,50.03,50.0,50.0,208
2020-12-04 14:22:00-05:00,50.01,50.01,50.0,50.0,805
2020-12-04 14:24:00-05:00,50.055,50.11,50.055,50.11,340
2020-12-04 14:26:00-05:00,50.0,50.0,49.87,49.87,200
2020-12-04 14:28:00-05:00,50.07,50.07,50.07,50.07,452
2020-12-04 14:32:00-05:00,50.11,50.11,50.11,50.11,200
2020-12-04 14:34:00-05:00,50.25,50.25,50.25,50.25,246
2020-12-04 14:36:00-05:00,50.27,50.43,50.09,50.345,1552
2020-12-04 14:38:00-05:00,50.48,50.5,50.415,50.415,1338
2020-12-04 14:48:00-05:00,50.5,50.5,50.29,50.29,1483
2020-12-04 14:50:00-05:00,50.45,50.45,50.445,50.445,256
2020-12-04 14:54:00-05:00,50.4519,50.4519,50.4519,50.4519,500
2020-12-04 14:56:00-05:00,50.455,50.455,50.455,50.455,105
2020-12-04 15:00:00-05:00,50.64,50.64,50.4,50.4,2346
2020-12-04 15:02:00-05:00,50.35,50.5,50.33,50.44,2075
2020-12-04 15:04:00-05:00,50.5,50.5,50.455,50.455,352
2020-12-04 15:08:00-05:00,50.485,50.485,50.485,50.485,284
2020-12-04 15:10:00-05:00,50.535,50.535,50.535,50.535,1676
2020-12-04 15:12:00-05:00,50.535,51.12,50.535,51.12,682
2020-12-04 15:18:00-05:00,50.775,50.775,50.775,50.775,101
2020-12-04 15:20:00-05:00,50.3801,50.3801,50.3801,50.3801,279
2020-12-04 15:30:00-05:00,50.675,50.675,50.675,50.675,271
2020-12-04 15:34:00-05:00,50.9,50.9,50.9,50.9,284
2020-12-04 15:36:00-05:00,50.92,50.92,50.775,50.775,565
2020-12-04 15:40:00-05:00,50.91,51.2,50.91,51.2,702
2020-12-04 15:42:00-05:00,51.2,51.36,51.09,51.11,2068
2020-12-04 15:44:00-05:00,50.7675,50.91,50.61,50.86,718
2020-12-04 15:46:00-05:00,50.37,51.34,50.37,51.34,4293
2020-12-04 15:48:00-05:00,50.82,51.43,50.82,51.13,502
2020-12-04 15:50:00-05:00,51.44,51.44,51.03,51.03,1735
2020-12-04 15:52:00-05:00,51.3,51.325,51.16,51.22,3453
2020-12-04 15:54:00-05:00,51.29,51.42,51.29,51.39,2829
2020-12-04 15:56:00-05:00,51.19,51.4,51.19,51.4,1056
2020-12-04 15:58:00-05:00,51.4,51.4,51.19,51.28,9294
2020-12-07 09:30:00-05:00,51.75,52.275,51.75,52.275,2276
2020-12-07 09:34:00-05:00,53.0,53.2,53.0,53.02,2810
2020-12-07 09:36:00-05:00,53.0,53.0,51.46,51.46,598
2020-12-07 09:38:00-05:00,52.8,52.8,52.8,52.8,100
2020-12-07 09:40:00-05:00,52.81,52.81,52.0,52.0,1321
2020-12-07 09:42:00-05:00,52.0,52.0,51.5,51.5,1683
2020-12-07 09:48:00-05:00,51.71,51.71,51.5,51.5,309
2020-12-07 09:50:00-05:00,51.79,51.79,51.79,51.79,110
2020-12-07 09:52:00-05:00,51.56,51.84,51.56,51.84,281
2020-12-07 09:54:00-05:00,51.84,52.0,51.8,52.0,5744
2020-12-07 09:56:00-05:00,52.0,52.16,51.87,52.0,1988
2020-12-07 09:58:00-05:00,52.0,52.0,51.885,51.885,302
2020-12-07 10:00:00-05:00,52.27,52.27,52.27,52.27,555
2020-12-07 10:04:00-05:00,52.22,52.25,52.09,52.22,495
2020-12-07 10:06:00-05:00,52.09,52.09,52.09,52.09,100
2020-12-07 10:08:00-05:00,52.1,52.27,52.1,52.27,278
2020-12-07 10:12:00-05:00,52.22,52.22,52.105,52.105,212
2020-12-07 10:14:00-05:00,52.24,52.24,52.24,52.24,160
2020-12-07 10:16:00-05:00,52.27,52.27,52.24,52.24,1376
2020-12-07 10:18:00-05:00,52.25,52.385,52.08,52.09,2239
2020-12-07 10:22:00-05:00,52.13,52.14,51.96,52.06,2496
2020-12-07 10:26:00-05:00,52.085,52.085,52.085,52.085,270
2020-12-07 10:28:00-05:00,52.22,52.22,52.09,52.195,1121
2020-12-07 10:30:00-05:00,52.22,52.22,52.22,52.22,111
2020-12-07 10:32:00-05:00,52.225,52.225,52.08,52.08,1609
2020-12-07 10:34:00-05:00,52.09,52.09,52.09,52.09,522
2020-12-07 10:38:00-05:00,52.155,52.155,52.155,52.155,101
2020-12-07 10:40:00-05:00,52.18,52.18,52.18,52.18,366
2020-12-07 10:42:00-05:00,52.05,52.165,51.81,51.81,1860
2020-12-07 10:44:00-05:00,52.03,52.03,52.0,52.0,526
2020-12-07 10:46:00-05:00,51.92,51.92,51.92,51.92,100
2020-12-07 10:48:00-05:00,51.965,51.965,51.88,51.885,821
2020-12-07 10:52:00-05:00,51.78,51.91,51.78,51.8318,928
2020-12-07 10:54:00-05:00,51.865,51.865,51.82,51.865,386
2020-12-07 10:56:00-05:00,51.83,51.91,51.83,51.89,1124
2020-12-07 10:58:00-05:00,51.87,51.87,51.87,51.87,103
2020-12-07 11:02:00-05:00,51.98,51.98,51.8,51.8,699
2020-12-07 11:06:00-05:00,51.96,52.02,51.93,52.02,929
2020-12-07 11:12:00-05:00,52.095,52.095,52.095,52.095,138
2020-12-07 11:14:00-05:00,52.07,52.07,52.07,52.07,353
2020-12-07 11:20:00-05:00,52.065,52.065,52.065,52.065,612
2020-12-07 11:22:00-05:00,52.13,52.13,51.82,51.82,1989
2020-12-07 11:24:00-05:00,51.805,51.805,51.805,51.805,239
2020-12-07 11:28:00-05:00,51.86,51.86,51.73,51.73,304
2020-12-07 11:30:00-05:00,51.78,51.97,51.78,51.865,435
2020-12-07 11:34:00-05:00,51.82,51.82,51.82,51.82,338
2020-12-07 11:38:00-05:00,51.54,51.54,51.54,51.54,587
2020-12-07 11:40:00-05:00,51.6123,51.69,51.16,51.37,5762
2020-12-07 11:42:00-05:00,51.32,51.32,51.23,51.23,503
2020-12-07 11:46:00-05:00,51.17,51.17,51.02,51.02,1082
2020-12-07 11:48:00-05:00,51.04,51.17,51.04,51.17,911
2020-12-07 11:52:00-05:00,51.01,51.01,50.98,50.98,465
2020-12-07 11:54:00-05:00,51.08,51.08,51.08,51.08,366
2020-12-07 11:56:00-05:00,51.14,51.14,51.14,51.14,122
2020-12-07 12:00:00-05:00,51.05,51.15,51.03,51.065,1013
2020-12-07 12:02:00-05:00,51.15,51.26,51.14,51.19,1288
2020-12-07 12:04:00-05:00,51.1,51.1,51.01,51.01,598
2020-12-07 12:14:00-05:00,51.03,51.07,51.03,51.07,312
2020-12-07 12:16:00-05:00,51.025,51.025,51.025,51.025,287
2020-12-07 12:20:00-05:00,51.12,51.13,50.97,50.97,1186
2020-12-07 12:24:00-05:00,50.94,50.94,50.74,50.775,970
2020-12-07 12:26:00-05:00,50.86,50.89,50.62,50.79,2094
2020-12-07 12:28:00-05:00,50.67,50.77,50.67,50.77,319
2020-12-07 12:34:00-05:00,50.615,50.65,50.51,50.51,706
2020-12-07 12:42:00-05:00,50.48,50.48,50.48,50.48,410
2020-12-07 12:46:00-05:00,50.38,50.41,50.37,50.39,925
2020-12-07 12:48:00-05:00,50.41,50.41,50.17,50.17,1480
2020-12-07 12:50:00-05:00,50.19,50.19,50.19,50.19,323
2020-12-07 12:52:00-05:00,50.25,50.25,50.25,50.25,370
2020-12-07 12:58:00-05:00,50.27,50.27,50.26,50.26,274
2020-12-07 13:02:00-05:00,50.34,50.34,50.34,50.34,347
2020-12-07 13:06:00-05:00,50.33,50.42,50.28,50.4,1320
2020-12-07 13:08:00-05:00,50.35,50.35,50.35,50.35,439
2020-12-07 13:10:00-05:00,50.265,50.265,50.265,50.265,188
2020-12-07 13:12:00-05:00,50.34,50.34,50.34,50.34,465
2020-12-07 13:24:00-05:00,50.35,50.38,50.25,50.25,2263
2020-12-07 13:26:00-05:00,50.24,50.24,50.24,50.24,167
2020-12-07 13:30:00-05:00,50.15,50.15,50.15,50.15,101
2020-12-07 13:32:00-05:00,50.15,50.15,49.96,49.96,1941
2020-12-07 13:34:00-05:00,49.98,50.06,49.96,50.04,3414
2020-12-07 13:38:00-05:00,50.0,50.16,49.845,50.16,2724
2020-12-07 13:42:00-05:00,50.01,50.01,49.85,49.93,408
2020-12-07 13:44:00-05:00,49.86,49.98,49.78,49.91,3629
2020-12-07 13:46:00-05:00,50.03,50.09,49.99,49.99,1647
2020-12-07 13:48:00-05:00,49.97,49.97,49.95,49.95,708
2020-12-07 13:50:00-05:00,49.95,49.95,49.95,49.95,303
2020-12-07 13:52:00-05:00,49.95,49.99,49.95,49.99,2348
2020-12-07 13:54:00-05:00,49.89,49.89,49.84,49.84,675
2020-12-07 13:56:00-05:00,49.83,50.01,49.83,50.01,305
2020-12-07 13:58:00-05:00,49.85,49.91,49.83,49.91,855
2020-12-07 14:00:00-05:00,49.9,49.9,49.9,49.9,379
2020-12-07 14:04:00-05:00,49.89,49.91,49.89,49.91,13257
2020-12-07 14:06:00-05:00,49.91,50.115,49.91,50.115,70486
2020-12-07 14:08:00-05:00,50.155,50.22,50.1,50.22,1095
2020-12-07 14:10:00-05:00,50.14,50.15,50.09,50.09,1343
2020-12-07 14:12:00-05:00,50.08,50.08,50.08,50.08,248
2020-12-07 14:14:00-05:00,50.105,50.105,50.0,50.0,500
2020-12-07 14:16:00-05:00,50.105,50.105,50.105,50.105,103
2020-12-07 14:18:00-05:00,50.06,50.06,50.06,50.06,270
2020-12-07 14:20:00-05:00,50.06,50.06,50.06,50.06,144
2020-12-07 14:22:00-05:00,50.06,50.07,50.01,50.04,1870
2020-12-07 14:24:00-05:00,50.015,50.015,49.865,49.865,1141
2020-12-07 14:26:00-05:00,49.86,49.86,49.86,49.86,216
2020-12-07 14:28:00-05:00,49.81,50.05,49.8,50.05,2440
2020-12-07 14:32:00-05:00,50.085,50.085,50.01,50.01,926
2020-12-07 14:34:00-05:00,50.0,50.015,49.88,49.95,1590
2020-12-07 14:36:00-05:00,49.98,50.0,49.915,49.99,3282
2020-12-07 14:38:00-05:00,49.925,49.925,49.925,49.925,130
2020-12-07 14:42:00-05:00,49.99,50.0,49.9,49.9,1434
2020-12-07 14:44:00-05:00,49.895,49.895,49.895,49.895,279
2020-12-07 14:46:00-05:00,49.96,49.96,49.96,49.96,373
2020-12-07 14:48:00-05:00,50.0,50.03,49.97,50.03,3690
2020-12-07 14:50:00-05:00,49.95,49.975,49.895,49.895,959
2020-12-07 14:52:00-05:00,49.9,49.93,49.9,49.93,1624
2020-12-07 14:56:00-05:00,49.96,49.96,49.93,49.93,472
2020-12-07 14:58:00-05:00,49.92,49.92,49.895,49.895,573
2020-12-07 15:00:00-05:00,49.935,49.96,49.9,49.96,854
2020-12-07 15:02:00-05:00,49.9613,50.03,49.95,49.95,2891
2020-12-07 15:06:00-05:00,49.94,49.94,49.87,49.87,1649
2020-12-07 15:08:00-05:00,50.0,50.0,49.99,50.0,520
2020-12-07 15:12:00-05:00,49.89,49.98,49.79,49.89,1197
2020-12-07 15:14:00-05:00,49.89,49.89,49.79,49.84,1282
2020-12-07 15:16:00-05:00,49.9499,49.9499,49.74,49.835,501
2020-12-07 15:18:00-05:00,49.74,49.74,49.74,49.74,120
2020-12-07 15:20:00-05:00,49.84,50.18,49.84,50.18,1624
2020-12-07 15:22:00-05:00,50.18,50.18,50.18,50.18,474
2020-12-07 15:26:00-05:00,50.31,50.31,50.31,50.31,120
2020-12-07 15:28:00-05:00,50.205,50.205,50.12,50.12,424
2020-12-07 15:30:00-05:00,50.195,50.315,50.195,50.315,1800
2020-12-07 15:32:00-05:00,50.315,50.315,50.24,50.305,628
2020-12-07 15:34:00-05:00,50.23,50.23,50.08,50.23,1365
2020-12-07 15:36:00-05:00,50.17,50.17,50.17,50.17,160
2020-12-07 15:40:00-05:00,50.17,50.17,50.0,50.0,1032
2020-12-07 15:42:00-05:00,50.06,50.06,50.0,50.04,1652
2020-12-07 15:44:00-05:00,50.1,50.16,50.1,50.1,836
2020-12-07 15:46:00-05:00,50.125,50.2,50.04,50.07,1531
2020-12-07 15:48:00-05:00,50.08,50.15,50.0,50.0,907
2020-12-07 15:50:00-05:00,50.16,50.25,50.16,50.25,1397
2020-12-07 15:52:00-05:00,50.125,50.29,50.015,50.29,898
2020-12-07 15:54:00-05:00,50.29,50.4,50.29,50.37,3791
2020-12-07 15:56:00-05:00,50.3,50.35,50.15,50.15,2043
2020-12-07 15:58:00-05:00,50.15,50.35,50.08,50.08,9866
2020-12-08 09:30:00-05:00,50.15,50.7442,49.65,50.66,2885
2020-12-08 09:32:00-05:00,50.57,50.57,50.15,50.15,1994
2020-12-08 09:34:00-05:00,50.2199,50.2199,50.2199,50.2199,416
2020-12-08 09:36:00-05:00,49.81,50.37,49.81,50.37,795
2020-12-08 09:40:00-05:00,50.49,50.49,50.17,50.17,519
2020-12-08 09:42:00-05:00,50.25,50.25,50.25,50.25,186
2020-12-08 09:44:00-05:00,50.245,50.245,50.245,50.245,159
2020-12-08 09:46:00-05:00,50.41,50.55,50.34,50.34,699
2020-12-08 09:48:00-05:00,50.45,50.45,50.45,50.45,128
2020-12-08 09:50:00-05:00,50.17,50.17,50.17,50.17,270
2020-12-08 09:52:00-05:00,50.35,50.475,50.16,50.475,1192
2020-12-08 09:56:00-05:00,50.465,50.54,50.3,50.3,959
2020-12-08 09:58:00-05:00,50.51,50.51,50.51,50.51,217
2020-12-08 10:02:00-05:00,50.63,50.66,50.48,50.55,712
2020-12-08 10:04:00-05:00,50.67,50.67,50.67,50.67,124
2020-12-08 10:06:00-05:00,50.65,50.68,50.65,50.68,516
2020-12-08 10:08:00-05:00,50.595,50.595,50.595,50.595,328
2020-12-08 10:10:00-05:00,50.97,50.97,50.97,50.97,208
2020-12-08 10:12:00-05:00,51.015,51.015,50.79,50.79,463
2020-12-08 10:16:00-05:00,50.735,50.735,50.735,50.735,101
2020-12-08 10:18:00-05:00,50.81,50.81,50.81,50.81,267
2020-12-08 10:20:00-05:00,50.85,50.87,50.85,50.87,482
2020-12-08 10:22:00-05:00,50.875,51.0,50.875,51.0,1174
2020-12-08 10:30:00-05:00,51.0,51.07,51.0,51.07,996
2020-12-08 10:32:00-05:00,51.125,51.125,51.125,51.125,369
2020-12-08 10:38:00-05:00,51.22,51.22,51.22,51.22,607
2020-12-08 10:42:00-05:00,51.27,51.53,51.23,51.53,963
2020-12-08 10:48:00-05:00,51.5,51.5,51.5,51.5,140
2020-12-08 10:50:00-05:00,51.455,51.455,51.455,51.455,263
2020-12-08 10:52:00-05:00,51.62,51.67,51.62,51.67,1318
2020-12-08 10:54:00-05:00,51.7,51.7,51.59,51.59,914
2020-12-08 10:56:00-05:00,51.57,51.57,51.51,51.51,495
2020-12-08 10:58:00-05:00,51.68,51.68,51.68,51.68,238
2020-12-08 11:02:00-05:00,51.84,51.84,51.84,51.84,584
2020-12-08 11:04:00-05:00,51.6,51.6,51.6,51.6,424
2020-12-08 11:06:00-05:00,51.54,51.54,51.54,51.54,166
2020-12-08 11:10:00-05:00,51.75,51.75,51.74,51.75,425
2020-12-08 11:12:00-05:00,51.75,51.86,51.75,51.86,558
2020-12-08 11:14:00-05:00,51.9,51.9,51.88,51.8899,414
2020-12-08 11:16:00-05:00,51.88,51.89,51.72,51.72,2180
2020-12-08 11:18:00-05:00,51.62,51.62,51.62,51.62,147
2020-12-08 11:20:00-05:00,51.75,51.75,51.75,51.75,240
2020-12-08 11:22:00-05:00,51.77,51.78,51.74,51.74,577
2020-12-08 11:24:00-05:00,51.73,51.73,51.73,51.73,366
2020-12-08 11:26:00-05:00,51.68,51.68,51.47,51.64,1801
2020-12-08 11:28:00-05:00,51.62,51.62,51.62,51.62,263
2020-12-08 11:32:00-05:00,51.71,51.71,51.71,51.71,244
2020-12-08 11:34:00-05:00,51.81,51.81,51.81,51.81,201
2020-12-08 11:36:00-05:00,51.825,51.825,51.74,51.74,602
2020-12-08 11:40:00-05:00,51.64,51.64,51.64,51.64,131
2020-12-08 11:42:00-05:00,51.51,51.54,51.51,51.54,534
2020-12-08 11:44:00-05:00,51.75,51.76,51.75,51.76,646
2020-12-08 11:46:00-05:00,51.69,51.74,51.66,51.66,1229
2020-12-08 11:50:00-05:00,51.715,51.8,51.45,51.525,3655
2020-12-08 11:52:00-05:00,51.45,51.45,51.45,51.45,104
2020-12-08 11:54:00-05:00,51.45,51.45,51.45,51.45,380
2020-12-08 12:00:00-05:00,51.52,51.52,51.3,51.425,1586
2020-12-08 12:04:00-05:00,51.24,51.41,51.24,51.33,847
2020-12-08 12:06:00-05:00,51.31,51.31,51.31,51.31,469
2020-12-08 12:10:00-05:00,51.23,51.26,51.21,51.22,1475
2020-12-08 12:12:00-05:00,51.2,51.2,51.1,51.1,878
2020-12-08 12:14:00-05:00,51.11,51.11,51.01,51.01,508
2020-12-08 12:16:00-05:00,51.03,51.17,51.0,51.0,1971
2020-12-08 12:18:00-05:00,50.91,50.92,50.88,50.88,626
2020-12-08 12:20:00-05:00,50.87,50.89,50.8,50.89,1471
2020-12-08 12:24:00-05:00,50.9,51.03,50.9,51.03,2068
2020-12-08 12:26:00-05:00,51.06,51.07,51.06,51.07,829
2020-12-08 12:30:00-05:00,51.29,51.29,51.16,51.16,779
2020-12-08 12:32:00-05:00,50.95,50.95,50.95,50.95,650
2020-12-08 12:36:00-05:00,51.01,51.01,50.95,50.95,702
2020-12-08 12:38:00-05:00,51.02,51.02,51.02,51.02,519
2020-12-08 12:40:00-05:00,51.09,51.09,50.97,50.97,447
2020-12-08 12:44:00-05:00,51.09,51.09,51.09,51.09,248
2020-12-08 12:46:00-05:00,51.09,51.09,51.02,51.02,472
2020-12-08 12:52:00-05:00,51.07,51.07,51.07,51.07,419
2020-12-08 12:54:00-05:00,50.98,50.98,50.98,50.98,918
2020-12-08 12:56:00-05:00,50.97,50.97,50.96,50.96,405
2020-12-08 12:58:00-05:00,50.93,50.93,50.93,50.93,291
2020-12-08 13:00:00-05:00,51.05,51.23,51.05,51.19,1451
2020-12-08 13:02:00-05:00,51.16,51.16,51.16,51.16,216
2020-12-08 13:04:00-05:00,51.26,51.26,51.26,51.26,188
2020-12-08 13:08:00-05:00,51.27,51.27,51.18,51.2,1954
2020-12-08 13:10:00-05:00,51.16,51.18,51.14,51.14,1840
2020-12-08 13:18:00-05:00,51.05,51.12,51.05,51.11,1059
2020-12-08 13:20:00-05:00,51.04,51.04,51.04,51.04,165
2020-12-08 13:24:00-05:00,51.04,51.07,50.94,51.07,892
2020-12-08 13:26:00-05:00,51.12,51.23,51.05,51.19,1978
2020-12-08 13:28:00-05:00,51.15,51.15,51.07,51.07,213
2020-12-08 13:30:00-05:00,51.12,51.2,51.12,51.145,881
2020-12-08 13:32:00-05:00,51.24,51.34,51.24,51.34,351
2020-12-08 13:34:00-05:00,51.22,51.24,51.16,51.16,757
2020-12-08 13:38:00-05:00,51.23,51.24,51.23,51.24,797
2020-12-08 13:40:00-05:00,51.2,51.2,51.2,51.2,134
2020-12-08 13:42:00-05:00,51.25,51.31,51.25,51.26,881
2020-12-08 13:44:00-05:00,51.28,51.28,51.28,51.28,595
2020-12-08 13:46:00-05:00,51.26,51.29,51.26,51.29,210
2020-12-08 13:48:00-05:00,51.24,51.24,51.18,51.18,2554
2020-12-08 13:58:00-05:00,51.27,51.29,51.18,51.18,929
2020-12-08 14:00:00-05:00,51.06,51.11,51.06,51.11,334
2020-12-08 14:04:00-05:00,51.06,51.06,51.06,51.06,534
2020-12-08 14:08:00-05:00,51.05,51.05,50.96,50.96,2204
2020-12-08 14:10:00-05:00,50.975,50.975,50.96,50.975,320
2020-12-08 14:12:00-05:00,50.97,51.06,50.74,50.74,2920
2020-12-08 14:16:00-05:00,50.69,50.69,50.69,50.69,220
2020-12-08 14:18:00-05:00,50.63,50.63,50.63,50.63,210
2020-12-08 14:20:00-05:00,50.67,50.715,50.65,50.715,1024
2020-12-08 14:22:00-05:00,50.79,50.79,50.79,50.79,471
2020-12-08 14:26:00-05:00,50.83,50.87,50.83,50.87,1083
2020-12-08 14:28:00-05:00,50.9,50.9,50.86,50.86,407
2020-12-08 14:30:00-05:00,50.84,50.85,50.84,50.85,231
2020-12-08 14:32:00-05:00,50.87,50.87,50.87,50.87,656
2020-12-08 14:40:00-05:00,50.87,50.91,50.87,50.89,446
2020-12-08 14:42:00-05:00,50.93,50.94,50.93,50.93,436
2020-12-08 14:44:00-05:00,50.875,50.875,50.875,50.875,108
2020-12-08 14:46:00-05:00,50.88,50.88,50.845,50.87,852
2020-12-08 14:54:00-05:00,50.93,50.93,50.87,50.87,1035
2020-12-08 14:56:00-05:00,50.855,50.95,50.855,50.9,925
2020-12-08 14:58:00-05:00,50.92,50.93,50.86,50.86,635
2020-12-08 15:00:00-05:00,50.77,50.77,50.77,50.77,257
2020-12-08 15:04:00-05:00,50.94,50.94,50.94,50.94,110
2020-12-08 15:06:00-05:00,50.83,50.83,50.83,50.83,437
2020-12-08 15:08:00-05:00,50.76,50.76,50.76,50.76,243
2020-12-08 15:14:00-05:00,50.74,50.79,50.7,50.78,607
2020-12-08 15:16:00-05:00,50.76,50.76,50.76,50.76,282
2020-12-08 15:18:00-05:00,50.825,50.825,50.78,50.78,865
2020-12-08 15:22:00-05:00,50.7,50.78,50.7,50.7,377
2020-12-08 15:24:00-05:00,50.77,50.77,50.77,50.77,197
2020-12-08 15:26:00-05:00,50.86,50.86,50.85,50.85,317
2020-12-08 15:28:00-05:00,50.84,50.84,50.84,50.84,210
2020-12-08 15:30:00-05:00,50.86,50.86,50.86,50.86,112
2020-12-08 15:32:00-05:00,50.95,50.95,50.95,50.95,516
2020-12-08 15:34:00-05:00,51.01,51.01,50.86,50.86,852
2020-12-08 15:36:00-05:00,50.98,51.05,50.98,51.05,514
2020-12-08 15:38:00-05:00,51.03,51.03,50.99,51.0,933
2020-12-08 15:42:00-05:00,51.02,51.07,51.02,51.065,522
2020-12-08 15:44:00-05:00,51.01,51.01,51.01,51.01,447
2020-12-08 15:46:00-05:00,51.0,51.03,51.0,51.03,664
2020-12-08 15:48:00-05:00,50.995,50.995,50.92,50.93,537
2020-12-08 15:50:00-05:00,50.97,51.13,50.97,51.09,741
2020-12-08 15:52:00-05:00,51.125,51.22,51.125,51.22,1639
2020-12-08 15:54:00-05:00,51.265,51.58,51.09,51.235,2794
2020-12-08 15:56:00-05:00,51.31,51.31,51.22,51.22,992
2020-12-08 15:58:00-05:00,51.31,51.38,51.28,51.31,11525
2020-12-09 09:30:00-05:00,51.77,52.49,51.77,52.49,430
2020-12-09 09:34:00-05:00,51.65,51.81,51.11,51.11,3725
2020-12-09 09:38:00-05:00,51.6,51.6,51.6,51.6,474
2020-12-09 09:46:00-05:00,51.99,52.0,51.7,51.85,5539
2020-12-09 09:50:00-05:00,51.69,51.845,51.27,51.27,1444
2020-12-09 09:52:00-05:00,51.475,51.475,51.475,51.475,108
2020-12-09 09:54:00-05:00,51.4563,51.4563,51.4563,51.4563,383
2020-12-09 09:58:00-05:00,51.67,51.92,51.64,51.92,1466
2020-12-09 10:00:00-05:00,52.0,52.0624,52.0,52.0624,737
2020-12-09 10:04:00-05:00,52.065,52.065,52.065,52.065,419
2020-12-09 10:06:00-05:00,52.06,52.06,52.03,52.06,310
2020-12-09 10:10:00-05:00,52.06,52.06,51.5,51.515,13749
2020-12-09 10:12:00-05:00,51.345,51.345,51.345,51.345,101
2020-12-09 10:14:00-05:00,51.355,51.51,51.13,51.13,2950
2020-12-09 10:16:00-05:00,51.425,51.69,51.425,51.69,905
2020-12-09 10:18:00-05:00,51.79,51.79,51.79,51.79,357
2020-12-09 10:20:00-05:00,51.885,51.885,51.79,51.79,755
2020-12-09 10:24:00-05:00,51.98,52.0,51.98,52.0,1054
2020-12-09 10:30:00-05:00,51.955,51.955,51.955,51.955,121
2020-12-09 10:32:00-05:00,52.03,52.03,51.82,51.855,2942
2020-12-09 10:36:00-05:00,51.73,51.73,51.37,51.37,1005
2020-12-09 10:52:00-05:00,51.82,51.965,51.82,51.965,605
2020-12-09 10:58:00-05:00,51.78,51.78,51.64,51.64,1443
2020-12-09 11:06:00-05:00,51.55,51.61,51.35,51.365,2331
2020-12-09 11:08:00-05:00,51.63,51.67,51.63,51.67,1390
2020-12-09 11:10:00-05:00,51.71,51.78,51.65,51.655,3160
2020-12-09 11:14:00-05:00,51.78,51.78,51.78,51.78,1062
2020-12-09 11:36:00-05:00,51.98,52.04,51.89,51.89,3937
2020-12-09 11:38:00-05:00,51.965,51.965,51.845,51.845,830
2020-12-09 11:44:00-05:00,51.74,51.8,51.53,51.62,2251
2020-12-09 11:46:00-05:00,51.675,51.675,51.675,51.675,201
2020-12-09 11:48:00-05:00,51.75,51.765,51.67,51.765,917
2020-12-09 12:02:00-05:00,51.83,51.83,51.83,51.83,112
2020-12-09 12:06:00-05:00,51.717,51.717,51.717,51.717,140
2020-12-09 12:10:00-05:00,51.85,51.86,51.84,51.84,508
2020-12-09 12:12:00-05:00,51.91,51.91,51.59,51.6,2569
2020-12-09 12:26:00-05:00,51.49,51.49,51.49,51.49,122
2020-12-09 12:28:00-05:00,51.49,51.49,51.07,51.14,4073
2020-12-09 12:30:00-05:00,51.245,51.245,51.245,51.245,201
2020-12-09 12:32:00-05:00,51.36,51.36,51.36,51.36,107
2020-12-09 12:34:00-05:00,51.37,51.43,51.2,51.31,2897
2020-12-09 12:36:00-05:00,51.31,51.31,51.31,51.31,245
2020-12-09 12:38:00-05:00,51.31,51.42,51.31,51.42,901
2020-12-09 12:40:00-05:00,51.31,51.32,51.16,51.295,2509
2020-12-09 12:42:00-05:00,51.295,51.43,51.295,51.43,438
2020-12-09 12:46:00-05:00,51.3,51.3,51.3,51.3,421
2020-12-09 12:48:00-05:00,51.17,51.36,51.01,51.33,3250
2020-12-09 12:50:00-05:00,51.15,51.15,51.09,51.09,451
2020-12-09 12:52:00-05:00,51.0,51.11,51.0,51.11,279
2020-12-09 12:56:00-05:00,51.04,51.13,50.81,50.86,1311
2020-12-09 12:58:00-05:00,50.86,50.86,50.86,50.86,101
2020-12-09 13:00:00-05:00,50.825,50.94,50.74,50.74,366
2020-12-09 13:04:00-05:00,50.5601,50.735,50.5601,50.73,485
2020-12-09 13:06:00-05:00,50.72,50.87,50.71,50.71,761
2020-12-09 13:08:00-05:00,50.79,50.8,50.68,50.68,1265
2020-12-09 13:10:00-05:00,50.64,50.64,50.42,50.63,919
2020-12-09 13:12:00-05:00,50.4,50.4,50.21,50.21,757
2020-12-09 13:16:00-05:00,50.28,50.28,50.28,50.28,205
2020-12-09 13:18:00-05:00,50.27,50.28,50.05,50.11,3666
2020-12-09 13:24:00-05:00,50.11,50.11,50.11,50.11,580
2020-12-09 13:32:00-05:00,49.8,49.805,49.8,49.805,348
2020-12-09 13:34:00-05:00,49.725,49.85,49.66,49.85,1641
2020-12-09 13:36:00-05:00,49.93,49.93,49.93,49.93,105
2020-12-09 13:38:00-05:00,49.94,49.94,49.94,49.94,556
2020-12-09 13:40:00-05:00,50.0,50.0,49.88,49.88,2212
2020-12-09 13:42:00-05:00,49.845,49.8489,49.845,49.8489,469
2020-12-09 13:48:00-05:00,49.87,49.91,49.81,49.91,1358
2020-12-09 13:52:00-05:00,49.83,49.87,49.8,49.8,1896
2020-12-09 13:54:00-05:00,49.825,49.825,49.53,49.635,6314
2020-12-09 13:56:00-05:00,49.5,49.5,49.5,49.5,212
2020-12-09 13:58:00-05:00,49.68,49.76,49.65,49.675,2664
2020-12-09 14:00:00-05:00,49.86,49.86,49.86,49.86,547
2020-12-09 14:02:00-05:00,49.75,49.83,49.75,49.83,1131
2020-12-09 14:04:00-05:00,49.84,49.84,49.84,49.84,183
2020-12-09 14:06:00-05:00,50.0,50.01,49.8,49.8,2770
2020-12-09 14:08:00-05:00,49.88,49.88,49.88,49.88,117
2020-12-09 14:10:00-05:00,49.91,49.91,49.91,49.91,773
2020-12-09 14:12:00-05:00,50.005,50.15,50.005,50.15,803
2020-12-09 14:14:00-05:00,50.17,50.24,49.9904,49.9904,4089
2020-12-09 14:22:00-05:00,50.305,50.32,50.305,50.32,214
2020-12-09 14:24:00-05:00,50.41,50.52,50.41,50.52,648
2020-12-09 14:26:00-05:00,50.61,50.61,50.59,50.59,308
2020-12-09 14:28:00-05:00,50.585,50.76,50.585,50.76,630
2020-12-09 14:32:00-05:00,50.635,50.64,50.635,50.64,339
2020-12-09 14:34:00-05:00,50.76,50.76,50.76,50.76,258
2020-12-09 14:36:00-05:00,50.66,50.82,50.66,50.81,936
2020-12-09 14:38:00-05:00,50.85,51.03,50.85,51.03,583
2020-12-09 14:40:00-05:00,50.87,50.87,50.75,50.75,945
2020-12-09 14:42:00-05:00,50.675,50.675,50.675,50.675,150
2020-12-09 14:44:00-05:00,50.56,50.6,50.56,50.6,449
2020-12-09 14:48:00-05:00,50.56,50.71,50.56,50.71,619
2020-12-09 14:52:00-05:00,50.595,50.67,50.595,50.67,811
2020-12-09 14:54:00-05:00,50.695,50.695,50.695,50.695,257
2020-12-09 14:56:00-05:00,50.8,50.8,50.78,50.78,333
2020-12-09 14:58:00-05:00,50.745,50.745,50.745,50.745,102
2020-12-09 15:00:00-05:00,50.67,50.81,50.67,50.81,400
2020-12-09 15:02:00-05:00,50.85,50.93,50.85,50.93,308
2020-12-09 15:06:00-05:00,50.93,50.94,50.93,50.94,821
2020-12-09 15:08:00-05:00,51.03,51.03,51.03,51.03,222
2020-12-09 15:10:00-05:00,50.99,50.99,50.98,50.98,1031
2020-12-09 15:14:00-05:00,50.94,50.99,50.83,50.91,1748
2020-12-09 15:16:00-05:00,50.97,50.97,50.76,50.895,939
2020-12-09 15:18:00-05:00,50.865,50.865,50.865,50.865,116
2020-12-09 15:20:00-05:00,50.97,50.97,50.955,50.955,751
2020-12-09 15:22:00-05:00,50.85,50.89,50.85,50.89,270
2020-12-09 15:24:00-05:00,50.89,50.89,50.68,50.8025,1498
2020-12-09 15:32:00-05:00,50.73,50.73,50.73,50.73,106
2020-12-09 15:34:00-05:00,50.67,50.67,50.67,50.67,155
2020-12-09 15:36:00-05:00,50.76,50.84,50.755,50.84,891
2020-12-09 15:38:00-05:00,50.815,50.86,50.76,50.85,1672
2020-12-09 15:40:00-05:00,50.81,50.88,50.81,50.86,828
2020-12-09 15:42:00-05:00,50.9,50.91,50.83,50.87,2271
2020-12-09 15:44:00-05:00,50.92,50.99,50.92,50.92,2114
2020-12-09 15:46:00-05:00,50.92,50.96,50.915,50.96,703
2020-12-09 15:48:00-05:00,50.965,50.965,50.89,50.89,1541
2020-12-09 15:50:00-05:00,50.83,50.83,50.83,50.83,278
2020-12-09 15:52:00-05:00,50.87,50.87,50.77,50.77,682
2020-12-09 15:54:00-05:00,50.83,50.9,50.82,50.9,1926
2020-12-09 15:56:00-05:00,50.9,50.94,50.72,50.75,5066
2020-12-09 15:58:00-05:00,50.815,50.89,50.71,50.79,9072
2020-12-10 09:30:00-05:00,50.32,50.32,50.32,50.32,643
2020-12-10 09:32:00-05:00,50.84,51.35,50.84,51.35,340
2020-12-10 09:34:00-05:00,50.48,51.32,50.48,50.665,1486
2020-12-10 09:36:00-05:00,49.95,49.95,49.93,49.93,378
2020-12-10 09:40:00-05:00,50.61,50.61,50.515,50.515,363
2020-12-10 09:44:00-05:00,51.03,51.03,51.03,51.03,398
2020-12-10 09:48:00-05:00,51.57,51.57,51.57,51.57,418
2020-12-10 09:50:00-05:00,51.615,51.615,51.615,51.615,124
2020-12-10 09:52:00-05:00,51.7,52.0099,51.03,51.03,771
2020-12-10 09:54:00-05:00,51.52,51.575,51.505,51.505,371
2020-12-10 09:56:00-05:00,51.5,51.5,51.5,51.5,169
2020-12-10 10:02:00-05:00,51.2,51.2,51.2,51.2,112
2020-12-10 10:04:00-05:00,51.08,51.265,51.08,51.25,724
2020-12-10 10:06:00-05:00,51.235,51.235,51.235,51.235,210
2020-12-10 10:08:00-05:00,51.19,51.19,51.18,51.18,230
2020-12-10 10:10:00-05:00,51.295,51.295,50.6,50.75,5425
2020-12-10 10:12:00-05:00,50.75,50.75,50.57,50.57,1490
2020-12-10 10:14:00-05:00,50.635,50.635,50.635,50.635,479
2020-12-10 10:16:00-05:00,50.75,50.865,50.32,50.74,31954
2020-12-10 10:18:00-05:00,50.73,50.83,50.58,50.82,3201
2020-12-10 10:20:00-05:00,51.06,51.24,50.82,51.125,3375
2020-12-10 10:22:00-05:00,51.29,51.37,51.04,51.04,1163
2020-12-10 10:24:00-05:00,51.58,51.58,51.07,51.48,601
2020-12-10 10:26:00-05:00,51.48,51.48,51.48,51.48,119
2020-12-10 10:28:00-05:00,51.325,51.49,51.325,51.49,271
2020-12-10 10:30:00-05:00,51.325,51.5225,51.08,51.08,990
2020-12-10 10:34:00-05:00,51.32,51.32,51.32,51.32,225
2020-12-10 10:38:00-05:00,51.325,51.325,51.09,51.17,333
2020-12-10 10:40:00-05:00,51.07,51.08,50.8,50.83,2320
2020-12-10 10:42:00-05:00,51.13,51.43,51.01,51.01,1711
2020-12-10 10:44:00-05:00,51.29,51.29,51.29,51.29,113
2020-12-10 10:48:00-05:00,51.215,51.215,51.215,51.215,112
2020-12-10 10:52:00-05:00,51.2,51.2,51.085,51.085,2076
2020-12-10 10:54:00-05:00,51.085,51.3,51.085,51.3,1083
2020-12-10 10:56:00-05:00,51.15,51.15,51.15,51.15,219
2020-12-10 11:00:00-05:00,51.135,51.23,51.135,51.23,222
2020-12-10 11:02:00-05:00,51.13,51.13,51.13,51.13,156
2020-12-10 11:04:00-05:00,50.96,50.96,50.83,50.835,1242
2020-12-10 11:08:00-05:00,51.03,51.03,50.9,50.9,274
2020-12-10 11:10:00-05:00,50.75,50.75,50.57,50.57,1059
2020-12-10 11:12:00-05:00,50.5,50.5,50.5,50.5,100
2020-12-10 11:14:00-05:00,50.32,50.32,50.32,50.32,235
2020-12-10 11:16:00-05:00,50.65,50.65,50.5,50.57,553
2020-12-10 11:20:00-05:00,50.71,50.72,50.625,50.72,1314
2020-12-10 11:24:00-05:00,50.62,50.62,50.62,50.62,100
2020-12-10 11:26:00-05:00,50.54,50.56,50.5,50.56,598
2020-12-10 11:28:00-05:00,50.64,50.64,50.64,50.64,116
2020-12-10 11:30:00-05:00,50.69,50.69,50.69,50.69,141
2020-12-10 11:32:00-05:00,50.75,50.75,50.615,50.615,464
2020-12-10 11:34:00-05:00,50.615,50.615,50.615,50.615,222
2020-12-10 11:36:00-05:00,50.615,50.62,50.5062,50.62,649
2020-12-10 11:38:00-05:00,50.615,50.615,50.615,50.615,207
2020-12-10 11:40:00-05:00,50.615,50.615,50.615,50.615,178
2020-12-10 11:42:00-05:00,50.61,50.615,50.61,50.615,576
2020-12-10 11:48:00-05:00,50.715,50.715,50.715,50.715,134
2020-12-10 11:50:00-05:00,50.625,50.7,50.6,50.7,428
2020-12-10 11:52:00-05:00,50.71,50.71,50.48,50.6,14960
2020-12-10 11:58:00-05:00,50.62,50.63,50.62,50.63,219
2020-12-10 12:00:00-05:00,50.56,50.56,50.56,50.56,192
2020-12-10 12:04:00-05:00,50.63,50.63,50.63,50.63,135
2020-12-10 12:06:00-05:00,50.635,50.64,50.635,50.64,312
2020-12-10 12:08:00-05:00,50.64,50.82,50.64,50.82,1245
2020-12-10 12:12:00-05:00,50.955,50.955,50.86,50.86,1045
2020-12-10 12:14:00-05:00,50.86,50.86,50.86,50.86,104
2020-12-10 12:18:00-05:00,50.91,50.91,50.91,50.91,138
2020-12-10 12:22:00-05:00,50.9445,50.9445,50.88,50.88,481
2020-12-10 12:24:00-05:00,51.0,51.0,50.935,50.935,780
2020-12-10 12:28:00-05:00,50.9,50.9,50.9,50.9,132
2020-12-10 12:30:00-05:00,50.93,50.93,50.93,50.93,100
2020-12-10 12:32:00-05:00,51.0,51.0,50.66,50.66,2957
2020-12-10 12:36:00-05:00,50.52,50.52,50.52,50.52,105
2020-12-10 12:38:00-05:00,50.58,50.655,50.58,50.655,243
2020-12-10 12:40:00-05:00,50.69,50.69,50.69,50.69,213
2020-12-10 12:42:00-05:00,50.72,50.72,50.72,50.72,153
2020-12-10 12:46:00-05:00,50.77,50.77,50.77,50.77,167
2020-12-10 12:48:00-05:00,50.74,50.74,50.74,50.74,189
2020-12-10 12:54:00-05:00,50.735,50.735,50.735,50.735,5519
2020-12-10 12:56:00-05:00,50.735,50.8,50.735,50.79,748
2020-12-10 13:04:00-05:00,50.945,50.96,50.945,50.96,378
2020-12-10 13:06:00-05:00,50.9,50.9,50.71,50.71,1311
2020-12-10 13:08:00-05:00,50.785,50.81,50.785,50.81,287
2020-12-10 13:10:00-05:00,50.7515,50.78,50.7515,50.78,521
2020-12-10 13:12:00-05:00,50.75,50.75,50.75,50.75,493
2020-12-10 13:14:00-05:00,50.785,50.785,50.7506,50.7506,311
2020-12-10 13:16:00-05:00,50.85,50.85,50.85,50.85,282
2020-12-10 13:20:00-05:00,50.83,50.85,50.82,50.85,1024
2020-12-10 13:22:00-05:00,50.9,50.905,50.775,50.905,699
2020-12-10 13:24:00-05:00,50.9,50.91,50.9,50.91,631
2020-12-10 13:26:00-05:00,50.82,50.82,50.7405,50.7405,387
2020-12-10 13:28:00-05:00,50.82,50.92,50.82,50.92,495
2020-12-10 13:30:00-05:00,50.75,50.75,50.75,50.75,439
2020-12-10 13:32:00-05:00,50.88,50.96,50.88,50.96,552
2020-12-10 13:38:00-05:00,50.82,50.82,50.82,50.82,329
2020-12-10 13:40:00-05:00,50.96,50.96,50.96,50.96,273
2020-12-10 13:44:00-05:00,50.96,50.96,50.96,50.96,248
2020-12-10 13:46:00-05:00,50.81,50.81,50.805,50.805,455
2020-12-10 13:48:00-05:00,50.775,50.92,50.775,50.88,1110
2020-12-10 13:54:00-05:00,50.99,50.99,50.99,50.99,193
2020-12-10 13:56:00-05:00,50.97,50.99,50.97,50.99,500
2020-12-10 13:58:00-05:00,51.0,51.0,51.0,51.0,1046
2020-12-10 14:00:00-05:00,51.005,51.005,51.0,51.0,346
2020-12-10 14:04:00-05:00,51.0,51.04,50.96,50.96,525
2020-12-10 14:06:00-05:00,51.02,51.02,51.02,51.02,171
2020-12-10 14:08:00-05:00,51.02,51.02,51.0,51.0,353
2020-12-10 14:12:00-05:00,51.0,51.09,50.98,50.98,780
2020-12-10 14:18:00-05:00,51.2,51.2,51.2,51.2,245
2020-12-10 14:24:00-05:00,51.1,51.1,50.98,51.08,1308
2020-12-10 14:28:00-05:00,51.08,51.08,51.08,51.08,298
2020-12-10 14:30:00-05:00,51.085,51.085,50.98,50.98,599
2020-12-10 14:34:00-05:00,50.89,51.005,50.87,50.95,1984
2020-12-10 14:40:00-05:00,51.055,51.055,51.055,51.055,255
2020-12-10 14:44:00-05:00,51.14,51.16,51.1175,51.16,804
2020-12-10 14:50:00-05:00,51.29,51.29,51.29,51.29,344
2020-12-10 14:54:00-05:00,51.33,51.33,51.33,51.33,140
2020-12-10 14:56:00-05:00,51.375,51.47,51.375,51.47,603
2020-12-10 14:58:00-05:00,51.37,51.37,51.37,51.37,134
2020-12-10 15:00:00-05:00,51.43,51.46,51.38,51.46,414
2020-12-10 15:02:00-05:00,51.49,51.5,51.45,51.5,4848
2020-12-10 15:06:00-05:00,51.64,51.64,51.64,51.64,462
2020-12-10 15:08:00-05:00,51.6099,51.6099,51.49,51.49,1047
2020-12-10 15:10:00-05:00,51.55,51.55,51.52,51.52,573
2020-12-10 15:14:00-05:00,51.605,51.605,51.6,51.6,425
2020-12-10 15:16:00-05:00,51.64,51.7,51.64,51.7,512
2020-12-10 15:22:00-05:00,51.77,51.77,51.77,51.77,252
2020-12-10 15:24:00-05:00,51.83,51.91,51.83,51.91,465
2020-12-10 15:28:00-05:00,52.0,52.0,51.925,52.0,5353
2020-12-10 15:30:00-05:00,52.0,52.0,51.8,51.87,1664
2020-12-10 15:32:00-05:00,51.87,51.93,51.87,51.93,309
2020-12-10 15:34:00-05:00,51.93,51.94,51.92,51.94,1067
2020-12-10 15:40:00-05:00,51.96,51.96,51.96,51.96,132
2020-12-10 15:42:00-05:00,51.99,51.99,51.95,51.95,678
2020-12-10 15:44:00-05:00,51.9,51.95,51.86,51.86,700
2020-12-10 15:46:00-05:00,51.905,51.905,51.905,51.905,572
2020-12-10 15:48:00-05:00,51.82,51.93,51.655,51.655,2250
2020-12-10 15:50:00-05:00,51.82,51.87,51.46,51.46,1677
2020-12-10 15:52:00-05:00,51.94,51.94,51.94,51.94,467
2020-12-10 15:54:00-05:00,51.91,51.91,51.775,51.8,3747
2020-12-10 15:56:00-05:00,51.88,51.98,51.88,51.89,1318
2020-12-10 15:58:00-05:00,51.79,51.98,51.79,51.88,8478
2020-12-11 09:30:00-05:00,52.02,52.25,52.02,52.25,2061
2020-12-11 09:42:00-05:00,52.13,52.13,52.13,52.13,206
2020-12-11 09:44:00-05:00,51.87,52.2099,51.87,52.2099,447
2020-12-11 09:46:00-05:00,52.39,52.51,52.32,52.32,1376
2020-12-11 09:56:00-05:00,52.56,52.96,52.54,52.58,1884
2020-12-11 09:58:00-05:00,52.58,52.58,51.75,51.75,4165
2020-12-11 10:00:00-05:00,51.65,51.75,51.45,51.75,790
2020-12-11 10:02:00-05:00,51.5575,51.605,51.21,51.21,930
2020-12-11 10:04:00-05:00,51.285,51.82,51.285,51.82,2548
2020-12-11 10:06:00-05:00,51.75,51.76,51.575,51.575,2223
2020-12-11 10:12:00-05:00,51.75,51.75,51.67,51.75,2113
2020-12-11 10:14:00-05:00,51.7,51.7,51.7,51.7,261
2020-12-11 10:26:00-05:00,51.63,51.82,51.63,51.69,3389
2020-12-11 10:28:00-05:00,51.63,51.63,51.58,51.58,2159
2020-12-11 10:30:00-05:00,51.56,51.61,51.555,51.61,646
2020-12-11 10:32:00-05:00,51.71,51.71,51.71,51.71,125
2020-12-11 10:34:00-05:00,51.72,51.84,51.675,51.75,7861
2020-12-11 10:38:00-05:00,51.5,51.5,51.5,51.5,501
2020-12-11 10:46:00-05:00,51.4,51.4,51.3,51.3,486
2020-12-11 10:50:00-05:00,51.01,51.01,51.01,51.01,737
2020-12-11 11:00:00-05:00,50.92,50.92,50.92,50.92,103
2020-12-11 11:02:00-05:00,51.05,51.05,51.05,51.05,232
2020-12-11 11:04:00-05:00,51.0,51.05,51.0,51.05,768
2020-12-11 11:06:00-05:00,50.97,50.97,50.97,50.97,466
2020-12-11 11:08:00-05:00,50.88,50.88,50.88,50.88,335
2020-12-11 11:12:00-05:00,50.98,50.98,50.98,50.98,147
2020-12-11 11:20:00-05:00,50.9,50.9,50.9,50.9,102
2020-12-11 11:22:00-05:00,50.88,50.88,50.88,50.88,217
2020-12-11 11:24:00-05:00,50.9,50.9,50.9,50.9,489
2020-12-11 11:28:00-05:00,50.9,50.99,50.9,50.925,26144
2020-12-11 11:30:00-05:00,50.99,51.23,50.99,51.23,1752
2020-12-11 11:34:00-05:00,51.22,51.22,51.22,51.22,553
2020-12-11 11:36:00-05:00,51.25,51.25,51.25,51.25,373
2020-12-11 11:38:00-05:00,51.1,51.11,51.1,51.11,706
2020-12-11 11:40:00-05:00,51.06,51.06,51.06,51.06,393
2020-12-11 11:42:00-05:00,50.95,50.95,50.95,50.95,515
2020-12-11 11:46:00-05:00,50.89,51.045,50.89,51.045,303
2020-12-11 11:48:00-05:00,51.045,51.045,51.045,51.045,303
2020-12-11 11:52:00-05:00,51.0,51.015,50.95,50.95,11792
2020-12-11 11:56:00-05:00,50.99,50.99,50.99,50.99,130
2020-12-11 11:58:00-05:00,51.08,51.12,51.08,51.12,513
2020-12-11 12:00:00-05:00,51.2,51.39,51.2,51.39,2002
2020-12-11 12:04:00-05:00,51.43,51.43,51.43,51.43,113
2020-12-11 12:06:00-05:00,51.43,51.53,51.43,51.53,243
2020-12-11 12:08:00-05:00,51.595,51.595,51.595,51.595,246
2020-12-11 12:12:00-05:00,51.59,51.59,51.59,51.59,470
2020-12-11 12:14:00-05:00,51.74,51.74,51.74,51.74,138
2020-12-11 12:16:00-05:00,51.54,51.54,51.54,51.54,423
2020-12-11 12:20:00-05:00,51.43,51.43,51.43,51.43,931
2020-12-11 12:26:00-05:00,51.18,51.18,51.18,51.18,101
2020-12-11 12:28:00-05:00,51.32,51.34,51.32,51.34,1192
2020-12-11 12:30:00-05:00,51.48,51.48,51.48,51.48,1130
2020-12-11 12:50:00-05:00,51.46,51.46,51.46,51.46,731
2020-12-11 12:56:00-05:00,51.59,51.59,51.59,51.59,175
2020-12-11 13:00:00-05:00,51.55,51.55,51.55,51.55,106
2020-12-11 13:06:00-05:00,51.57,51.57,51.57,51.57,167
2020-12-11 13:12:00-05:00,51.64,51.79,51.64,51.79,758
2020-12-11 13:16:00-05:00,51.83,51.83,51.83,51.83,277
2020-12-11 13:22:00-05:00,51.84,51.84,51.84,51.84,212
2020-12-11 13:26:00-05:00,51.855,51.855,51.855,51.855,192
2020-12-11 13:28:00-05:00,51.97,51.97,51.97,51.97,529
2020-12-11 13:30:00-05:00,52.06,52.24,52.06,52.24,344
2020-12-11 13:34:00-05:00,52.23,52.3,52.23,52.3,2035
2020-12-11 13:36:00-05:00,52.515,52.515,52.515,52.515,536
2020-12-11 13:42:00-05:00,52.365,52.5,52.365,52.37,401
2020-12-11 13:44:00-05:00,52.37,52.37,52.37,52.37,208
2020-12-11 13:48:00-05:00,52.39,52.39,52.39,52.39,104
2020-12-11 13:50:00-05:00,52.505,52.505,52.365,52.365,668
2020-12-11 13:52:00-05:00,52.385,52.385,52.385,52.385,405
2020-12-11 13:58:00-05:00,52.415,52.415,51.975,51.975,4119
2020-12-11 14:00:00-05:00,51.82,51.86,51.735,51.86,2546
2020-12-11 14:02:00-05:00,51.795,51.9894,51.795,51.9894,740
2020-12-11 14:04:00-05:00,52.03,52.14,52.03,52.05,1391
2020-12-11 14:06:00-05:00,51.96,52.11,51.96,52.11,310
2020-12-11 14:10:00-05:00,52.02,52.02,52.02,52.02,292
2020-12-11 14:26:00-05:00,51.99,51.99,51.99,51.99,102
2020-12-11 14:28:00-05:00,51.99,51.99,51.795,51.795,1095
2020-12-11 14:30:00-05:00,51.645,51.645,51.645,51.645,430
2020-12-11 14:36:00-05:00,51.66,51.66,51.66,51.66,113
2020-12-11 14:38:00-05:00,51.65,51.65,51.65,51.65,285
2020-12-11 14:42:00-05:00,51.58,51.58,51.58,51.58,430
2020-12-11 14:44:00-05:00,51.5,51.6,51.5,51.6,204
2020-12-11 14:46:00-05:00,51.545,51.545,51.545,51.545,101
2020-12-11 14:50:00-05:00,51.53,51.54,51.53,51.54,671
2020-12-11 14:52:00-05:00,51.58,51.58,51.5225,51.55,1036
2020-12-11 14:58:00-05:00,51.61,51.61,51.535,51.6,403
2020-12-11 15:00:00-05:00,51.54,51.54,51.54,51.54,481
2020-12-11 15:02:00-05:00,51.525,51.525,51.525,51.525,142
2020-12-11 15:06:00-05:00,51.505,51.505,51.505,51.505,546
2020-12-11 15:12:00-05:00,51.62,51.62,51.53,51.53,212
2020-12-11 15:14:00-05:00,51.58,51.58,51.58,51.58,113
2020-12-11 15:16:00-05:00,51.61,51.615,51.61,51.615,211
2020-12-11 15:18:00-05:00,51.64,51.66,51.64,51.66,662
2020-12-11 15:20:00-05:00,51.63,51.695,51.63,51.695,452
2020-12-11 15:22:00-05:00,51.665,51.7466,51.665,51.7466,263
2020-12-11 15:26:00-05:00,51.66,51.73,51.66,51.73,324
2020-12-11 15:28:00-05:00,51.66,51.66,51.66,51.66,299
2020-12-11 15:30:00-05:00,51.71,51.71,51.71,51.71,111
2020-12-11 15:32:00-05:00,51.69,51.758,51.69,51.71,876
2020-12-11 15:34:00-05:00,51.66,51.66,51.44,51.44,2103
2020-12-11 15:40:00-05:00,51.505,51.505,51.44,51.44,428
2020-12-11 15:42:00-05:00,51.46,51.46,51.39,51.39,821
2020-12-11 15:44:00-05:00,51.34,51.34,51.21,51.21,634
2020-12-11 15:46:00-05:00,51.285,51.34,51.285,51.34,1109
2020-12-11 15:48:00-05:00,51.36,51.36,51.28,51.305,1311
2020-12-11 15:50:00-05:00,51.37,51.39,51.34,51.39,863
2020-12-11 15:52:00-05:00,51.35,51.4,51.32,51.37,3467
2020-12-11 15:54:00-05:00,51.33,51.55,51.33,51.55,1688
2020-12-11 15:56:00-05:00,51.525,51.61,51.46,51.525,3062
2020-12-11 15:58:00-05:00,51.59,51.61,51.44,51.44,6361
2020-12-14 09:30:00-05:00,52.32,52.965,52.32,52.965,2147
2020-12-14 09:32:00-05:00,52.91,53.31,52.91,53.31,284
2020-12-14 09:34:00-05:00,53.22,53.74,52.64,53.25,2958
2020-12-14 09:38:00-05:00,53.2,53.2,53.0,53.0,1014
2020-12-14 09:42:00-05:00,53.01,53.01,52.72,53.0,3396
2020-12-14 09:44:00-05:00,52.24,52.24,52.24,52.24,1064
2020-12-14 09:48:00-05:00,52.99,53.0,52.98,53.0,782
2020-12-14 09:50:00-05:00,53.36,53.36,53.36,53.36,203
2020-12-14 09:52:00-05:00,53.76,54.0,53.76,54.0,1574
2020-12-14 09:54:00-05:00,54.0,54.26,54.0,54.26,1219
2020-12-14 09:56:00-05:00,54.34,54.34,54.24,54.24,1503
2020-12-14 09:58:00-05:00,54.34,54.34,53.94,54.26,1905
2020-12-14 10:00:00-05:00,54.34,54.79,54.34,54.79,1141
2020-12-14 10:02:00-05:00,54.62,54.81,54.42,54.62,1217
2020-12-14 10:04:00-05:00,54.61,54.8,54.4624,54.4624,774
2020-12-14 10:06:00-05:00,54.82,54.97,54.7875,54.97,1959
2020-12-14 10:08:00-05:00,54.885,54.885,54.885,54.885,659
2020-12-14 10:10:00-05:00,54.99,55.0,54.89,54.89,1052
2020-12-14 10:12:00-05:00,55.0,55.0,54.89,54.96,946
2020-12-14 10:14:00-05:00,54.69,54.96,54.68,54.725,2361
2020-12-14 10:16:00-05:00,54.67,54.67,54.02,54.0637,8038
2020-12-14 10:18:00-05:00,54.1534,54.26,54.12,54.1625,4321
2020-12-14 10:20:00-05:00,54.34,54.34,54.21,54.21,452
2020-12-14 10:22:00-05:00,54.21,54.21,54.21,54.21,295
2020-12-14 10:24:00-05:00,54.1,54.1,54.1,54.1,254
2020-12-14 10:26:00-05:00,54.0,54.0,53.76,53.76,1567
2020-12-14 10:32:00-05:00,53.31,53.37,53.24,53.24,759
2020-12-14 10:36:00-05:00,53.24,53.26,53.0,53.0,699
2020-12-14 10:38:00-05:00,53.31,53.34,53.225,53.24,1789
2020-12-14 10:40:00-05:00,53.18,53.24,53.0,53.13,2422
2020-12-14 10:42:00-05:00,53.03,53.03,53.0,53.0,857
2020-12-14 10:44:00-05:00,53.0,53.0,52.7,52.7,1618
2020-12-14 10:46:00-05:00,52.655,52.655,52.57,52.57,996
2020-12-14 10:48:00-05:00,52.52,52.55,52.31,52.31,7498
2020-12-14 10:50:00-05:00,52.51,52.84,52.38,52.525,4622
2020-12-14 10:54:00-05:00,52.57,52.76,52.4725,52.76,800
2020-12-14 10:56:00-05:00,52.68,52.68,52.68,52.68,285
2020-12-14 10:58:00-05:00,52.69,52.75,52.64,52.75,582
2020-12-14 11:00:00-05:00,52.75,52.82,52.69,52.76,1436
2020-12-14 11:02:00-05:00,52.72,52.75,52.64,52.715,787
2020-12-14 11:04:00-05:00,52.7,52.7,52.7,52.7,461
2020-12-14 11:06:00-05:00,52.85,52.97,52.85,52.97,781
2020-12-14 11:10:00-05:00,52.93,52.97,52.93,52.945,1501
2020-12-14 11:18:00-05:00,53.0,53.0,53.0,53.0,294
2020-12-14 11:22:00-05:00,52.94,53.16,52.94,53.16,628
2020-12-14 11:24:00-05:00,53.12,53.12,53.01,53.01,414
2020-12-14 11:26:00-05:00,53.17,53.17,53.16,53.16,500
2020-12-14 11:28:00-05:00,53.0,53.0,53.0,53.0,262
2020-12-14 11:30:00-05:00,53.0,53.045,53.0,53.045,1240
2020-12-14 11:32:00-05:00,52.87,52.975,52.75,52.78,2028
2020-12-14 11:36:00-05:00,52.845,52.845,52.845,52.845,324
2020-12-14 11:40:00-05:00,52.96,52.96,52.75,52.75,905
2020-12-14 11:42:00-05:00,52.8107,52.9,52.75,52.8,1842
2020-12-14 11:44:00-05:00,52.73,52.815,52.73,52.815,702
2020-12-14 11:46:00-05:00,52.82,52.85,52.82,52.85,452
2020-12-14 11:48:00-05:00,52.79,52.79,52.79,52.79,107
2020-12-14 11:50:00-05:00,52.72,52.84,52.72,52.75,2157
2020-12-14 11:52:00-05:00,52.74,52.74,52.64,52.715,866
2020-12-14 11:54:00-05:00,52.715,52.715,52.69,52.69,299
2020-12-14 11:56:00-05:00,52.71,52.71,52.45,52.45,8254
2020-12-14 11:58:00-05:00,52.4,52.62,52.4,52.59,2434
2020-12-14 12:02:00-05:00,52.61,52.61,52.61,52.61,100
2020-12-14 12:04:00-05:00,52.7,52.7,52.51,52.51,484
2020-12-14 12:06:00-05:00,52.61,52.67,52.52,52.61,1582
2020-12-14 12:14:00-05:00,52.62,52.62,52.62,52.62,416
2020-12-14 12:16:00-05:00,52.62,52.72,52.57,52.57,1193
2020-12-14 12:20:00-05:00,52.55,52.605,52.55,52.6,1439
2020-12-14 12:22:00-05:00,52.68,52.68,52.52,52.52,583
2020-12-14 12:24:00-05:00,52.52,52.55,52.42,52.42,1804
2020-12-14 12:26:00-05:00,52.495,52.495,52.495,52.495,234
2020-12-14 12:28:00-05:00,52.58,52.58,52.58,52.58,546
2020-12-14 12:30:00-05:00,52.635,52.72,52.46,52.6,2914
2020-12-14 12:34:00-05:00,52.49,52.72,52.49,52.67,744
2020-12-14 12:36:00-05:00,52.7,52.74,52.7,52.74,1014
2020-12-14 12:38:00-05:00,52.8,52.8,52.74,52.74,3018
2020-12-14 12:40:00-05:00,52.75,52.75,52.75,52.75,568
2020-12-14 12:42:00-05:00,52.69,52.69,52.61,52.61,611
2020-12-14 12:44:00-05:00,52.48,52.67,52.48,52.645,315
2020-12-14 12:46:00-05:00,52.58,52.58,52.44,52.44,606
2020-12-14 12:48:00-05:00,52.63,52.63,52.63,52.63,352
2020-12-14 12:52:00-05:00,52.5,52.575,52.26,52.28,1779
2020-12-14 12:54:00-05:00,52.47,52.47,52.4,52.41,481
2020-12-14 12:56:00-05:00,52.41,52.41,52.41,52.41,209
2020-12-14 12:58:00-05:00,52.44,52.44,52.24,52.285,1079
2020-12-14 13:00:00-05:00,52.21,52.21,52.2,52.2,401
2020-12-14 13:02:00-05:00,52.19,52.19,51.87,51.94,4063
2020-12-14 13:04:00-05:00,52.05,52.13,51.965,51.97,2739
2020-12-14 13:06:00-05:00,52.04,52.12,51.94,51.94,791
2020-12-14 13:08:00-05:00,51.995,51.995,51.88,51.88,341
2020-12-14 13:12:00-05:00,52.04,52.04,51.995,51.995,356
2020-12-14 13:14:00-05:00,52.13,52.5,52.07,52.48,7025
2020-12-14 13:16:00-05:00,52.5,52.55,52.425,52.54,2108
2020-12-14 13:18:00-05:00,52.45,52.59,52.27,52.59,2333
2020-12-14 13:20:00-05:00,52.665,52.665,52.63,52.63,609
2020-12-14 13:22:00-05:00,52.72,52.72,52.62,52.72,742
2020-12-14 13:24:00-05:00,52.645,52.71,52.64,52.665,729
2020-12-14 13:26:00-05:00,52.675,52.675,52.57,52.57,572
2020-12-14 13:28:00-05:00,52.33,52.33,52.33,52.33,119
2020-12-14 13:30:00-05:00,52.31,52.48,52.31,52.48,402
2020-12-14 13:32:00-05:00,52.48,52.48,52.48,52.48,342
2020-12-14 13:34:00-05:00,52.475,52.475,52.43,52.43,642
2020-12-14 13:36:00-05:00,52.395,52.395,52.395,52.395,464
2020-12-14 13:38:00-05:00,52.395,52.395,52.32,52.32,561
2020-12-14 13:40:00-05:00,52.39,52.39,52.39,52.39,168
2020-12-14 13:42:00-05:00,52.305,52.39,52.305,52.39,601
2020-12-14 13:44:00-05:00,52.39,52.39,52.39,52.39,107
2020-12-14 13:46:00-05:00,52.39,52.39,52.17,52.19,2356
2020-12-14 13:48:00-05:00,52.2,52.2,52.19,52.19,474
2020-12-14 13:50:00-05:00,52.28,52.28,52.28,52.28,465
2020-12-14 13:52:00-05:00,52.34,52.41,52.29,52.41,746
2020-12-14 13:54:00-05:00,52.565,52.565,52.565,52.565,111
2020-12-14 13:56:00-05:00,52.565,52.645,52.565,52.645,318
2020-12-14 13:58:00-05:00,52.605,52.655,52.42,52.545,7930
2020-12-14 14:04:00-05:00,52.555,52.695,52.555,52.695,1576
2020-12-14 14:06:00-05:00,52.695,52.75,52.69,52.74,1612
2020-12-14 14:08:00-05:00,52.75,52.8,52.705,52.8,2373
2020-12-14 14:10:00-05:00,52.8,52.8,52.735,52.8,1492
2020-12-14 14:12:00-05:00,52.735,52.8,52.735,52.735,719
2020-12-14 14:14:00-05:00,52.73,52.77,52.73,52.77,282
2020-12-14 14:16:00-05:00,52.735,52.735,52.735,52.735,6705
2020-12-14 14:18:00-05:00,52.735,52.8,52.735,52.8,1509
2020-12-14 14:24:00-05:00,53.32,53.405,53.32,53.405,457
2020-12-14 14:26:00-05:00,53.4,53.4,53.2,53.2,858
2020-12-14 14:30:00-05:00,53.22,53.22,53.22,53.22,101
2020-12-14 14:32:00-05:00,53.2113,53.22,53.2113,53.22,442
2020-12-14 14:34:00-05:00,53.14,53.14,53.14,53.14,118
2020-12-14 14:36:00-05:00,53.165,53.165,53.165,53.165,205
2020-12-14 14:38:00-05:00,53.07,53.07,52.895,52.895,694
2020-12-14 14:42:00-05:00,53.01,53.11,53.01,53.11,597
2020-12-14 14:44:00-05:00,53.175,53.175,53.175,53.175,210
2020-12-14 14:48:00-05:00,53.22,53.23,53.215,53.22,412
2020-12-14 14:50:00-05:00,53.22,53.22,53.205,53.205,342
2020-12-14 14:52:00-05:00,53.14,53.19,53.06,53.06,796
2020-12-14 14:56:00-05:00,53.16,53.23,53.155,53.16,1429
2020-12-14 14:58:00-05:00,53.06,53.065,52.84,52.925,1527
2020-12-14 15:00:00-05:00,52.925,52.925,52.925,52.925,201
2020-12-14 15:02:00-05:00,52.91,52.93,52.9,52.91,1021
2020-12-14 15:04:00-05:00,52.925,52.955,52.925,52.955,227
2020-12-14 15:06:00-05:00,52.995,53.07,52.97,53.025,1482
2020-12-14 15:08:00-05:00,52.96,52.96,52.96,52.96,207
2020-12-14 15:10:00-05:00,53.0,53.005,52.91,52.91,710
2020-12-14 15:12:00-05:00,52.88,52.935,52.87,52.935,519
2020-12-14 15:14:00-05:00,52.63,52.63,52.63,52.63,101
2020-12-14 15:16:00-05:00,52.82,52.9,52.82,52.845,1425
2020-12-14 15:18:00-05:00,52.84,52.84,52.61,52.61,1410
2020-12-14 15:20:00-05:00,52.5,52.59,52.5,52.59,1479
2020-12-14 15:22:00-05:00,52.7,52.7,52.61,52.69,495
2020-12-14 15:24:00-05:00,52.69,52.74,52.64,52.64,899
2020-12-14 15:26:00-05:00,52.7,52.8,52.7,52.8,577
2020-12-14 15:28:00-05:00,52.755,52.78,52.755,52.78,512
2020-12-14 15:30:00-05:00,52.755,52.755,52.65,52.65,1081
2020-12-14 15:32:00-05:00,52.71,52.805,52.71,52.8,885
2020-12-14 15:34:00-05:00,52.7,52.7,52.7,52.7,352
2020-12-14 15:36:00-05:00,52.715,52.76,52.715,52.76,394
2020-12-14 15:38:00-05:00,52.695,52.695,52.695,52.695,523
2020-12-14 15:40:00-05:00,52.695,52.695,52.62,52.655,1530
2020-12-14 15:42:00-05:00,52.51,52.61,52.44,52.61,1464
2020-12-14 15:44:00-05:00,52.515,52.605,52.44,52.44,1012
2020-12-14 15:46:00-05:00,52.585,52.595,52.46,52.595,683
2020-12-14 15:48:00-05:00,52.595,52.595,52.365,52.505,1600
2020-12-14 15:50:00-05:00,52.36,52.36,51.93,52.09,5769
2020-12-14 15:52:00-05:00,52.04,52.185,51.85,51.85,3562
2020-12-14 15:54:00-05:00,52.005,52.13,51.8,52.07,4755
2020-12-14 15:56:00-05:00,52.01,52.355,52.01,52.04,6688
2020-12-14 15:58:00-05:00,52.0,52.35,52.0,52.29,9330
2020-12-15 09:30:00-05:00,52.37,52.98,52.21,52.96,2213
2020-12-15 09:32:00-05:00,52.2,52.685,52.2,52.685,1883
2020-12-15 09:38:00-05:00,52.89,52.89,52.89,52.89,300
2020-12-15 09:40:00-05:00,52.43,52.43,52.43,52.43,405
2020-12-15 09:48:00-05:00,52.73,52.73,52.63,52.63,203
2020-12-15 09:50:00-05:00,52.71,52.95,52.71,52.9,1930
2020-12-15 09:52:00-05:00,53.21,53.21,53.205,53.205,629
2020-12-15 09:54:00-05:00,53.205,53.205,53.0,53.0,974
2020-12-15 09:58:00-05:00,53.0,53.135,52.78,52.885,2230
2020-12-15 10:00:00-05:00,53.0,53.0,53.0,53.0,361
2020-12-15 10:02:00-05:00,53.0,53.0,52.76,52.76,3205
2020-12-15 10:06:00-05:00,52.84,52.84,52.84,52.84,218
2020-12-15 10:08:00-05:00,52.84,52.84,52.84,52.84,149
2020-12-15 10:10:00-05:00,52.895,53.0,52.895,53.0,1012
2020-12-15 10:12:00-05:00,53.2,53.2,53.2,53.2,173
2020-12-15 10:14:00-05:00,53.398,53.398,53.398,53.398,144
2020-12-15 10:16:00-05:00,53.4,53.57,53.38,53.57,673
2020-12-15 10:18:00-05:00,53.72,53.72,53.64,53.645,748
2020-12-15 10:20:00-05:00,53.645,53.72,53.54,53.6,2987
2020-12-15 10:22:00-05:00,53.605,53.605,53.605,53.605,300
2020-12-15 10:24:00-05:00,53.605,53.605,53.605,53.605,136
2020-12-15 10:26:00-05:00,53.6,53.6,53.49,53.49,1443
2020-12-15 10:28:00-05:00,53.3,53.3,53.3,53.3,357
2020-12-15 10:32:00-05:00,53.36,53.36,53.36,53.36,121
2020-12-15 10:34:00-05:00,53.31,53.35,53.31,53.35,470
2020-12-15 10:38:00-05:00,53.41,53.41,53.41,53.41,125
2020-12-15 10:40:00-05:00,53.36,53.36,53.34,53.34,270
2020-12-15 10:44:00-05:00,53.345,53.345,53.345,53.345,188
2020-12-15 10:46:00-05:00,53.45,53.465,53.43,53.465,1723
2020-12-15 10:48:00-05:00,53.465,53.465,53.465,53.465,417
2020-12-15 10:52:00-05:00,53.36,53.37,53.08,53.08,2105
2020-12-15 10:56:00-05:00,52.865,52.865,52.865,52.865,126
2020-12-15 10:58:00-05:00,52.78,52.78,52.78,52.78,177
2020-12-15 11:00:00-05:00,52.71,52.71,52.71,52.71,591
2020-12-15 11:04:00-05:00,52.645,52.645,52.39,52.39,311
2020-12-15 11:06:00-05:00,52.454,52.454,52.38,52.38,406
2020-12-15 11:08:00-05:00,52.12,52.28,51.48,51.49,6328
2020-12-15 11:10:00-05:00,51.96,51.96,51.96,51.96,580
2020-12-15 11:12:00-05:00,51.91,52.07,51.71,52.07,2594
2020-12-15 11:14:00-05:00,51.79,52.41,51.7701,51.7701,970
2020-12-15 11:16:00-05:00,51.94,51.94,51.94,51.94,559
2020-12-15 11:26:00-05:00,51.91,52.035,51.77,51.89,1652
2020-12-15 11:28:00-05:00,51.8,51.8,51.8,51.8,215
2020-12-15 11:30:00-05:00,51.76,51.76,51.76,51.76,160
2020-12-15 11:34:00-05:00,51.87,51.87,51.87,51.87,153
2020-12-15 11:38:00-05:00,52.02,52.02,52.02,52.02,470
2020-12-15 11:40:00-05:00,52.4106,52.4106,52.4106,52.4106,456
2020-12-15 11:44:00-05:00,52.675,52.89,52.675,52.89,526
2020-12-15 11:48:00-05:00,52.69,52.74,52.445,52.455,3016
2020-12-15 11:54:00-05:00,52.3,52.3,52.3,52.3,100
2020-12-15 11:56:00-05:00,52.35,52.46,52.35,52.46,938
2020-12-15 12:04:00-05:00,52.67,52.67,52.67,52.67,693
2020-12-15 12:12:00-05:00,52.84,53.2,52.84,53.2,735
2020-12-15 12:14:00-05:00,53.02,53.02,52.74,52.74,1399
2020-12-15 12:16:00-05:00,52.645,52.645,52.645,52.645,365
2020-12-15 12:20:00-05:00,53.03,53.04,52.84,52.84,687
2020-12-15 12:24:00-05:00,53.05,53.2,53.05,53.2,1172
2020-12-15 12:26:00-05:00,53.05,53.05,53.05,53.05,351
2020-12-15 12:28:00-05:00,53.01,53.01,53.01,53.01,222
2020-12-15 12:34:00-05:00,53.07,53.08,53.07,53.08,354
2020-12-15 12:38:00-05:00,53.17,53.28,53.17,53.28,743
2020-12-15 12:40:00-05:00,53.28,53.36,53.25,53.25,1032
2020-12-15 12:42:00-05:00,53.25,53.25,53.25,53.25,329
2020-12-15 12:44:00-05:00,53.24,53.24,53.24,53.24,210
2020-12-15 12:46:00-05:00,53.21,53.21,53.21,53.21,160
2020-12-15 12:50:00-05:00,53.17,53.32,53.17,53.32,715
2020-12-15 12:56:00-05:00,53.37,53.37,53.37,53.37,101
2020-12-15 12:58:00-05:00,53.395,53.395,53.3,53.33,1144
2020-12-15 13:02:00-05:00,53.42,53.44,53.42,53.44,202
2020-12-15 13:04:00-05:00,53.39,53.39,53.39,53.39,101
2020-12-15 13:06:00-05:00,53.45,53.56,53.45,53.51,1156
2020-12-15 13:10:00-05:00,53.605,53.605,53.605,53.605,261
2020-12-15 13:12:00-05:00,53.58,53.595,53.49,53.595,1659
2020-12-15 13:14:00-05:00,53.72,53.72,53.62,53.68,2207
2020-12-15 13:16:00-05:00,53.68,53.72,53.65,53.65,4488
2020-12-15 13:18:00-05:00,53.72,53.72,53.61,53.62,2944
2020-12-15 13:20:00-05:00,53.615,53.615,53.53,53.53,854
2020-12-15 13:22:00-05:00,53.52,53.52,53.52,53.52,109
2020-12-15 13:24:00-05:00,53.56,53.56,53.56,53.56,139
2020-12-15 13:26:00-05:00,53.58,53.58,53.36,53.36,1435
2020-12-15 13:28:00-05:00,53.36,53.36,53.36,53.36,503
2020-12-15 13:40:00-05:00,53.52,53.54,53.52,53.54,203
2020-12-15 13:44:00-05:00,53.55,53.71,53.54,53.59,1062
2020-12-15 13:46:00-05:00,53.72,53.72,53.72,53.72,372
2020-12-15 13:48:00-05:00,53.72,53.72,53.72,53.72,227
2020-12-15 13:50:00-05:00,53.72,53.72,53.72,53.72,1879
2020-12-15 13:52:00-05:00,53.65,53.72,53.65,53.72,207
2020-12-15 13:54:00-05:00,53.685,53.685,53.64,53.65,1121
2020-12-15 13:58:00-05:00,53.72,53.78,53.69,53.77,1607
2020-12-15 14:02:00-05:00,53.77,53.775,53.77,53.775,338
2020-12-15 14:06:00-05:00,53.895,54.0,53.66,53.66,3780
2020-12-15 14:10:00-05:00,53.56,53.56,53.525,53.525,559
2020-12-15 14:14:00-05:00,53.545,53.545,53.545,53.545,234
2020-12-15 14:18:00-05:00,53.37,53.37,53.37,53.37,107
2020-12-15 14:20:00-05:00,53.48,53.48,53.41,53.41,297
2020-12-15 14:22:00-05:00,53.46,53.53,53.43,53.47,1613
2020-12-15 14:24:00-05:00,53.47,53.47,53.38,53.38,1487
2020-12-15 14:26:00-05:00,53.26,53.26,53.26,53.26,255
2020-12-15 14:30:00-05:00,53.22,53.28,53.22,53.28,508
2020-12-15 14:32:00-05:00,53.17,53.205,53.155,53.205,656
2020-12-15 14:34:00-05:00,53.13,53.13,53.105,53.105,315
2020-12-15 14:36:00-05:00,52.795,53.065,52.795,53.025,1643
2020-12-15 14:38:00-05:00,52.89,52.89,52.89,52.89,160
2020-12-15 14:40:00-05:00,53.0,53.0,53.0,53.0,302
2020-12-15 14:42:00-05:00,52.99,52.99,52.99,52.99,296
2020-12-15 14:44:00-05:00,52.98,52.98,52.98,52.98,250
2020-12-15 14:46:00-05:00,52.92,52.92,52.92,52.92,213
2020-12-15 14:48:00-05:00,52.92,52.925,52.74,52.855,1461
2020-12-15 14:50:00-05:00,52.74,52.92,52.74,52.92,556
2020-12-15 14:52:00-05:00,52.95,52.95,52.95,52.95,115
2020-12-15 14:54:00-05:00,52.95,52.95,52.95,52.95,155
2020-12-15 14:56:00-05:00,52.91,52.91,52.91,52.91,285
2020-12-15 14:58:00-05:00,52.97,52.97,52.97,52.97,217
2020-12-15 15:00:00-05:00,52.97,53.105,52.97,53.105,454
2020-12-15 15:02:00-05:00,53.19,53.265,53.19,53.265,345
2020-12-15 15:04:00-05:00,53.2,53.2,53.12,53.12,1410
2020-12-15 15:08:00-05:00,53.09,53.09,53.09,53.09,110
2020-12-15 15:10:00-05:00,53.01,53.01,52.93,52.93,1592
2020-12-15 15:14:00-05:00,52.89,52.89,52.89,52.89,164
2020-12-15 15:16:00-05:00,52.875,52.875,52.86,52.86,455
2020-12-15 15:18:00-05:00,52.845,52.845,52.845,52.845,155
2020-12-15 15:20:00-05:00,52.845,52.845,52.845,52.845,237
2020-12-15 15:22:00-05:00,52.855,52.855,52.855,52.855,341
2020-12-15 15:24:00-05:00,52.93,53.185,52.86,53.185,1586
2020-12-15 15:26:00-05:00,53.16,53.21,53.11,53.11,1082
2020-12-15 15:28:00-05:00,53.1,53.1,53.005,53.005,554
2020-12-15 15:30:00-05:00,53.11,53.14,53.11,53.14,246
2020-12-15 15:32:00-05:00,53.01,53.01,53.0,53.0,449
2020-12-15 15:34:00-05:00,52.985,52.985,52.985,52.985,150
2020-12-15 15:36:00-05:00,52.985,53.16,52.97,52.97,1379
2020-12-15 15:38:00-05:00,53.18,53.18,53.18,53.18,214
2020-12-15 15:40:00-05:00,53.28,53.28,53.055,53.07,564
2020-12-15 15:42:00-05:00,53.17,53.17,53.06,53.06,713
2020-12-15 15:44:00-05:00,53.13,53.13,53.05,53.055,1311
2020-12-15 15:46:00-05:00,53.12,53.12,53.12,53.12,476
2020-12-15 15:48:00-05:00,53.29,53.31,53.215,53.215,900
2020-12-15 15:50:00-05:00,53.31,53.85,53.24,53.7,5704
2020-12-15 15:52:00-05:00,53.64,53.76,53.625,53.635,1555
2020-12-15 15:54:00-05:00,53.73,53.9162,53.7,53.9064,4494
2020-12-15 15:56:00-05:00,53.9358,54.01,53.76,54.01,3507
2020-12-15 15:58:00-05:00,53.96,54.05,53.67,54.02,14139
2020-12-16 09:30:00-05:00,53.76,54.81,53.63,53.735,5167
2020-12-16 09:40:00-05:00,53.83,53.83,53.83,53.83,154
2020-12-16 09:42:00-05:00,53.76,53.78,53.31,53.31,1915
2020-12-16 09:46:00-05:00,53.41,53.555,52.86,52.86,1129
2020-12-16 09:48:00-05:00,52.8077,52.8077,52.8077,52.8077,825
2020-12-16 09:50:00-05:00,52.4,52.4,52.13,52.13,652
2020-12-16 10:00:00-05:00,53.3007,53.3007,53.3007,53.3007,572
2020-12-16 10:02:00-05:00,52.91,52.91,52.39,52.39,220
2020-12-16 10:06:00-05:00,52.835,52.835,52.835,52.835,221
2020-12-16 10:10:00-05:00,52.24,52.725,52.24,52.725,600
2020-12-16 10:12:00-05:00,52.3528,52.3528,52.3528,52.3528,486
2020-12-16 10:14:00-05:00,52.49,52.49,52.0,52.09,4141
2020-12-16 10:16:00-05:00,52.085,52.085,52.05,52.05,601
2020-12-16 10:18:00-05:00,52.05,52.05,51.76,51.76,918
2020-12-16 10:20:00-05:00,52.05,52.09,51.775,52.09,302
2020-12-16 10:22:00-05:00,51.85,51.85,51.85,51.85,486
2020-12-16 10:24:00-05:00,51.89,52.18,51.89,52.02,1051
2020-12-16 10:26:00-05:00,52.34,52.34,52.185,52.325,501
2020-12-16 10:30:00-05:00,52.34,52.37,52.095,52.19,6309
2020-12-16 10:32:00-05:00,52.31,52.31,52.31,52.31,219
2020-12-16 10:34:00-05:00,52.28,52.28,52.28,52.28,255
2020-12-16 10:36:00-05:00,52.21,52.21,52.21,52.21,231
2020-12-16 10:38:00-05:00,52.33,52.44,52.33,52.44,779
2020-12-16 10:44:00-05:00,52.34,52.38,52.01,52.32,4434
2020-12-16 10:46:00-05:00,52.165,52.165,52.165,52.165,240
2020-12-16 10:48:00-05:00,52.08,52.08,52.08,52.08,286
2020-12-16 10:50:00-05:00,52.02,52.02,52.02,52.02,329
2020-12-16 10:52:00-05:00,51.99,51.99,51.41,51.75,10347
2020-12-16 10:54:00-05:00,51.91,51.91,51.71,51.71,405
2020-12-16 10:56:00-05:00,51.575,51.575,51.575,51.575,133
2020-12-16 10:58:00-05:00,51.71,51.71,51.63,51.63,349
2020-12-16 11:00:00-05:00,51.635,51.91,51.635,51.91,1996
2020-12-16 11:02:00-05:00,52.08,52.33,51.97,52.33,1007
2020-12-16 11:04:00-05:00,52.34,52.765,52.34,52.765,495
2020-12-16 11:08:00-05:00,52.51,52.51,52.47,52.47,442
2020-12-16 11:10:00-05:00,52.78,52.78,52.78,52.78,255
2020-12-16 11:12:00-05:00,52.51,52.69,52.41,52.41,1134
2020-12-16 11:14:00-05:00,52.545,52.545,52.545,52.545,147
2020-12-16 11:16:00-05:00,52.545,52.545,52.545,52.545,872
2020-12-16 11:22:00-05:00,52.22,52.36,52.11,52.11,4237
2020-12-16 11:24:00-05:00,52.2,52.22,52.105,52.22,778
2020-12-16 11:26:00-05:00,52.215,52.215,52.215,52.215,301
2020-12-16 11:28:00-05:00,52.215,52.29,52.215,52.29,1672
2020-12-16 11:32:00-05:00,52.24,52.24,52.21,52.21,406
2020-12-16 11:36:00-05:00,52.29,52.45,52.22,52.45,1235
2020-12-16 11:38:00-05:00,52.49,52.49,52.49,52.49,413
2020-12-16 11:42:00-05:00,52.63,52.64,52.63,52.63,789
2020-12-16 11:46:00-05:00,52.75,52.75,52.75,52.75,257
2020-12-16 11:48:00-05:00,52.89,53.09,52.89,53.08,762
2020-12-16 11:50:00-05:00,53.09,53.28,53.09,53.28,994
2020-12-16 11:56:00-05:00,52.92,52.92,52.92,52.92,101
2020-12-16 11:58:00-05:00,53.085,53.19,53.085,53.17,1215
2020-12-16 12:00:00-05:00,53.18,53.18,53.14,53.14,223
2020-12-16 12:02:00-05:00,53.04,53.08,53.0,53.0,608
2020-12-16 12:04:00-05:00,53.0,53.02,52.97,53.0,1007
2020-12-16 12:06:00-05:00,52.85,52.85,52.85,52.85,449
2020-12-16 12:14:00-05:00,53.02,53.02,53.02,53.02,100
2020-12-16 12:16:00-05:00,52.93,53.05,52.92,53.05,337
2020-12-16 12:18:00-05:00,53.06,53.06,53.06,53.06,106
2020-12-16 12:20:00-05:00,53.02,53.09,53.01,53.06,1195
2020-12-16 12:22:00-05:00,53.16,53.16,53.145,53.145,470
2020-12-16 12:26:00-05:00,53.29,53.29,53.29,53.29,130
2020-12-16 12:30:00-05:00,53.26,53.26,53.16,53.26,631
2020-12-16 12:34:00-05:00,53.34,53.34,53.34,53.34,105
2020-12-16 12:38:00-05:00,53.47,53.59,53.415,53.59,1093
2020-12-16 12:40:00-05:00,53.71,53.71,53.64,53.68,895
2020-12-16 12:42:00-05:00,53.605,53.605,53.605,53.605,505
2020-12-16 12:46:00-05:00,53.54,53.61,53.44,53.44,566
2020-12-16 12:52:00-05:00,53.435,53.445,53.435,53.445,200
2020-12-16 12:54:00-05:00,53.36,53.36,53.35,53.35,533
2020-12-16 12:56:00-05:00,53.47,53.48,53.33,53.33,409
2020-12-16 12:58:00-05:00,53.35,53.35,53.35,53.35,253
2020-12-16 13:00:00-05:00,53.14,53.15,53.14,53.14,505
2020-12-16 13:02:00-05:00,53.2,53.2,53.2,53.2,101
2020-12-16 13:04:00-05:00,53.17,53.17,53.17,53.17,413
2020-12-16 13:06:00-05:00,53.12,53.12,53.105,53.105,258
2020-12-16 13:10:00-05:00,53.125,53.125,53.125,53.125,102
2020-12-16 13:14:00-05:00,53.05,53.15,53.05,53.15,255
2020-12-16 13:18:00-05:00,53.13,53.13,53.13,53.13,499
2020-12-16 13:22:00-05:00,53.28,53.33,53.28,53.28,546
2020-12-16 13:24:00-05:00,53.26,53.26,53.26,53.26,100
2020-12-16 13:26:00-05:00,53.24,53.24,53.24,53.24,102
2020-12-16 13:28:00-05:00,53.305,53.305,53.305,53.305,203
2020-12-16 13:32:00-05:00,53.36,53.55,53.35,53.55,2220
2020-12-16 13:34:00-05:00,53.61,53.61,53.61,53.61,116
2020-12-16 13:36:00-05:00,53.6499,53.6499,53.596,53.641,430
2020-12-16 13:38:00-05:00,53.56,53.56,53.56,53.56,173
2020-12-16 13:42:00-05:00,53.56,53.65,53.47,53.47,1273
2020-12-16 13:48:00-05:00,53.53,53.53,53.53,53.53,131
2020-12-16 13:52:00-05:00,53.46,53.52,53.46,53.52,203
2020-12-16 13:54:00-05:00,53.51,53.51,53.51,53.51,467
2020-12-16 13:56:00-05:00,53.55,53.55,53.55,53.55,529
2020-12-16 14:00:00-05:00,53.61,53.75,53.555,53.61,1980
2020-12-16 14:02:00-05:00,53.695,53.695,53.695,53.695,270
2020-12-16 14:06:00-05:00,53.635,53.635,53.635,53.635,100
2020-12-16 14:08:00-05:00,53.44,53.63,53.26,53.26,982
2020-12-16 14:10:00-05:00,53.26,53.26,53.26,53.26,390
2020-12-16 14:12:00-05:00,53.45,53.45,53.45,53.45,380
2020-12-16 14:16:00-05:00,53.43,53.43,53.43,53.43,108
2020-12-16 14:20:00-05:00,53.41,53.41,53.41,53.41,367
2020-12-16 14:22:00-05:00,53.5,53.59,53.5,53.59,406
2020-12-16 14:24:00-05:00,53.72,53.75,53.72,53.75,488
2020-12-16 14:26:00-05:00,53.63,53.66,53.63,53.66,326
2020-12-16 14:30:00-05:00,53.66,53.66,53.66,53.66,213
2020-12-16 14:32:00-05:00,53.675,53.69,53.59,53.59,1128
2020-12-16 14:34:00-05:00,53.48,53.56,53.47,53.51,1161
2020-12-16 14:36:00-05:00,53.51,53.59,53.46,53.53,1314
2020-12-16 14:38:00-05:00,53.53,53.55,53.47,53.47,772
2020-12-16 14:40:00-05:00,53.46,53.46,53.16,53.16,1148
2020-12-16 14:42:00-05:00,53.31,53.33,53.22,53.22,382
2020-12-16 14:44:00-05:00,53.305,53.305,53.305,53.305,252
2020-12-16 14:46:00-05:00,53.32,53.32,53.32,53.32,311
2020-12-16 14:48:00-05:00,53.325,53.4,53.325,53.335,381
2020-12-16 14:50:00-05:00,53.555,53.555,53.555,53.555,197
2020-12-16 14:52:00-05:00,53.355,53.44,53.355,53.37,837
2020-12-16 14:58:00-05:00,53.37,53.5,53.37,53.44,1026
2020-12-16 15:00:00-05:00,53.45,53.45,53.45,53.45,306
2020-12-16 15:02:00-05:00,53.275,53.39,53.275,53.39,583
2020-12-16 15:04:00-05:00,53.375,53.5,53.375,53.5,448
2020-12-16 15:06:00-05:00,53.43,53.43,53.37,53.37,579
2020-12-16 15:08:00-05:00,53.41,53.41,53.41,53.41,172
2020-12-16 15:10:00-05:00,53.36,53.36,53.25,53.25,911
2020-12-16 15:12:00-05:00,53.36,53.36,53.36,53.36,430
2020-12-16 15:14:00-05:00,53.3,53.3,53.27,53.27,1002
2020-12-16 15:18:00-05:00,53.16,53.27,53.16,53.235,403
2020-12-16 15:20:00-05:00,53.26,53.26,53.19,53.19,546
2020-12-16 15:22:00-05:00,53.29,53.36,53.29,53.36,499
2020-12-16 15:24:00-05:00,53.37,53.51,53.37,53.41,767
2020-12-16 15:26:00-05:00,53.43,53.54,53.32,53.44,869
2020-12-16 15:30:00-05:00,53.505,53.54,53.46,53.52,1420
2020-12-16 15:32:00-05:00,53.4,53.4,53.335,53.335,623
2020-12-16 15:34:00-05:00,53.25,53.42,53.215,53.215,1432
2020-12-16 15:36:00-05:00,53.36,53.36,53.36,53.36,207
2020-12-16 15:38:00-05:00,53.15,53.15,53.12,53.12,614
2020-12-16 15:40:00-05:00,53.19,53.19,52.92,52.92,737
2020-12-16 15:42:00-05:00,53.09,53.32,53.02,53.32,1488
2020-12-16 15:44:00-05:00,53.27,53.27,53.08,53.08,507
2020-12-16 15:46:00-05:00,52.95,53.23,52.95,52.95,3938
2020-12-16 15:48:00-05:00,52.92,53.06,52.72,52.74,2357
2020-12-16 15:50:00-05:00,52.86,52.86,52.32,52.385,2746
2020-12-16 15:52:00-05:00,52.39,52.53,52.31,52.53,2322
2020-12-16 15:54:00-05:00,52.44,53.03,52.14,52.66,8497
2020-12-16 15:56:00-05:00,52.31,52.705,52.27,52.705,7020
2020-12-16 15:58:00-05:00,52.69,52.69,52.305,52.67,12137
2020-12-17 09:30:00-05:00,53.63,54.16,53.395,53.395,6448
2020-12-17 09:32:00-05:00,54.0,54.0,53.84,53.84,1141
2020-12-17 09:34:00-05:00,54.0,54.05,53.89,53.91,1945
2020-12-17 09:36:00-05:00,53.99,53.99,53.99,53.99,105
2020-12-17 09:38:00-05:00,54.0,54.0,54.0,54.0,707
2020-12-17 09:40:00-05:00,54.0,54.0,53.71,53.71,555
2020-12-17 09:42:00-05:00,53.71,53.75,53.71,53.75,902
2020-12-17 09:44:00-05:00,53.75,54.0,53.75,53.75,489
2020-12-17 09:50:00-05:00,53.95,54.03,53.89,54.03,2248
2020-12-17 09:52:00-05:00,54.03,54.03,53.89,53.89,897
2020-12-17 09:56:00-05:00,53.89,53.89,53.75,53.75,1578
2020-12-17 09:58:00-05:00,53.96,53.96,53.96,53.96,176
2020-12-17 10:02:00-05:00,53.66,53.66,53.51,53.59,2775
2020-12-17 10:04:00-05:00,53.3,53.3,53.3,53.3,328
2020-12-17 10:06:00-05:00,53.46,53.68,53.44,53.68,621
2020-12-17 10:10:00-05:00,53.3178,53.3178,53.3178,53.3178,289
2020-12-17 10:18:00-05:00,53.39,53.39,53.39,53.39,425
2020-12-17 10:20:00-05:00,53.27,53.27,53.07,53.08,2329
2020-12-17 10:22:00-05:00,53.23,53.23,53.23,53.23,106
2020-12-17 10:24:00-05:00,53.24,53.24,53.24,53.24,129
2020-12-17 10:26:00-05:00,53.24,53.35,53.06,53.06,1009
2020-12-17 10:28:00-05:00,52.88,52.88,52.88,52.88,151
2020-12-17 10:32:00-05:00,53.15,53.31,53.15,53.31,1574
2020-12-17 10:36:00-05:00,53.17,53.17,53.17,53.17,405
2020-12-17 10:40:00-05:00,53.19,53.19,53.09,53.09,1575
2020-12-17 10:42:00-05:00,53.19,53.49,53.1,53.49,50775
2020-12-17 10:44:00-05:00,53.1,53.46,52.97,53.46,1916
2020-12-17 10:50:00-05:00,53.25,53.25,53.25,53.25,173
2020-12-17 10:52:00-05:00,53.25,53.25,53.25,53.25,284
2020-12-17 10:54:00-05:00,53.16,53.25,53.16,53.25,281
2020-12-17 10:56:00-05:00,53.25,53.25,53.25,53.25,207
2020-12-17 10:58:00-05:00,53.25,53.25,53.22,53.22,816
2020-12-17 11:00:00-05:00,53.2,53.265,53.18,53.25,1588
2020-12-17 11:02:00-05:00,53.365,53.365,53.11,53.11,352
2020-12-17 11:06:00-05:00,53.16,53.16,52.95,52.95,1530
2020-12-17 11:08:00-05:00,52.935,52.935,52.935,52.935,304
2020-12-17 11:10:00-05:00,53.0,53.245,53.0,53.245,2172
2020-12-17 11:18:00-05:00,53.35,53.35,53.22,53.22,532
2020-12-17 11:20:00-05:00,53.11,53.11,53.11,53.11,134
2020-12-17 11:22:00-05:00,53.29,53.29,53.29,53.29,760
2020-12-17 11:32:00-05:00,53.36,53.36,53.35,53.35,1309
2020-12-17 11:36:00-05:00,53.27,53.27,53.24,53.24,635
2020-12-17 11:40:00-05:00,53.395,53.395,53.395,53.395,132
2020-12-17 11:48:00-05:00,53.255,53.255,53.2,53.2,1236
2020-12-17 11:50:00-05:00,53.1,53.1,53.1,53.1,231
2020-12-17 11:52:00-05:00,52.98,52.98,52.98,52.98,927
2020-12-17 12:00:00-05:00,53.03,53.03,53.03,53.03,377
2020-12-17 12:06:00-05:00,52.93,52.93,52.91,52.91,744
2020-12-17 12:12:00-05:00,52.96,52.96,52.96,52.96,300
2020-12-17 12:16:00-05:00,53.06,53.06,53.06,53.06,232
2020-12-17 12:24:00-05:00,53.09,53.42,53.09,53.42,931
2020-12-17 12:36:00-05:00,53.23,53.29,53.23,53.29,349
2020-12-17 12:38:00-05:00,53.32,53.32,53.32,53.32,271
2020-12-17 12:46:00-05:00,53.45,53.5,53.45,53.5,1574
2020-12-17 12:52:00-05:00,53.73,53.74,53.73,53.74,510
2020-12-17 12:54:00-05:00,53.78,53.78,53.72,53.72,769
2020-12-17 12:56:00-05:00,53.89,53.89,53.89,53.89,133
2020-12-17 13:02:00-05:00,53.97,53.97,53.97,53.97,204
2020-12-17 13:04:00-05:00,53.895,53.905,53.8606,53.905,428
2020-12-17 13:06:00-05:00,54.0,54.0,54.0,54.0,206
2020-12-17 13:08:00-05:00,53.81,53.82,53.72,53.7775,2839
2020-12-17 13:12:00-05:00,53.65,53.65,53.65,53.65,271
2020-12-17 13:16:00-05:00,53.65,53.73,53.64,53.64,546
2020-12-17 13:18:00-05:00,53.71,53.75,53.69,53.7,3847
2020-12-17 13:24:00-05:00,53.64,53.65,53.61,53.65,678
2020-12-17 13:28:00-05:00,53.7,53.7,53.7,53.7,264
2020-12-17 13:30:00-05:00,53.785,53.785,53.785,53.785,102
2020-12-17 13:32:00-05:00,53.91,53.91,53.91,53.91,283
2020-12-17 13:38:00-05:00,53.81,53.81,53.81,53.81,272
2020-12-17 13:40:00-05:00,53.98,54.01,53.93,53.94,1942
2020-12-17 13:42:00-05:00,53.96,53.96,53.96,53.96,636
2020-12-17 13:48:00-05:00,53.93,53.93,53.87,53.93,1034
2020-12-17 13:54:00-05:00,53.93,54.0,53.93,54.0,508
2020-12-17 13:58:00-05:00,54.0,54.03,53.9,53.9,977
2020-12-17 14:00:00-05:00,53.87,53.87,53.84,53.84,379
2020-12-17 14:02:00-05:00,53.73,53.73,53.73,53.73,545
2020-12-17 14:08:00-05:00,53.725,53.725,53.56,53.56,552
2020-12-17 14:10:00-05:00,53.635,53.66,53.56,53.66,1549
2020-12-17 14:14:00-05:00,53.9932,54.0,53.9932,54.0,735
2020-12-17 14:18:00-05:00,53.72,53.72,53.72,53.72,249
2020-12-17 14:20:00-05:00,53.73,53.73,53.68,53.68,282
2020-12-17 14:24:00-05:00,53.89,53.9,53.84,53.84,401
2020-12-17 14:26:00-05:00,53.91,53.91,53.91,53.91,685
2020-12-17 14:30:00-05:00,53.94,53.94,53.94,53.94,302
2020-12-17 14:32:00-05:00,53.94,53.94,53.94,53.94,247
2020-12-17 14:34:00-05:00,53.86,53.93,53.86,53.93,1147
2020-12-17 14:36:00-05:00,53.88,53.9,53.82,53.82,1506
2020-12-17 14:38:00-05:00,53.89,53.89,53.89,53.89,217
2020-12-17 14:42:00-05:00,53.74,53.74,53.63,53.63,626
2020-12-17 14:46:00-05:00,53.74,53.74,53.67,53.67,730
2020-12-17 14:50:00-05:00,53.76,53.77,53.7,53.7,818
2020-12-17 14:52:00-05:00,53.66,53.66,53.65,53.65,1183
2020-12-17 14:54:00-05:00,53.64,53.64,53.64,53.64,486
2020-12-17 15:00:00-05:00,53.59,53.73,53.59,53.73,1005
2020-12-17 15:04:00-05:00,53.58,53.655,53.54,53.54,821
2020-12-17 15:06:00-05:00,53.63,53.635,53.63,53.635,845
2020-12-17 15:10:00-05:00,53.67,54.01,53.67,54.01,1990
2020-12-17 15:14:00-05:00,54.03,54.03,54.03,54.03,213
2020-12-17 15:18:00-05:00,53.9,54.03,53.89,54.03,1388
2020-12-17 15:20:00-05:00,53.99,54.01,53.91,54.01,785
2020-12-17 15:22:00-05:00,53.91,54.03,53.91,54.03,859
2020-12-17 15:24:00-05:00,54.03,54.03,53.91,54.03,3630
2020-12-17 15:26:00-05:00,53.98,54.25,53.98,54.11,18285
2020-12-17 15:28:00-05:00,54.06,54.06,54.0504,54.0504,803
2020-12-17 15:32:00-05:00,54.2,54.24,54.08,54.24,919
2020-12-17 15:34:00-05:00,54.25,54.25,54.25,54.25,812
2020-12-17 15:36:00-05:00,54.1,54.15,54.1,54.15,717
2020-12-17 15:38:00-05:00,54.11,54.14,53.99,53.99,1495
2020-12-17 15:40:00-05:00,54.05,54.21,54.05,54.21,1791
2020-12-17 15:42:00-05:00,54.25,54.25,54.225,54.25,5944
2020-12-17 15:44:00-05:00,54.25,54.25,54.2,54.25,8381
2020-12-17 15:46:00-05:00,54.25,54.25,54.24,54.25,6071
2020-12-17 15:48:00-05:00,54.23,54.25,54.22,54.25,7081
2020-12-17 15:50:00-05:00,54.25,54.25,54.18,54.23,13909
2020-12-17 15:52:00-05:00,54.235,54.235,54.03,54.18,6721
2020-12-17 15:54:00-05:00,54.025,54.69,54.0,54.575,37405
2020-12-17 15:56:00-05:00,54.585,54.7,54.53,54.53,10143
2020-12-17 15:58:00-05:00,54.54,54.54,54.26,54.36,21607
2020-12-18 09:30:00-05:00,54.68,54.68,54.68,54.68,68074
2020-12-18 09:32:00-05:00,54.38,54.4273,54.38,54.4273,1075
2020-12-18 09:38:00-05:00,53.93,53.93,53.91,53.91,561
2020-12-18 09:40:00-05:00,53.88,53.88,53.82,53.85,868
2020-12-18 09:42:00-05:00,53.6356,53.6356,53.6356,53.6356,113
2020-12-18 09:44:00-05:00,53.645,53.645,53.645,53.645,302
2020-12-18 09:46:00-05:00,53.64,53.64,53.64,53.64,492
2020-12-18 09:50:00-05:00,53.29,53.29,53.2743,53.2743,597
2020-12-18 09:52:00-05:00,53.0,53.205,53.0,53.19,961
2020-12-18 09:54:00-05:00,53.3,53.3,53.3,53.3,447
2020-12-18 10:00:00-05:00,53.25,53.5436,53.23,53.5436,1722
2020-12-18 10:02:00-05:00,53.67,53.96,53.67,53.96,621
2020-12-18 10:04:00-05:00,54.2,54.27,54.0421,54.06,1102
2020-12-18 10:06:00-05:00,53.8401,53.9,53.8401,53.9,785
2020-12-18 10:08:00-05:00,54.07,54.14,54.01,54.14,879
2020-12-18 10:10:00-05:00,54.01,54.01,54.01,54.01,181
2020-12-18 10:12:00-05:00,54.0,54.09,54.0,54.01,405
2020-12-18 10:16:00-05:00,53.89,53.89,53.89,53.89,110
2020-12-18 10:18:00-05:00,54.14,54.1962,54.13,54.1962,714
2020-12-18 10:26:00-05:00,54.03,54.03,54.03,54.03,168
2020-12-18 10:28:00-05:00,54.145,54.15,54.145,54.15,27334
2020-12-18 10:38:00-05:00,54.15,54.185,54.06,54.08,1930
2020-12-18 10:40:00-05:00,54.08,54.08,54.08,54.08,145
2020-12-18 10:42:00-05:00,54.13,54.215,54.09,54.215,2136
2020-12-18 10:44:00-05:00,54.215,54.215,54.215,54.215,115
2020-12-18 10:46:00-05:00,54.23,54.23,54.23,54.23,123
2020-12-18 10:48:00-05:00,54.23,54.23,54.16,54.16,1067
2020-12-18 10:50:00-05:00,54.03,54.05,54.02,54.05,856
2020-12-18 10:52:00-05:00,53.93,54.165,53.93,54.165,889
2020-12-18 10:54:00-05:00,54.19,54.3,54.15,54.19,6652
2020-12-18 10:56:00-05:00,54.225,54.225,54.225,54.225,240
2020-12-18 10:58:00-05:00,54.3,54.3,54.2,54.2,736
2020-12-18 11:00:00-05:00,54.3,54.3,54.2,54.2,1050
2020-12-18 11:06:00-05:00,54.15,54.15,53.88,53.88,751
2020-12-18 11:08:00-05:00,54.17,54.17,54.17,54.17,214
2020-12-18 11:10:00-05:00,54.2,54.2,54.2,54.2,362
2020-12-18 11:12:00-05:00,54.16,54.16,54.05,54.05,216
2020-12-18 11:14:00-05:00,54.13,54.13,54.13,54.13,102
2020-12-18 11:16:00-05:00,54.13,54.14,54.04,54.14,606
2020-12-18 11:18:00-05:00,54.1,54.1,54.1,54.1,107
2020-12-18 11:20:00-05:00,54.13,54.13,54.13,54.13,102
2020-12-18 11:22:00-05:00,54.13,54.13,54.03,54.03,804
2020-12-18 11:30:00-05:00,54.08,54.18,54.08,54.135,1249
2020-12-18 11:34:00-05:00,54.19,54.23,54.19,54.23,900
2020-12-18 11:38:00-05:00,54.16,54.16,54.09,54.09,966
2020-12-18 11:46:00-05:00,54.08,54.08,54.02,54.04,751
2020-12-18 11:48:00-05:00,53.995,53.995,53.995,53.995,246
2020-12-18 11:50:00-05:00,53.98,53.98,53.98,53.98,433
2020-12-18 11:54:00-05:00,53.75,53.75,53.49,53.49,691
2020-12-18 11:58:00-05:00,53.66,53.66,53.525,53.525,525
2020-12-18 12:00:00-05:00,53.52,53.52,53.35,53.35,527
2020-12-18 12:02:00-05:00,53.315,53.49,53.315,53.49,1579
2020-12-18 12:06:00-05:00,53.64,53.64,53.525,53.525,371
2020-12-18 12:10:00-05:00,53.78,53.78,53.78,53.78,405
2020-12-18 12:12:00-05:00,53.81,53.81,53.81,53.81,321
2020-12-18 12:14:00-05:00,54.0,54.05,54.0,54.05,381
2020-12-18 12:16:00-05:00,53.95,53.95,53.93,53.93,347
2020-12-18 12:18:00-05:00,53.95,53.95,53.95,53.95,108
2020-12-18 12:20:00-05:00,53.95,53.95,53.95,53.95,163
2020-12-18 12:26:00-05:00,54.12,54.12,54.12,54.12,117
2020-12-18 12:28:00-05:00,54.02,54.02,54.01,54.01,658
2020-12-18 12:30:00-05:00,53.95,53.99,53.95,53.99,405
2020-12-18 12:32:00-05:00,53.92,53.92,53.88,53.88,963
2020-12-18 12:34:00-05:00,53.98,54.12,53.98,54.12,621
2020-12-18 12:36:00-05:00,53.98,54.045,53.98,53.98,512
2020-12-18 12:38:00-05:00,53.975,54.055,53.91,53.91,584
2020-12-18 12:40:00-05:00,54.025,54.025,54.025,54.025,300
2020-12-18 12:42:00-05:00,54.09,54.09,54.09,54.09,172
2020-12-18 12:44:00-05:00,54.065,54.065,54.065,54.065,101
2020-12-18 12:46:00-05:00,54.15,54.22,54.15,54.15,878
2020-12-18 12:50:00-05:00,54.16,54.16,54.055,54.15,794
2020-12-18 12:56:00-05:00,54.2,54.23,54.15,54.15,1658
2020-12-18 13:00:00-05:00,54.07,54.07,54.01,54.01,555
2020-12-18 13:02:00-05:00,53.985,53.985,53.94,53.94,302
2020-12-18 13:04:00-05:00,53.95,54.16,53.95,54.16,546
2020-12-18 13:06:00-05:00,54.2,54.2,54.2,54.2,235
2020-12-18 13:08:00-05:00,54.22,54.22,54.22,54.22,503
2020-12-18 13:10:00-05:00,54.23,54.23,54.23,54.23,1897
2020-12-18 13:12:00-05:00,54.23,54.23,54.17,54.17,1965
2020-12-18 13:14:00-05:00,54.09,54.09,54.09,54.09,312
2020-12-18 13:16:00-05:00,53.945,54.01,53.945,54.01,266
2020-12-18 13:18:00-05:00,53.885,53.885,53.885,53.885,134
2020-12-18 13:20:00-05:00,54.01,54.045,54.01,54.045,399
2020-12-18 13:22:00-05:00,53.93,53.93,53.52,53.625,858
2020-12-18 13:24:00-05:00,53.635,53.76,53.33,53.33,643
2020-12-18 13:26:00-05:00,53.68,54.11,53.68,54.11,4146
2020-12-18 13:28:00-05:00,54.04,54.04,54.04,54.04,262
2020-12-18 13:30:00-05:00,53.865,53.865,53.865,53.865,198
2020-12-18 13:32:00-05:00,53.965,54.04,53.95,53.95,757
2020-12-18 13:34:00-05:00,53.905,53.98,53.905,53.98,366
2020-12-18 13:38:00-05:00,54.02,54.02,53.925,53.975,445
2020-12-18 13:40:00-05:00,53.895,53.895,53.895,53.895,114
2020-12-18 13:42:00-05:00,54.05,54.09,54.05,54.09,652
2020-12-18 13:44:00-05:00,54.075,54.21,54.075,54.21,251
2020-12-18 13:46:00-05:00,54.22,54.22,54.22,54.22,502
2020-12-18 13:48:00-05:00,54.08,54.08,54.08,54.08,103
2020-12-18 13:50:00-05:00,54.11,54.15,54.11,54.15,1261
2020-12-18 13:54:00-05:00,54.095,54.095,53.975,54.08,826
2020-12-18 13:58:00-05:00,54.02,54.22,54.02,54.22,1096
2020-12-18 14:00:00-05:00,54.13,54.13,54.13,54.13,267
2020-12-18 14:02:00-05:00,54.18,54.23,54.18,54.23,1157
2020-12-18 14:04:00-05:00,54.15,54.15,54.055,54.055,307
2020-12-18 14:06:00-05:00,54.15,54.15,54.15,54.15,348
2020-12-18 14:08:00-05:00,54.15,54.15,54.15,54.15,512
2020-12-18 14:12:00-05:00,54.21,54.21,54.11,54.11,304
2020-12-18 14:14:00-05:00,54.2,54.23,54.2,54.23,670
2020-12-18 14:16:00-05:00,54.23,54.23,54.23,54.23,422
2020-12-18 14:18:00-05:00,54.23,54.23,54.21,54.21,3637
2020-12-18 14:20:00-05:00,54.23,54.23,54.14,54.185,2225
2020-12-18 14:22:00-05:00,54.15,54.15,54.08,54.08,657
2020-12-18 14:24:00-05:00,54.115,54.115,54.115,54.115,201
2020-12-18 14:26:00-05:00,54.135,54.135,54.135,54.135,245
2020-12-18 14:28:00-05:00,54.145,54.145,54.145,54.145,145
2020-12-18 14:30:00-05:00,54.15,54.15,54.15,54.15,157
2020-12-18 14:34:00-05:00,54.155,54.22,53.93,53.98,1973
2020-12-18 14:36:00-05:00,53.98,53.98,53.93,53.93,235
2020-12-18 14:38:00-05:00,53.94,53.98,53.88,53.88,772
2020-12-18 14:40:00-05:00,54.0,54.125,54.0,54.125,1498
2020-12-18 14:46:00-05:00,54.225,54.225,54.225,54.225,229
2020-12-18 14:48:00-05:00,54.14,54.23,54.14,54.15,1046
2020-12-18 14:50:00-05:00,54.08,54.08,54.08,54.08,283
2020-12-18 14:52:00-05:00,54.08,54.08,54.02,54.02,209
2020-12-18 14:54:00-05:00,54.04,54.04,53.875,53.875,335
2020-12-18 14:56:00-05:00,54.085,54.085,53.85,53.92,593
2020-12-18 14:58:00-05:00,53.765,53.92,53.765,53.85,541
2020-12-18 15:00:00-05:00,54.04,54.04,53.93,53.93,212
2020-12-18 15:02:00-05:00,53.835,53.835,53.835,53.835,285
2020-12-18 15:04:00-05:00,53.83,53.88,53.83,53.88,584
2020-12-18 15:06:00-05:00,53.9,53.9,53.62,53.62,542
2020-12-18 15:08:00-05:00,53.8665,53.9,53.715,53.825,3047
2020-12-18 15:10:00-05:00,53.71,53.815,53.71,53.785,624
2020-12-18 15:12:00-05:00,53.73,53.96,53.73,53.96,1586
2020-12-18 15:14:00-05:00,53.96,53.96,53.96,53.96,383
2020-12-18 15:16:00-05:00,54.035,54.29,54.03,54.03,4724
2020-12-18 15:18:00-05:00,54.0,54.0,53.87,53.96,1348
2020-12-18 15:22:00-05:00,53.9,53.9,53.83,53.83,681
2020-12-18 15:24:00-05:00,53.93,53.99,53.88,53.88,698
2020-12-18 15:26:00-05:00,53.895,54.12,53.895,54.04,1201
2020-12-18 15:28:00-05:00,54.1,54.17,54.07,54.1,1393
2020-12-18 15:30:00-05:00,54.02,54.045,54.01,54.045,1080
2020-12-18 15:34:00-05:00,54.075,54.075,54.0,54.055,1203
2020-12-18 15:36:00-05:00,54.0,54.01,53.94,53.97,1122
2020-12-18 15:38:00-05:00,54.08,54.22,54.08,54.15,3189
2020-12-18 15:40:00-05:00,54.08,54.08,54.08,54.08,865
2020-12-18 15:42:00-05:00,54.07,54.07,54.07,54.07,255
2020-12-18 15:44:00-05:00,54.1,54.215,54.1,54.175,3561
2020-12-18 15:46:00-05:00,54.165,54.19,54.09,54.11,3232
2020-12-18 15:50:00-05:00,54.01,54.14,53.24,53.91,13258
2020-12-18 15:52:00-05:00,53.62,54.15,53.62,53.955,9346
2020-12-18 15:54:00-05:00,53.9,54.0,53.35,53.75,6650
2020-12-18 15:56:00-05:00,53.57,53.77,53.55,53.74,6153
2020-12-18 15:58:00-05:00,53.84,53.92,53.57,53.76,15313
2020-12-21 09:30:00-05:00,53.51,53.815,53.45,53.815,3677
2020-12-21 09:32:00-05:00,53.91,54.66,53.91,53.98,1870
2020-12-21 09:34:00-05:00,54.32,54.8,54.32,54.63,977
2020-12-21 09:38:00-05:00,53.94,54.79,53.94,54.79,317
2020-12-21 09:40:00-05:00,54.71,54.71,53.94,54.1675,2167
2020-12-21 09:42:00-05:00,53.93,53.93,53.93,53.93,258
2020-12-21 09:44:00-05:00,53.92,53.92,53.51,53.59,1100
2020-12-21 09:46:00-05:00,53.93,54.18,53.88,54.18,1526
2020-12-21 09:50:00-05:00,54.21,54.46,54.21,54.46,629
2020-12-21 09:52:00-05:00,54.425,54.425,54.425,54.425,140
2020-12-21 09:54:00-05:00,53.59,54.45,53.59,54.26,520
2020-12-21 09:56:00-05:00,54.37,54.44,54.225,54.39,1738
2020-12-21 09:58:00-05:00,54.35,54.36,54.19,54.19,1391
2020-12-21 10:00:00-05:00,54.25,54.25,54.01,54.01,758
2020-12-21 10:02:00-05:00,54.305,54.47,54.28,54.28,309
2020-12-21 10:04:00-05:00,54.14,54.145,54.0,54.0,3386
2020-12-21 10:06:00-05:00,53.37,53.41,53.01,53.15,942
2020-12-21 10:10:00-05:00,53.2,53.39,53.2,53.29,368
2020-12-21 10:12:00-05:00,53.5,53.59,53.4,53.51,1109
2020-12-21 10:14:00-05:00,53.75,53.75,53.375,53.75,422
2020-12-21 10:16:00-05:00,53.28,53.28,53.28,53.28,106
2020-12-21 10:18:00-05:00,53.115,53.73,53.01,53.475,623
2020-12-21 10:20:00-05:00,53.69,53.98,53.69,53.98,2307
2020-12-21 10:22:00-05:00,54.115,54.115,54.115,54.115,115
2020-12-21 10:24:00-05:00,54.26,54.26,54.26,54.26,155
2020-12-21 10:26:00-05:00,54.175,54.255,53.705,53.96,3236
2020-12-21 10:28:00-05:00,53.97,53.97,53.96,53.96,3148
2020-12-21 10:30:00-05:00,53.55,53.975,53.55,53.975,495
2020-12-21 10:34:00-05:00,53.965,53.965,53.515,53.89,472
2020-12-21 10:36:00-05:00,53.88,53.88,53.81,53.81,1233
2020-12-21 10:40:00-05:00,54.34,54.46,54.255,54.255,798
2020-12-21 10:42:00-05:00,54.18,54.18,53.85,53.85,714
2020-12-21 10:44:00-05:00,54.195,54.195,54.195,54.195,168
2020-12-21 10:46:00-05:00,54.18,54.35,53.525,53.525,1618
2020-12-21 10:48:00-05:00,53.515,53.515,53.515,53.515,188
2020-12-21 10:50:00-05:00,53.54,54.07,53.54,53.97,1336
2020-12-21 10:52:00-05:00,53.825,53.825,53.8,53.8,302
2020-12-21 10:54:00-05:00,54.06,54.14,54.06,54.14,714
2020-12-21 10:56:00-05:00,54.245,54.245,54.09,54.09,1026
2020-12-21 10:58:00-05:00,54.23,54.23,54.23,54.23,700
2020-12-21 11:04:00-05:00,54.25,54.37,54.25,54.26,1098
2020-12-21 11:06:00-05:00,54.36,54.36,54.17,54.17,1130
2020-12-21 11:12:00-05:00,54.37,54.37,54.29,54.29,4238
2020-12-21 11:16:00-05:00,54.33,54.33,54.15,54.15,867
2020-12-21 11:18:00-05:00,54.16,54.16,54.16,54.16,222
2020-12-21 11:20:00-05:00,54.09,54.09,54.09,54.09,445
2020-12-21 11:24:00-05:00,54.0,54.0,53.75,53.875,11732
2020-12-21 11:26:00-05:00,53.79,53.79,53.79,53.79,150
2020-12-21 11:28:00-05:00,53.8,53.8,53.8,53.8,629
2020-12-21 11:30:00-05:00,53.86,53.89,53.86,53.89,301
2020-12-21 11:32:00-05:00,53.91,53.91,53.91,53.91,549
2020-12-21 11:36:00-05:00,53.895,53.895,53.89,53.89,261
2020-12-21 11:38:00-05:00,53.99,53.99,53.82,53.855,1527
2020-12-21 11:48:00-05:00,53.89,53.89,53.88,53.88,777
2020-12-21 11:50:00-05:00,53.82,53.82,53.82,53.82,305
2020-12-21 11:52:00-05:00,53.98,54.0,53.96,53.96,7690
2020-12-21 11:54:00-05:00,53.99,53.99,53.94,53.95,1042
2020-12-21 11:58:00-05:00,53.76,53.76,53.76,53.76,157
2020-12-21 12:00:00-05:00,53.99,54.03,53.69,53.69,12004
2020-12-21 12:02:00-05:00,54.0,54.0,54.0,54.0,23742
2020-12-21 12:04:00-05:00,53.77,53.91,53.77,53.91,219
2020-12-21 12:06:00-05:00,54.015,54.1,53.94,53.94,6249
2020-12-21 12:10:00-05:00,53.94,53.94,53.94,53.94,241
2020-12-21 12:14:00-05:00,53.92,53.92,53.84,53.91,1312
2020-12-21 12:18:00-05:00,53.97,53.99,53.97,53.99,379
2020-12-21 12:22:00-05:00,53.97,53.97,53.83,53.83,539
2020-12-21 12:26:00-05:00,53.84,53.84,53.84,53.84,283
2020-12-21 12:30:00-05:00,53.84,53.92,53.84,53.84,606
2020-12-21 12:36:00-05:00,53.74,53.79,53.71,53.71,987
2020-12-21 12:38:00-05:00,53.45,53.45,53.45,53.45,301
2020-12-21 12:40:00-05:00,53.45,53.45,53.45,53.45,204
2020-12-21 12:42:00-05:00,53.39,53.39,53.39,53.39,5176
2020-12-21 12:46:00-05:00,53.375,53.51,53.375,53.38,477
2020-12-21 12:50:00-05:00,53.52,53.6,53.52,53.595,698
2020-12-21 12:52:00-05:00,53.595,53.595,53.595,53.595,201
2020-12-21 12:54:00-05:00,53.595,53.595,53.595,53.595,101
2020-12-21 12:56:00-05:00,53.595,53.595,53.595,53.595,101
2020-12-21 12:58:00-05:00,53.73,53.73,53.73,53.73,201
2020-12-21 13:00:00-05:00,53.7006,53.7006,53.7006,53.7006,322
2020-12-21 13:02:00-05:00,53.64,53.64,53.64,53.64,236
2020-12-21 13:04:00-05:00,53.67,53.67,53.61,53.61,478
2020-12-21 13:06:00-05:00,53.6,53.73,53.6,53.73,439
2020-12-21 13:12:00-05:00,53.83,53.83,53.83,53.83,108
2020-12-21 13:14:00-05:00,53.755,53.76,53.755,53.76,521
2020-12-21 13:16:00-05:00,53.89,53.89,53.89,53.89,100
2020-12-21 13:18:00-05:00,53.86,53.86,53.86,53.86,186
2020-12-21 13:22:00-05:00,53.785,53.9,53.785,53.8,1034
2020-12-21 13:26:00-05:00,53.75,53.75,53.55,53.55,1299
2020-12-21 13:36:00-05:00,53.6,53.6,53.6,53.6,288
2020-12-21 13:44:00-05:00,53.573,53.573,53.573,53.573,209
2020-12-21 13:46:00-05:00,53.58,53.6,53.48,53.48,863
2020-12-21 13:48:00-05:00,53.69,53.69,53.69,53.69,145
2020-12-21 13:50:00-05:00,53.73,53.73,53.73,53.73,385
2020-12-21 13:58:00-05:00,53.81,53.81,53.81,53.81,102
2020-12-21 14:00:00-05:00,53.83,53.85,53.83,53.85,494
2020-12-21 14:02:00-05:00,53.86,53.95,53.76,53.81,2124
2020-12-21 14:06:00-05:00,53.78,53.78,53.78,53.78,227
2020-12-21 14:12:00-05:00,53.93,53.93,53.93,53.93,304
2020-12-21 14:14:00-05:00,53.92,53.92,53.92,53.92,410
2020-12-21 14:20:00-05:00,53.93,54.0,53.87,54.0,5720
2020-12-21 14:22:00-05:00,54.0,54.0,54.0,54.0,101
2020-12-21 14:24:00-05:00,53.9,53.97,53.8,53.885,5056
2020-12-21 14:26:00-05:00,53.805,53.805,53.8,53.8,357
2020-12-21 14:28:00-05:00,54.0,54.0,53.51,53.51,3836
2020-12-21 14:32:00-05:00,53.685,53.685,53.66,53.66,698
2020-12-21 14:34:00-05:00,53.66,53.735,53.66,53.735,326
2020-12-21 14:40:00-05:00,53.83,53.83,53.77,53.77,206
2020-12-21 14:42:00-05:00,53.94,53.94,53.6,53.645,1268
2020-12-21 14:48:00-05:00,53.7812,53.7812,53.7812,53.7812,421
2020-12-21 14:54:00-05:00,53.775,53.81,53.72,53.72,976
2020-12-21 14:56:00-05:00,53.605,53.605,53.605,53.605,253
2020-12-21 14:58:00-05:00,53.6,53.6,53.5,53.5,443
2020-12-21 15:00:00-05:00,53.48,53.725,53.28,53.465,3960
2020-12-21 15:02:00-05:00,53.47,53.47,53.38,53.38,5338
2020-12-21 15:04:00-05:00,53.29,53.29,53.29,53.29,147
2020-12-21 15:06:00-05:00,53.28,53.37,53.28,53.37,320
2020-12-21 15:08:00-05:00,53.45,53.45,53.365,53.45,551
2020-12-21 15:10:00-05:00,53.49,53.49,53.49,53.49,215
2020-12-21 15:12:00-05:00,53.31,53.31,53.31,53.31,340
2020-12-21 15:14:00-05:00,53.55,53.55,53.55,53.55,104
2020-12-21 15:16:00-05:00,53.415,53.45,53.415,53.45,410
2020-12-21 15:18:00-05:00,53.49,53.51,53.4575,53.4575,301
2020-12-21 15:20:00-05:00,53.455,53.455,53.455,53.455,100
2020-12-21 15:22:00-05:00,53.57,53.57,53.455,53.46,617
2020-12-21 15:24:00-05:00,53.44,53.525,53.4075,53.4075,1433
2020-12-21 15:26:00-05:00,53.415,53.415,53.415,53.415,300
2020-12-21 15:28:00-05:00,53.49,53.5,53.485,53.5,747
2020-12-21 15:30:00-05:00,53.41,53.41,53.26,53.26,1224
2020-12-21 15:32:00-05:00,53.24,53.25,53.24,53.25,753
2020-12-21 15:38:00-05:00,53.33,53.33,53.33,53.33,260
2020-12-21 15:40:00-05:00,53.31,53.31,53.15,53.15,686
2020-12-21 15:42:00-05:00,53.35,53.35,53.35,53.35,113
2020-12-21 15:44:00-05:00,53.23,53.24,53.16,53.16,776
2020-12-21 15:46:00-05:00,53.21,53.21,53.13,53.16,1053
2020-12-21 15:48:00-05:00,53.22,53.22,53.12,53.17,738
2020-12-21 15:50:00-05:00,53.31,53.31,53.22,53.28,1620
2020-12-21 15:52:00-05:00,53.3,53.36,53.28,53.36,1312
2020-12-21 15:54:00-05:00,53.38,53.64,53.38,53.51,7909
2020-12-21 15:56:00-05:00,53.51,53.65,53.49,53.65,1890
2020-12-21 15:58:00-05:00,53.595,53.67,53.49,53.52,22503
2020-12-22 09:30:00-05:00,53.79,53.79,53.79,53.79,1450
2020-12-22 09:32:00-05:00,54.025,54.45,54.025,54.45,468
2020-12-22 09:34:00-05:00,54.145,54.145,53.74,53.74,1766
2020-12-22 09:40:00-05:00,53.5,53.675,53.5,53.555,2494
2020-12-22 09:46:00-05:00,53.2,53.2,53.2,53.2,227
2020-12-22 09:52:00-05:00,53.0,53.1,53.0,53.1,979
2020-12-22 09:54:00-05:00,53.115,53.115,53.115,53.115,244
2020-12-22 09:58:00-05:00,52.845,53.49,52.845,53.325,3086
2020-12-22 10:00:00-05:00,53.38,53.38,53.01,53.01,3169
2020-12-22 10:02:00-05:00,53.14,53.14,52.86,52.98,2041
2020-12-22 10:08:00-05:00,53.485,53.485,53.485,53.485,135
2020-12-22 10:10:00-05:00,53.57,53.59,53.57,53.59,471
2020-12-22 10:12:00-05:00,53.33,53.355,53.18,53.18,743
2020-12-22 10:16:00-05:00,53.095,53.095,53.095,53.095,461
2020-12-22 10:18:00-05:00,53.135,53.15,53.13,53.13,1211
2020-12-22 10:20:00-05:00,53.135,53.21,53.0,53.21,641
2020-12-22 10:22:00-05:00,53.22,53.22,53.22,53.22,104
2020-12-22 10:24:00-05:00,53.1275,53.215,53.1275,53.215,430
2020-12-22 10:28:00-05:00,53.22,53.22,53.22,53.22,284
2020-12-22 10:30:00-05:00,53.03,53.03,52.99,53.02,764
2020-12-22 10:34:00-05:00,52.87,52.87,52.7,52.7,874
2020-12-22 10:36:00-05:00,52.6,52.6,52.6,52.6,122
2020-12-22 10:40:00-05:00,52.705,52.705,52.705,52.705,263
2020-12-22 10:42:00-05:00,52.71,52.71,52.54,52.55,1314
2020-12-22 10:44:00-05:00,52.59,52.59,52.48,52.48,423
2020-12-22 10:46:00-05:00,52.43,52.43,52.43,52.43,325
2020-12-22 10:48:00-05:00,52.385,52.385,52.28,52.28,548
2020-12-22 10:50:00-05:00,52.397,52.397,52.14,52.14,565
2020-12-22 10:52:00-05:00,52.14,52.14,52.14,52.14,784
2020-12-22 10:54:00-05:00,52.08,52.1,51.97,51.97,1848
2020-12-22 10:56:00-05:00,52.14,52.21,52.055,52.21,1149
2020-12-22 10:58:00-05:00,51.99,52.06,51.84,52.06,2166
2020-12-22 11:00:00-05:00,52.07,52.13,52.07,52.13,329
2020-12-22 11:02:00-05:00,52.145,52.15,52.145,52.15,820
2020-12-22 11:04:00-05:00,52.15,52.29,52.15,52.29,309
2020-12-22 11:06:00-05:00,52.285,52.285,52.195,52.195,253
2020-12-22 11:08:00-05:00,52.29,52.62,52.29,52.48,876
2020-12-22 11:10:00-05:00,52.55,52.79,52.55,52.66,730
2020-12-22 11:12:00-05:00,52.78,52.78,52.78,52.78,706
2020-12-22 11:14:00-05:00,52.87,52.87,52.87,52.87,263
2020-12-22 11:18:00-05:00,52.78,52.78,52.78,52.78,153
2020-12-22 11:20:00-05:00,52.78,52.87,52.78,52.78,463
2020-12-22 11:22:00-05:00,52.78,52.78,52.54,52.54,1889
2020-12-22 11:30:00-05:00,52.635,52.645,52.635,52.645,236
2020-12-22 11:32:00-05:00,52.765,52.765,52.71,52.71,327
2020-12-22 11:34:00-05:00,52.78,52.78,52.755,52.755,366
2020-12-22 11:36:00-05:00,52.97,52.97,52.97,52.97,189
2020-12-22 11:38:00-05:00,52.99,53.02,52.99,53.02,365
2020-12-22 11:40:00-05:00,52.995,52.995,52.995,52.995,102
2020-12-22 11:42:00-05:00,53.02,53.02,52.785,52.795,360
2020-12-22 11:44:00-05:00,52.805,52.805,52.805,52.805,103
2020-12-22 11:46:00-05:00,52.72,52.72,52.39,52.39,1988
2020-12-22 11:56:00-05:00,52.8,53.11,52.8,52.985,1778
2020-12-22 12:00:00-05:00,53.015,53.015,52.995,52.995,220
2020-12-22 12:04:00-05:00,53.1525,53.27,53.02,53.02,1657
2020-12-22 12:06:00-05:00,53.1,53.1,53.1,53.1,203
2020-12-22 12:14:00-05:00,53.1,53.1,53.1,53.1,100
2020-12-22 12:16:00-05:00,53.2,53.2,53.1,53.1,595
2020-12-22 12:22:00-05:00,53.0775,53.13,53.0775,53.13,307
2020-12-22 12:24:00-05:00,53.03,53.03,52.94,53.03,1401
2020-12-22 12:28:00-05:00,52.75,52.75,52.75,52.75,112
2020-12-22 12:32:00-05:00,52.84,52.84,52.84,52.84,121
2020-12-22 12:34:00-05:00,52.97,52.97,52.97,52.97,264
2020-12-22 12:40:00-05:00,52.9025,53.01,52.9025,53.01,1210
2020-12-22 12:42:00-05:00,52.96,53.055,52.95,53.01,878
2020-12-22 12:46:00-05:00,52.945,52.945,52.945,52.945,100
2020-12-22 12:48:00-05:00,52.91,52.91,52.91,52.91,102
2020-12-22 12:50:00-05:00,52.9675,53.02,52.9675,53.02,370
2020-12-22 12:52:00-05:00,52.985,52.985,52.985,52.985,302
2020-12-22 12:54:00-05:00,52.985,53.135,52.985,53.135,305
2020-12-22 13:00:00-05:00,52.995,53.135,52.995,53.005,402
2020-12-22 13:02:00-05:00,52.97,52.97,52.97,52.97,124
2020-12-22 13:04:00-05:00,52.91,52.91,52.74,52.74,1849
2020-12-22 13:14:00-05:00,52.83,53.04,52.83,53.04,342
2020-12-22 13:16:00-05:00,52.83,52.83,52.83,52.83,100
2020-12-22 13:18:00-05:00,52.83,52.83,52.83,52.83,134
2020-12-22 13:20:00-05:00,53.04,53.0775,53.02,53.0775,546
2020-12-22 13:22:00-05:00,52.945,52.945,52.945,52.945,102
2020-12-22 13:24:00-05:00,53.0,53.0,53.0,53.0,100
2020-12-22 13:26:00-05:00,53.075,53.075,53.075,53.075,101
2020-12-22 13:28:00-05:00,53.15,53.15,52.97,52.97,440
2020-12-22 13:30:00-05:00,52.97,52.97,52.88,52.88,201
2020-12-22 13:32:00-05:00,52.97,53.025,52.95,53.025,419
2020-12-22 13:34:00-05:00,52.89,52.93,52.82,52.93,1432
2020-12-22 13:38:00-05:00,52.96,53.025,52.88,52.905,758
2020-12-22 13:40:00-05:00,52.905,52.905,52.905,52.905,156
2020-12-22 13:42:00-05:00,52.83,52.83,52.83,52.83,217
2020-12-22 13:44:00-05:00,52.93,52.96,52.93,52.96,324
2020-12-22 13:50:00-05:00,52.93,52.93,52.855,52.855,308
2020-12-22 13:54:00-05:00,52.855,52.855,52.72,52.84,1206
2020-12-22 13:58:00-05:00,52.7,52.7,52.69,52.69,854
2020-12-22 14:02:00-05:00,52.845,52.845,52.845,52.845,100
2020-12-22 14:06:00-05:00,52.85,52.91,52.85,52.91,256
2020-12-22 14:08:00-05:00,52.855,52.855,52.855,52.855,200
2020-12-22 14:10:00-05:00,52.83,52.86,52.83,52.86,308
2020-12-22 14:12:00-05:00,52.82,52.93,52.82,52.93,214
2020-12-22 14:14:00-05:00,52.87,53.0,52.87,52.93,2143
2020-12-22 14:18:00-05:00,52.87,52.93,52.87,52.87,938
2020-12-22 14:20:00-05:00,52.92,52.92,52.92,52.92,118
2020-12-22 14:26:00-05:00,52.99,52.99,52.925,52.925,409
2020-12-22 14:28:00-05:00,52.86,52.925,52.86,52.925,459
2020-12-22 14:30:00-05:00,52.915,52.915,52.74,52.74,1089
2020-12-22 14:32:00-05:00,52.81,52.81,52.81,52.81,165
2020-12-22 14:38:00-05:00,52.81,52.855,52.81,52.855,200
2020-12-22 14:40:00-05:00,52.75,52.805,52.73,52.73,647
2020-12-22 14:44:00-05:00,52.745,52.745,52.745,52.745,338
2020-12-22 14:46:00-05:00,52.735,52.82,52.735,52.82,445
2020-12-22 14:48:00-05:00,52.82,52.82,52.82,52.82,148
2020-12-22 14:50:00-05:00,52.82,52.8925,52.82,52.82,600
2020-12-22 14:52:00-05:00,52.95,52.95,52.82,52.82,204
2020-12-22 14:54:00-05:00,52.89,52.89,52.87,52.87,337
2020-12-22 14:56:00-05:00,52.73,52.9,52.73,52.9,19872
2020-12-22 14:58:00-05:00,52.94,53.19,52.94,53.19,3710
2020-12-22 15:00:00-05:00,53.19,53.19,53.19,53.19,393
2020-12-22 15:02:00-05:00,53.44,53.44,53.3,53.305,6228
2020-12-22 15:06:00-05:00,53.48,53.48,53.48,53.48,244
2020-12-22 15:10:00-05:00,53.52,53.93,53.52,53.93,2224
2020-12-22 15:14:00-05:00,54.13,54.13,54.13,54.13,302
2020-12-22 15:16:00-05:00,54.07,54.07,54.065,54.065,375
2020-12-22 15:18:00-05:00,54.07,54.33,54.035,54.08,404
2020-12-22 15:20:00-05:00,54.075,54.33,54.075,54.33,569
2020-12-22 15:24:00-05:00,54.32,54.32,54.32,54.32,481
2020-12-22 15:26:00-05:00,54.28,54.4,54.18,54.38,4669
2020-12-22 15:28:00-05:00,54.4,54.4,54.245,54.4,2246
2020-12-22 15:30:00-05:00,54.4,54.4,54.4,54.4,110
2020-12-22 15:32:00-05:00,54.245,54.34,54.245,54.34,758
2020-12-22 15:34:00-05:00,54.28,54.28,54.17,54.17,2890
2020-12-22 15:42:00-05:00,53.9,53.9,53.9,53.9,222
2020-12-22 15:44:00-05:00,54.08,54.1,53.77,54.01,1151
2020-12-22 15:46:00-05:00,54.02,54.02,54.02,54.02,100
2020-12-22 15:48:00-05:00,54.03,54.16,54.03,54.16,404
2020-12-22 15:50:00-05:00,54.16,54.37,53.9,53.9,5739
2020-12-22 15:54:00-05:00,53.96,54.38,53.96,54.165,3381
2020-12-22 15:56:00-05:00,54.195,54.36,54.1,54.29,2791
2020-12-22 15:58:00-05:00,54.28,54.3,54.08,54.18,14773
2020-12-23 09:30:00-05:00,54.0,54.0,53.64,53.64,2437
2020-12-23 09:34:00-05:00,53.88,54.4,53.88,54.39,16697
2020-12-23 09:36:00-05:00,54.4,54.4,53.62,53.62,2927
2020-12-23 09:40:00-05:00,53.985,53.985,53.985,53.985,156
2020-12-23 09:44:00-05:00,53.995,53.995,53.995,53.995,100
2020-12-23 09:46:00-05:00,53.64,54.19,53.64,53.72,1084
2020-12-23 09:48:00-05:00,53.68,53.7,53.68,53.7,598
2020-12-23 09:50:00-05:00,53.51,53.51,53.5004,53.5004,319
2020-12-23 09:56:00-05:00,53.785,53.785,53.595,53.775,487
2020-12-23 10:02:00-05:00,54.1,54.1,54.1,54.1,140
2020-12-23 10:04:00-05:00,53.935,53.935,53.935,53.935,102
2020-12-23 10:06:00-05:00,53.955,53.955,53.955,53.955,329
2020-12-23 10:08:00-05:00,53.98,54.09,53.98,54.06,773
2020-12-23 10:16:00-05:00,54.35,54.35,54.35,54.35,187
2020-12-23 10:20:00-05:00,54.19,54.19,53.91,53.91,1906
2020-12-23 10:28:00-05:00,53.855,53.855,53.855,53.855,103
2020-12-23 10:30:00-05:00,53.84,53.875,53.84,53.875,204
2020-12-23 10:32:00-05:00,53.915,53.915,53.915,53.915,103
2020-12-23 10:34:00-05:00,53.915,53.915,53.915,53.915,101
2020-12-23 10:36:00-05:00,53.91,54.27,53.91,54.14,547
2020-12-23 10:40:00-05:00,54.225,54.225,54.225,54.225,437
2020-12-23 10:44:00-05:00,54.08,54.08,54.08,54.08,369
2020-12-23 10:46:00-05:00,54.175,54.175,54.175,54.175,101
2020-12-23 10:48:00-05:00,54.175,54.175,54.175,54.175,100
2020-12-23 10:50:00-05:00,54.15,54.15,53.805,53.805,2236
2020-12-23 10:54:00-05:00,53.94,53.94,53.94,53.94,218
2020-12-23 10:58:00-05:00,53.915,54.14,53.915,54.14,298
2020-12-23 11:04:00-05:00,54.3,54.4,54.165,54.175,8479
2020-12-23 11:14:00-05:00,54.075,54.075,54.075,54.075,355
2020-12-23 11:16:00-05:00,54.32,54.32,54.15,54.15,202
2020-12-23 11:18:00-05:00,54.12,54.12,54.115,54.115,201
2020-12-23 11:20:00-05:00,54.07,54.07,54.07,54.07,301
2020-12-23 11:22:00-05:00,54.04,54.16,53.88,53.995,1363
2020-12-23 11:24:00-05:00,53.99,53.99,53.99,53.99,114
2020-12-23 11:26:00-05:00,54.29,54.29,54.29,54.29,100
2020-12-23 11:28:00-05:00,54.22,54.22,54.22,54.22,209
2020-12-23 11:30:00-05:00,54.18,54.18,54.02,54.02,725
2020-12-23 11:34:00-05:00,54.03,54.03,54.0,54.0,336
2020-12-23 11:36:00-05:00,54.2,54.2,54.2,54.2,223
2020-12-23 11:40:00-05:00,54.175,54.175,54.175,54.175,102
2020-12-23 11:44:00-05:00,54.28,54.28,54.16,54.16,414
2020-12-23 11:48:00-05:00,54.15,54.15,54.15,54.15,106
2020-12-23 11:50:00-05:00,54.19,54.19,54.19,54.19,101
2020-12-23 11:52:00-05:00,54.26,54.26,54.26,54.26,200
2020-12-23 11:54:00-05:00,54.295,54.295,54.21,54.21,717
2020-12-23 12:02:00-05:00,54.1,54.1,54.1,54.1,549
2020-12-23 12:06:00-05:00,54.12,54.12,54.12,54.12,349
2020-12-23 12:12:00-05:00,54.09,54.18,54.09,54.18,508
2020-12-23 12:14:00-05:00,54.15,54.15,54.14,54.14,364
2020-12-23 12:22:00-05:00,54.1,54.25,54.1,54.25,682
2020-12-23 12:24:00-05:00,54.09,54.09,54.055,54.06,405
2020-12-23 12:26:00-05:00,53.91,54.15,53.91,54.15,410
2020-12-23 12:30:00-05:00,54.04,54.04,54.04,54.04,351
2020-12-23 12:38:00-05:00,54.21,54.21,54.21,54.21,118
2020-12-23 12:40:00-05:00,54.23,54.23,54.23,54.23,119
2020-12-23 12:42:00-05:00,54.115,54.27,54.115,54.27,377
2020-12-23 12:46:00-05:00,54.14,54.14,54.14,54.14,121
2020-12-23 12:48:00-05:00,54.29,54.32,54.09,54.09,1325
2020-12-23 12:50:00-05:00,54.065,54.065,54.065,54.065,300
2020-12-23 12:52:00-05:00,54.16,54.16,54.125,54.125,310
2020-12-23 12:56:00-05:00,54.1,54.16,54.1,54.16,268
2020-12-23 13:00:00-05:00,54.08,54.08,54.02,54.02,941
2020-12-23 13:02:00-05:00,54.12,54.12,54.12,54.12,100
2020-12-23 13:04:00-05:00,54.055,54.055,54.055,54.055,214
2020-12-23 13:08:00-05:00,54.1,54.1,54.08,54.08,210
2020-12-23 13:10:00-05:00,54.08,54.08,54.08,54.08,200
2020-12-23 13:12:00-05:00,54.09,54.09,54.09,54.09,149
2020-12-23 13:16:00-05:00,54.0,54.0,53.9,53.9,468
2020-12-23 13:20:00-05:00,54.095,54.33,54.095,54.21,742
2020-12-23 13:22:00-05:00,54.38,54.38,54.38,54.38,185
2020-12-23 13:24:00-05:00,54.23,54.23,54.105,54.105,1268
2020-12-23 13:30:00-05:00,54.07,54.12,54.04,54.04,1101
2020-12-23 13:32:00-05:00,54.1,54.1,54.065,54.065,1158
2020-12-23 13:34:00-05:00,54.08,54.08,54.08,54.08,387
2020-12-23 13:38:00-05:00,54.08,54.08,54.08,54.08,195
2020-12-23 13:40:00-05:00,54.17,54.17,54.17,54.17,234
2020-12-23 13:44:00-05:00,54.16,54.16,53.98,53.9999,1386
2020-12-23 13:50:00-05:00,54.02,54.02,54.01,54.02,480
2020-12-23 13:52:00-05:00,54.01,54.01,53.99,53.99,430
2020-12-23 13:56:00-05:00,53.99,53.99,53.99,53.99,406
2020-12-23 14:02:00-05:00,54.115,54.12,54.02,54.08,1687
2020-12-23 14:04:00-05:00,54.075,54.075,54.075,54.075,468
2020-12-23 14:10:00-05:00,54.1,54.1,54.01,54.01,602
2020-12-23 14:12:00-05:00,54.04,54.04,54.04,54.04,109
2020-12-23 14:14:00-05:00,54.02,54.02,54.02,54.02,114
2020-12-23 14:16:00-05:00,54.05,54.18,54.05,54.18,765
2020-12-23 14:22:00-05:00,54.2,54.2,54.2,54.2,206
2020-12-23 14:24:00-05:00,54.19,54.19,54.12,54.12,988
2020-12-23 14:26:00-05:00,54.12,54.12,54.12,54.12,351
2020-12-23 14:34:00-05:00,54.23,54.2596,54.23,54.2596,590
2020-12-23 14:36:00-05:00,54.225,54.225,54.225,54.225,323
2020-12-23 14:38:00-05:00,54.37,54.37,54.37,54.37,254
2020-12-23 14:46:00-05:00,54.39,54.4,54.375,54.375,1540
2020-12-23 14:48:00-05:00,54.38,54.39,54.35,54.37,2331
2020-12-23 14:50:00-05:00,54.37,54.37,54.1902,54.24,2671
2020-12-23 14:52:00-05:00,54.2,54.3,54.19,54.3,1624
2020-12-23 14:54:00-05:00,54.25,54.25,54.25,54.25,102
2020-12-23 14:56:00-05:00,54.265,54.265,54.265,54.265,173
2020-12-23 15:00:00-05:00,54.28,54.28,54.28,54.28,200
2020-12-23 15:02:00-05:00,54.23,54.23,54.23,54.23,382
2020-12-23 15:04:00-05:00,54.27,54.27,54.27,54.27,156
2020-12-23 15:10:00-05:00,54.225,54.24,54.225,54.24,554
2020-12-23 15:12:00-05:00,54.285,54.285,54.285,54.285,213
2020-12-23 15:14:00-05:00,54.285,54.285,54.285,54.285,102
2020-12-23 15:18:00-05:00,54.285,54.285,54.265,54.265,200
2020-12-23 15:20:00-05:00,54.265,54.265,54.265,54.265,311
2020-12-23 15:22:00-05:00,54.34,54.34,54.34,54.34,173
2020-12-23 15:24:00-05:00,54.32,54.32,54.235,54.26,756
2020-12-23 15:28:00-05:00,54.285,54.285,54.285,54.285,207
2020-12-23 15:30:00-05:00,54.3,54.32,54.235,54.32,717
2020-12-23 15:32:00-05:00,54.34,54.365,54.34,54.365,248
2020-12-23 15:34:00-05:00,54.34,54.4,54.26,54.26,3011
2020-12-23 15:40:00-05:00,54.285,54.38,54.25,54.25,757
2020-12-23 15:42:00-05:00,54.32,54.32,54.32,54.32,226
2020-12-23 15:44:00-05:00,54.33,54.33,54.26,54.26,631
2020-12-23 15:46:00-05:00,54.315,54.315,54.315,54.315,100
2020-12-23 15:48:00-05:00,54.315,54.37,54.2,54.23,2286
2020-12-23 15:50:00-05:00,54.2,54.2,53.74,53.91,3569
2020-12-23 15:52:00-05:00,54.055,54.25,53.91,54.215,3241
2020-12-23 15:54:00-05:00,54.3,54.3,53.97,53.97,2344
2020-12-23 15:56:00-05:00,54.06,54.215,53.98,54.21,3290
2020-12-23 15:58:00-05:00,54.08,54.22,53.99,54.21,6914
2020-12-24 09:30:00-05:00,54.28,54.28,53.73,53.73,738
2020-12-24 09:32:00-05:00,54.4,54.4,54.4,54.4,1797
2020-12-24 09:34:00-05:00,54.4,54.4,54.34,54.34,4115
2020-12-24 09:40:00-05:00,54.4,54.4,54.4,54.4,8215
2020-12-24 09:42:00-05:00,54.4,54.4,54.4,54.4,419
2020-12-24 09:44:00-05:00,54.4,54.4,54.4,54.4,4281
2020-12-24 09:46:00-05:00,54.39,54.4,54.39,54.4,1344
2020-12-24 09:48:00-05:00,54.4,54.4,54.4,54.4,9737
2020-12-24 09:50:00-05:00,54.39,54.4,54.26,54.26,2323
2020-12-24 09:58:00-05:00,54.23,54.23,54.23,54.23,178
2020-12-24 10:04:00-05:00,54.295,54.295,54.295,54.295,153
2020-12-24 10:10:00-05:00,54.19,54.19,54.19,54.19,420
2020-12-24 10:12:00-05:00,54.09,54.21,53.95,54.135,1335
2020-12-24 10:20:00-05:00,54.3,54.4,54.25,54.4,3623
2020-12-24 10:24:00-05:00,54.4,54.4,54.335,54.335,1441
2020-12-24 10:26:00-05:00,54.4,54.4,54.4,54.4,214
2020-12-24 10:30:00-05:00,54.325,54.325,54.325,54.325,158
2020-12-24 10:32:00-05:00,54.275,54.275,54.275,54.275,114
2020-12-24 10:34:00-05:00,54.4,54.4,54.4,54.4,3641
2020-12-24 10:40:00-05:00,54.28,54.28,54.28,54.28,440
2020-12-24 10:42:00-05:00,54.39,54.39,54.39,54.39,130
2020-12-24 10:44:00-05:00,54.29,54.29,54.29,54.29,1883
2020-12-24 10:52:00-05:00,54.4,54.4,54.35,54.4,897
2020-12-24 10:56:00-05:00,54.39,54.39,54.39,54.39,227
2020-12-24 10:58:00-05:00,54.29,54.29,54.26,54.26,458
2020-12-24 11:10:00-05:00,54.4,54.4,54.37,54.395,330
2020-12-24 11:12:00-05:00,54.14,54.14,54.1,54.1,524
2020-12-24 11:14:00-05:00,54.11,54.11,54.11,54.11,686
2020-12-24 11:16:00-05:00,53.98,54.1,53.98,54.1,411
2020-12-24 11:18:00-05:00,53.755,53.755,53.755,53.755,101
2020-12-24 11:20:00-05:00,53.72,53.735,53.72,53.735,316
2020-12-24 11:22:00-05:00,53.74,53.74,53.68,53.68,627
2020-12-24 11:24:00-05:00,53.4,53.4,53.335,53.335,345
2020-12-24 11:26:00-05:00,53.58,53.58,53.58,53.58,314
2020-12-24 11:28:00-05:00,53.6,53.6,53.6,53.6,931
2020-12-24 11:38:00-05:00,53.69,53.8,53.65,53.8,3049
2020-12-24 11:54:00-05:00,53.93,54.33,53.91,54.33,1407
2020-12-24 12:02:00-05:00,54.265,54.265,54.265,54.265,149
2020-12-24 12:06:00-05:00,54.08,54.08,54.08,54.08,193
2020-12-24 12:10:00-05:00,53.8,53.8,53.8,53.8,338
2020-12-24 12:16:00-05:00,54.0,54.0,54.0,54.0,431
2020-12-24 12:18:00-05:00,53.91,53.91,53.91,53.91,164
2020-12-24 12:22:00-05:00,53.98,53.99,53.98,53.99,1114
2020-12-24 12:38:00-05:00,53.71,53.71,53.67,53.67,346
2020-12-24 12:40:00-05:00,53.67,53.67,53.67,53.67,255
2020-12-24 12:44:00-05:00,53.65,53.65,53.65,53.65,412
2020-12-24 12:50:00-05:00,53.66,54.02,53.66,53.69,858
2020-12-24 12:54:00-05:00,53.54,53.54,53.54,53.54,124
2020-12-24 12:56:00-05:00,53.73,53.79,53.45,53.45,2590
2020-12-24 12:58:00-05:00,53.27,53.61,53.27,53.5,6633
2020-12-24 13:00:00-05:00,53.5,53.5,53.5,53.5,77551
2020-12-28 09:30:00-05:00,54.57,54.57,54.57,54.57,0
2020-12-28 09:34:00-05:00,54.19,54.19,54.16,54.16,1565
2020-12-28 09:40:00-05:00,54.0,54.0,53.55,53.55,991
2020-12-28 09:42:00-05:00,53.62,53.98,53.62,53.98,367
2020-12-28 09:44:00-05:00,53.93,53.99,53.93,53.99,810
2020-12-28 09:46:00-05:00,53.81,53.81,53.81,53.81,107
2020-12-28 09:50:00-05:00,53.88,53.88,53.88,53.88,298
2020-12-28 09:52:00-05:00,53.73,53.86,53.67,53.67,540
2020-12-28 09:54:00-05:00,53.5,53.5,53.03,53.03,3645
2020-12-28 09:56:00-05:00,53.0275,53.15,52.54,53.01,3283
2020-12-28 09:58:00-05:00,53.125,53.35,53.125,53.125,560
2020-12-28 10:00:00-05:00,53.105,53.105,53.105,53.105,100
2020-12-28 10:02:00-05:00,53.015,53.015,53.015,53.015,223
2020-12-28 10:06:00-05:00,52.8,52.8,52.8,52.8,166
2020-12-28 10:10:00-05:00,53.05,53.06,52.81,52.97,1288
2020-12-28 10:14:00-05:00,52.76,52.77,52.74,52.74,707
2020-12-28 10:16:00-05:00,52.55,52.55,52.55,52.55,102
2020-12-28 10:18:00-05:00,51.94,51.94,51.94,51.94,897
2020-12-28 10:26:00-05:00,52.46,52.93,52.46,52.93,267
2020-12-28 10:34:00-05:00,53.16,53.16,52.56,52.56,212
2020-12-28 10:36:00-05:00,52.56,52.56,52.56,52.56,120
2020-12-28 10:42:00-05:00,52.57,52.57,52.57,52.57,176
2020-12-28 10:46:00-05:00,52.59,52.59,51.965,51.965,303
2020-12-28 10:48:00-05:00,52.02,52.02,52.02,52.02,105
2020-12-28 10:50:00-05:00,52.595,52.605,52.595,52.605,513
2020-12-28 10:52:00-05:00,52.07,52.07,52.02,52.02,840
2020-12-28 10:54:00-05:00,51.965,51.965,51.965,51.965,435
2020-12-28 10:58:00-05:00,52.615,52.615,52.615,52.615,274
2020-12-28 11:00:00-05:00,51.94,52.245,51.94,52.245,715
2020-12-28 11:02:00-05:00,51.955,51.955,51.94,51.94,591
2020-12-28 11:06:00-05:00,52.1585,52.19,51.96,51.96,1623
2020-12-28 11:14:00-05:00,51.98,51.98,51.98,51.98,100
2020-12-28 11:16:00-05:00,51.95,51.95,51.95,51.95,100
2020-12-28 11:20:00-05:00,51.97,51.97,51.97,51.97,205
2020-12-28 11:24:00-05:00,52.33,52.33,52.21,52.21,405
2020-12-28 11:26:00-05:00,52.18,52.18,52.18,52.18,287
2020-12-28 11:28:00-05:00,52.335,52.335,52.335,52.335,126
2020-12-28 11:32:00-05:00,52.36,52.36,52.36,52.36,306
2020-12-28 11:34:00-05:00,52.67,52.67,52.67,52.67,247
2020-12-28 11:36:00-05:00,52.62,52.62,52.61,52.61,342
2020-12-28 11:38:00-05:00,52.6,52.6,52.6,52.6,180
2020-12-28 11:50:00-05:00,52.79,52.79,52.495,52.495,27004
2020-12-28 11:52:00-05:00,52.655,52.655,52.655,52.655,324
2020-12-28 11:56:00-05:00,52.68,52.68,52.68,52.68,102
2020-12-28 11:58:00-05:00,52.68,52.68,52.68,52.68,105
2020-12-28 12:00:00-05:00,52.68,52.68,52.15,52.22,4214
2020-12-28 12:02:00-05:00,52.15,52.295,52.15,52.295,420
2020-12-28 12:08:00-05:00,52.15,52.16,52.15,52.16,600
2020-12-28 12:10:00-05:00,52.17,52.17,52.17,52.17,196
2020-12-28 12:12:00-05:00,52.15,52.295,52.15,52.295,336
2020-12-28 12:16:00-05:00,52.17,52.295,52.17,52.295,504
2020-12-28 12:20:00-05:00,52.42,52.42,52.15,52.15,641
2020-12-28 12:22:00-05:00,52.41,52.43,52.295,52.295,426
2020-12-28 12:24:00-05:00,52.29,52.29,52.185,52.29,389
2020-12-28 12:28:00-05:00,52.15,52.15,52.15,52.15,148
2020-12-28 12:30:00-05:00,52.29,52.29,52.29,52.29,104
2020-12-28 12:36:00-05:00,52.17,52.29,52.155,52.155,454
2020-12-28 12:38:00-05:00,52.26,52.26,52.26,52.26,100
2020-12-28 12:42:00-05:00,52.17,52.17,51.94,52.05,2571
2020-12-28 12:48:00-05:00,52.05,52.05,52.05,52.05,277
2020-12-28 12:52:00-05:00,51.95,51.95,51.51,51.51,1851
2020-12-28 12:54:00-05:00,51.69,51.69,51.605,51.605,606
2020-12-28 12:56:00-05:00,51.445,51.445,51.445,51.445,128
2020-12-28 12:58:00-05:00,51.44,51.45,51.44,51.45,300
2020-12-28 13:00:00-05:00,51.54,51.54,51.5375,51.5375,739
2020-12-28 13:02:00-05:00,51.59,51.62,51.59,51.62,941
2020-12-28 13:04:00-05:00,51.655,51.655,51.53,51.53,203
2020-12-28 13:08:00-05:00,51.79,51.81,51.705,51.705,3462
2020-12-28 13:10:00-05:00,51.82,51.82,51.82,51.82,200
2020-12-28 13:12:00-05:00,51.86,51.86,51.86,51.86,101
2020-12-28 13:14:00-05:00,51.77,51.77,51.77,51.77,103
2020-12-28 13:16:00-05:00,51.845,51.855,51.69,51.855,3934
2020-12-28 13:22:00-05:00,51.86,51.86,51.86,51.86,357
2020-12-28 13:24:00-05:00,51.91,51.98,51.76,51.98,1945
2020-12-28 13:26:00-05:00,52.01,52.27,52.01,52.27,670
2020-12-28 13:28:00-05:00,52.05,52.07,51.91,51.94,1149
2020-12-28 13:30:00-05:00,52.02,52.02,52.02,52.02,317
2020-12-28 13:40:00-05:00,52.105,52.105,52.105,52.105,103
2020-12-28 13:42:00-05:00,51.94,51.94,51.89,51.89,473
2020-12-28 13:52:00-05:00,51.89,51.89,51.89,51.89,118
2020-12-28 13:54:00-05:00,51.7112,51.7112,51.55,51.71,1203
2020-12-28 13:56:00-05:00,51.63,51.79,51.58,51.79,1661
2020-12-28 13:58:00-05:00,51.85,51.92,51.85,51.88,676
2020-12-28 14:08:00-05:00,51.965,52.05,51.87,52.05,425
2020-12-28 14:10:00-05:00,52.05,52.06,51.87,52.06,621
2020-12-28 14:12:00-05:00,52.09,52.09,52.09,52.09,226
2020-12-28 14:16:00-05:00,52.13,52.26,52.09,52.09,572
2020-12-28 14:24:00-05:00,52.29,52.29,52.19,52.19,1513
2020-12-28 14:28:00-05:00,52.04,52.04,52.04,52.04,100
2020-12-28 14:30:00-05:00,52.05,52.05,51.96,51.96,1186
2020-12-28 14:36:00-05:00,51.83,51.83,51.83,51.83,436
2020-12-28 14:38:00-05:00,51.77,51.77,51.77,51.77,121
2020-12-28 14:42:00-05:00,51.78,51.81,51.78,51.81,300
2020-12-28 14:44:00-05:00,51.63,51.63,51.62,51.62,389
2020-12-28 14:46:00-05:00,51.61,51.62,51.43,51.43,800
2020-12-28 14:48:00-05:00,51.43,51.43,51.43,51.43,2000
2020-12-28 14:50:00-05:00,51.305,51.305,51.305,51.305,220
2020-12-28 14:52:00-05:00,51.38,51.51,51.38,51.51,2216
2020-12-28 14:54:00-05:00,51.51,51.51,51.51,51.51,100
2020-12-28 14:56:00-05:00,51.51,51.515,51.51,51.515,707
2020-12-28 14:58:00-05:00,51.58,51.58,51.42,51.42,630
2020-12-28 15:00:00-05:00,51.4,51.4,51.38,51.38,675
2020-12-28 15:02:00-05:00,51.41,51.41,51.41,51.41,411
2020-12-28 15:06:00-05:00,51.29,51.345,51.29,51.3425,3538
2020-12-28 15:08:00-05:00,51.31,51.35,50.98,50.98,5693
2020-12-28 15:12:00-05:00,51.12,51.36,51.07,51.36,1702
2020-12-28 15:18:00-05:00,51.34,51.34,51.14,51.14,500
2020-12-28 15:20:00-05:00,51.22,51.22,51.01,51.01,2038
2020-12-28 15:22:00-05:00,51.005,51.005,51.005,51.005,200
2020-12-28 15:24:00-05:00,50.98,50.98,50.8,50.81,1106
2020-12-28 15:28:00-05:00,50.815,50.815,50.8,50.8,2764
2020-12-28 15:30:00-05:00,50.57,50.67,50.57,50.67,425
2020-12-28 15:32:00-05:00,50.86,50.9,50.86,50.87,1053
2020-12-28 15:34:00-05:00,50.85,51.07,50.745,50.745,633
2020-12-28 15:36:00-05:00,50.77,50.77,50.36,50.61,4059
2020-12-28 15:38:00-05:00,50.71,50.8,50.61,50.8,1249
2020-12-28 15:40:00-05:00,50.69,50.69,50.69,50.69,359
2020-12-28 15:44:00-05:00,50.795,50.9,50.675,50.69,1677
2020-12-28 15:46:00-05:00,50.72,50.72,50.57,50.57,501
2020-12-28 15:48:00-05:00,50.72,51.07,50.65,51.07,6432
2020-12-28 15:50:00-05:00,50.875,50.875,50.7,50.7,682
2020-12-28 15:52:00-05:00,50.68,50.7,50.45,50.45,2029
2020-12-28 15:54:00-05:00,50.48,50.48,50.085,50.21,2619
2020-12-28 15:56:00-05:00,50.22,50.64,50.21,50.3,4823
2020-12-28 15:58:00-05:00,50.28,50.73,50.27,50.59,9335
2020-12-29 09:30:00-05:00,50.65,50.65,50.65,50.65,2721
2020-12-29 09:38:00-05:00,50.56,50.56,50.56,50.56,101
2020-12-29 09:40:00-05:00,50.63,50.63,50.63,50.63,148
2020-12-29 09:44:00-05:00,50.0,50.065,50.0,50.065,1066
2020-12-29 09:46:00-05:00,50.0,50.0,49.62,49.62,5258
2020-12-29 09:54:00-05:00,49.96,49.96,49.905,49.905,927
2020-12-29 09:56:00-05:00,49.815,49.88,49.815,49.88,1205
2020-12-29 09:58:00-05:00,49.875,49.88,49.875,49.875,1432
2020-12-29 10:00:00-05:00,49.87,50.0,49.55,49.8,1836
2020-12-29 10:02:00-05:00,49.805,50.0,49.805,49.855,1100
2020-12-29 10:04:00-05:00,49.875,50.06,49.79,49.96,5072
2020-12-29 10:06:00-05:00,50.0,50.0,50.0,50.0,477
2020-12-29 10:10:00-05:00,49.96,49.96,49.96,49.96,223
2020-12-29 10:12:00-05:00,50.05,50.44,50.05,50.44,1305
2020-12-29 10:14:00-05:00,50.4,50.4,50.19,50.21,2603
2020-12-29 10:20:00-05:00,50.47,50.47,50.195,50.3884,1559
2020-12-29 10:24:00-05:00,50.4,50.4,50.17,50.17,695
2020-12-29 10:32:00-05:00,50.47,50.47,50.47,50.47,122
2020-12-29 10:34:00-05:00,50.67,50.67,50.67,50.67,104
2020-12-29 10:36:00-05:00,50.47,50.47,50.47,50.47,140
2020-12-29 10:38:00-05:00,50.67,50.765,50.52,50.765,5870
2020-12-29 10:42:00-05:00,50.93,51.1,50.81,50.81,650
2020-12-29 10:44:00-05:00,50.95,50.95,50.8,50.8,1421
2020-12-29 10:48:00-05:00,50.87,50.87,50.7,50.7,291
2020-12-29 10:54:00-05:00,50.87,50.87,50.87,50.87,285
2020-12-29 11:00:00-05:00,51.08,51.08,50.72,50.72,489
2020-12-29 11:10:00-05:00,51.01,51.01,51.01,51.01,149
2020-12-29 11:14:00-05:00,50.7,50.7,50.53,50.53,1823
2020-12-29 11:20:00-05:00,50.4,50.4,50.38,50.38,528
2020-12-29 11:22:00-05:00,50.38,50.47,50.28,50.42,1053
2020-12-29 11:24:00-05:00,50.285,50.44,50.285,50.43,1498
2020-12-29 11:36:00-05:00,50.24,50.24,50.24,50.24,332
2020-12-29 11:42:00-05:00,50.22,50.22,50.22,50.22,142
2020-12-29 11:48:00-05:00,50.53,50.53,50.53,50.53,338
2020-12-29 11:52:00-05:00,50.21,50.3,49.87,50.0,10136
2020-12-29 11:54:00-05:00,50.06,50.305,49.75,50.0,11258
2020-12-29 11:56:00-05:00,50.0,50.17,49.9,49.93,2762
2020-12-29 11:58:00-05:00,50.035,50.12,49.96,49.965,4910
2020-12-29 12:00:00-05:00,50.17,50.2,49.98,49.995,4794
2020-12-29 12:02:00-05:00,50.005,50.1,50.0,50.1,3580
2020-12-29 12:06:00-05:00,50.61,50.62,50.38,50.61,1151
2020-12-29 12:08:00-05:00,50.55,50.85,50.55,50.85,504
2020-12-29 12:10:00-05:00,50.96,50.98,50.57,50.98,418
2020-12-29 12:12:00-05:00,50.98,50.98,50.745,50.745,311
2020-12-29 12:14:00-05:00,51.03,51.03,50.755,50.755,2011
2020-12-29 12:20:00-05:00,50.71,50.72,50.71,50.71,1548
2020-12-29 12:22:00-05:00,50.62,50.62,50.27,50.415,981
2020-12-29 12:32:00-05:00,50.53,50.53,50.53,50.53,144
2020-12-29 12:34:00-05:00,50.15,50.15,50.15,50.15,915
2020-12-29 12:46:00-05:00,50.14,50.14,50.14,50.14,118
2020-12-29 12:48:00-05:00,50.34,50.34,50.34,50.34,235
2020-12-29 12:50:00-05:00,49.97,49.97,49.97,49.97,190
2020-12-29 12:52:00-05:00,49.985,49.985,49.97,49.97,355
2020-12-29 12:56:00-05:00,49.97,50.12,49.96,50.1,1198
2020-12-29 12:58:00-05:00,50.01,50.04,49.97,50.04,673
2020-12-29 13:04:00-05:00,50.1,50.1,50.1,50.1,271
2020-12-29 13:06:00-05:00,50.05,50.05,50.05,50.05,186
2020-12-29 13:08:00-05:00,50.03,50.03,50.02,50.02,600
2020-12-29 13:10:00-05:00,50.02,50.08,49.95,50.04,2917
2020-12-29 13:12:00-05:00,50.0,50.05,49.95,49.995,5825
2020-12-29 13:14:00-05:00,50.03,50.12,49.95,50.0,11833
2020-12-29 13:16:00-05:00,50.04,50.3,49.96,50.28,2955
2020-12-29 13:18:00-05:00,50.43,50.68,50.43,50.68,1057
2020-12-29 13:20:00-05:00,50.6,50.6,50.22,50.22,927
2020-12-29 13:22:00-05:00,50.36,50.415,50.27,50.415,2326
2020-12-29 13:24:00-05:00,50.44,50.44,50.44,50.44,109
2020-12-29 13:26:00-05:00,50.45,50.6,50.35,50.35,535
2020-12-29 13:28:00-05:00,50.6,50.6,50.58,50.58,578
2020-12-29 13:30:00-05:00,50.55,50.55,50.55,50.55,373
2020-12-29 13:32:00-05:00,50.505,50.505,50.505,50.505,100
2020-12-29 13:34:00-05:00,50.64,50.64,50.64,50.64,291
2020-12-29 13:40:00-05:00,50.35,50.415,50.2,50.2,1428
2020-12-29 13:48:00-05:00,50.185,50.185,50.185,50.185,100
2020-12-29 13:50:00-05:00,50.195,50.195,50.195,50.195,365
2020-12-29 13:54:00-05:00,50.36,50.36,50.36,50.36,140
2020-12-29 13:56:00-05:00,50.23,50.23,49.94,50.06,13478
2020-12-29 14:00:00-05:00,50.23,50.31,50.23,50.31,324
2020-12-29 14:02:00-05:00,50.15,50.15,49.96,49.995,3137
2020-12-29 14:04:00-05:00,49.985,50.14,49.91,49.9875,3876
2020-12-29 14:12:00-05:00,49.94,50.04,49.85,49.95,2060
2020-12-29 14:16:00-05:00,50.035,50.04,49.89,49.93,3215
2020-12-29 14:18:00-05:00,49.99,50.04,49.84,49.9,3481
2020-12-29 14:24:00-05:00,49.82,49.915,49.72,49.815,13028
2020-12-29 14:26:00-05:00,49.97,49.97,49.97,49.97,191
2020-12-29 14:30:00-05:00,49.96,50.09,49.96,50.09,787
2020-12-29 14:32:00-05:00,50.31,50.31,50.31,50.31,302
2020-12-29 14:36:00-05:00,50.82,50.82,50.82,50.82,305
2020-12-29 14:40:00-05:00,50.82,50.82,50.82,50.82,423
2020-12-29 14:50:00-05:00,50.32,50.32,50.32,50.32,145
2020-12-29 14:52:00-05:00,50.35,50.82,50.33,50.33,922
2020-12-29 15:00:00-05:00,50.66,50.66,50.36,50.66,771
2020-12-29 15:02:00-05:00,50.44,50.485,50.355,50.355,2192
2020-12-29 15:04:00-05:00,50.27,50.33,50.25,50.25,1006
2020-12-29 15:06:00-05:00,50.41,50.41,50.41,50.41,497
2020-12-29 15:08:00-05:00,50.31,50.31,50.31,50.31,304
2020-12-29 15:12:00-05:00,50.25,50.26,50.24,50.24,1151
2020-12-29 15:14:00-05:00,50.325,50.39,50.325,50.39,243
2020-12-29 15:18:00-05:00,50.16,50.16,50.16,50.16,207
2020-12-29 15:20:00-05:00,50.275,50.275,50.275,50.275,171
2020-12-29 15:22:00-05:00,50.38,50.38,50.3,50.305,755
2020-12-29 15:24:00-05:00,50.41,50.41,50.24,50.24,1594
2020-12-29 15:28:00-05:00,50.23,50.23,50.23,50.23,114
2020-12-29 15:30:00-05:00,50.385,50.385,50.23,50.23,263
2020-12-29 15:34:00-05:00,50.24,50.365,50.24,50.24,752
2020-12-29 15:36:00-05:00,50.24,50.24,50.24,50.24,152
2020-12-29 15:38:00-05:00,50.34,50.49,50.25,50.25,420
2020-12-29 15:40:00-05:00,50.27,50.27,50.27,50.27,317
2020-12-29 15:42:00-05:00,50.43,50.48,50.22,50.22,2593
2020-12-29 15:44:00-05:00,50.2,50.31,50.2,50.2,666
2020-12-29 15:46:00-05:00,50.14,50.47,50.14,50.47,2424
2020-12-29 15:50:00-05:00,50.3,50.47,50.23,50.375,1954
2020-12-29 15:52:00-05:00,50.3575,50.64,50.3275,50.42,2236
2020-12-29 15:54:00-05:00,50.45,50.65,50.21,50.21,4235
2020-12-29 15:56:00-05:00,50.52,50.55,50.21,50.365,2076
2020-12-29 15:58:00-05:00,50.47,50.52,50.225,50.509,18715
2020-12-30 09:30:00-05:00,50.81,50.81,50.81,50.81,1457
2020-12-30 09:40:00-05:00,51.5,51.5,51.12,51.5,973
2020-12-30 09:50:00-05:00,51.25,51.62,51.25,51.62,1805
2020-12-30 09:52:00-05:00,51.55,51.55,51.55,51.55,109
2020-12-30 09:54:00-05:00,51.202,51.202,51.202,51.202,194
2020-12-30 10:02:00-05:00,51.51,51.51,51.51,51.51,252
2020-12-30 10:06:00-05:00,51.515,51.515,51.515,51.515,345
2020-12-30 10:08:00-05:00,51.56,51.68,51.56,51.68,755
2020-12-30 10:18:00-05:00,51.815,51.815,51.54,51.54,6765
2020-12-30 10:26:00-05:00,51.55,51.55,51.55,51.55,102
2020-12-30 10:28:00-05:00,51.8325,51.8325,51.8325,51.8325,114
2020-12-30 10:30:00-05:00,51.77,51.77,51.77,51.77,284
2020-12-30 10:32:00-05:00,51.42,51.6862,51.42,51.6862,653
2020-12-30 10:36:00-05:00,51.46,51.46,51.15,51.22,1172
2020-12-30 10:38:00-05:00,51.16,51.16,51.04,51.04,673
2020-12-30 10:46:00-05:00,51.1,51.1,51.03,51.09,335
2020-12-30 10:48:00-05:00,51.0455,51.0548,51.0455,51.0548,563
2020-12-30 10:50:00-05:00,51.13,51.14,50.96,51.14,580
2020-12-30 10:56:00-05:00,51.115,51.115,51.115,51.115,138
2020-12-30 11:00:00-05:00,50.97,50.97,50.94,50.94,432
2020-12-30 11:02:00-05:00,50.86,50.86,50.86,50.86,285
2020-12-30 11:04:00-05:00,50.86,50.86,50.86,50.86,231
2020-12-30 11:06:00-05:00,50.81,50.81,50.81,50.81,103
2020-12-30 11:08:00-05:00,50.845,50.845,50.77,50.77,331
2020-12-30 11:10:00-05:00,50.77,50.77,50.77,50.77,300
2020-12-30 11:12:00-05:00,50.77,50.78,50.77,50.78,211
2020-12-30 11:14:00-05:00,50.78,50.79,50.58,50.74,2185
2020-12-30 11:16:00-05:00,50.675,50.675,50.63,50.63,327
2020-12-30 11:24:00-05:00,50.75,50.91,50.75,50.76,625
2020-12-30 11:26:00-05:00,51.26,51.26,50.765,51.02,427
2020-12-30 11:28:00-05:00,50.81,50.81,50.81,50.81,215
2020-12-30 11:30:00-05:00,50.81,50.82,50.64,50.64,1433
2020-12-30 11:32:00-05:00,50.8,51.04,50.8,51.04,304
2020-12-30 11:36:00-05:00,50.58,50.58,50.58,50.58,106
2020-12-30 11:38:00-05:00,50.61,51.12,50.6,50.6,788
2020-12-30 11:40:00-05:00,50.62,50.72,50.13,50.445,2277
2020-12-30 11:42:00-05:00,50.51,50.51,50.17,50.395,393
2020-12-30 11:44:00-05:00,50.395,50.395,50.395,50.395,119
2020-12-30 11:48:00-05:00,50.19,50.19,50.19,50.19,211
2020-12-30 11:52:00-05:00,50.57,50.57,50.57,50.57,200
2020-12-30 11:54:00-05:00,50.17,50.25,50.17,50.25,202
2020-12-30 11:56:00-05:00,50.02,50.19,49.94,49.94,533
2020-12-30 11:58:00-05:00,50.05,50.05,50.05,50.05,328
2020-12-30 12:08:00-05:00,50.105,50.105,50.105,50.105,110
2020-12-30 12:14:00-05:00,50.1,50.1,50.1,50.1,232
2020-12-30 12:16:00-05:00,50.095,50.11,50.095,50.11,215
2020-12-30 12:18:00-05:00,50.36,50.36,50.36,50.36,454
2020-12-30 12:20:00-05:00,50.14,50.35,50.14,50.155,765
2020-12-30 12:22:00-05:00,50.36,50.41,50.22,50.385,3601
2020-12-30 12:24:00-05:00,50.395,50.395,50.395,50.395,237
2020-12-30 12:40:00-05:00,50.415,50.415,50.415,50.415,201
2020-12-30 12:42:00-05:00,50.43,50.43,50.43,50.43,140
2020-12-30 12:44:00-05:00,50.435,50.49,50.36,50.4475,1598
2020-12-30 12:48:00-05:00,50.315,50.315,50.315,50.315,100
2020-12-30 12:50:00-05:00,50.57,50.57,50.57,50.57,614
2020-12-30 13:02:00-05:00,50.825,51.3,50.825,51.3,1546
2020-12-30 13:10:00-05:00,50.62,50.68,50.5,50.5,903
2020-12-30 13:14:00-05:00,50.73,50.8,50.73,50.8,2396
2020-12-30 13:20:00-05:00,50.48,50.48,50.48,50.48,310
2020-12-30 13:22:00-05:00,50.41,50.41,50.31,50.41,584
2020-12-30 13:24:00-05:00,50.41,50.51,50.41,50.51,634
2020-12-30 13:28:00-05:00,50.47,50.47,50.34,50.34,495
2020-12-30 13:30:00-05:00,50.34,50.34,50.21,50.21,322
2020-12-30 13:32:00-05:00,50.26,50.26,50.26,50.26,200
2020-12-30 13:34:00-05:00,50.1,50.19,50.1,50.19,548
2020-12-30 13:36:00-05:00,50.29,50.29,50.29,50.29,169
2020-12-30 13:38:00-05:00,50.26,50.31,50.26,50.31,892
2020-12-30 13:48:00-05:00,50.27,50.27,50.23,50.23,378
2020-12-30 13:52:00-05:00,50.23,50.23,50.23,50.23,679
2020-12-30 13:54:00-05:00,50.15,50.15,50.12,50.12,322
2020-12-30 13:56:00-05:00,49.95,50.35,49.91,50.35,873
2020-12-30 14:04:00-05:00,50.0,50.0,49.94,49.94,268
2020-12-30 14:18:00-05:00,49.85,49.85,49.85,49.85,105
2020-12-30 14:22:00-05:00,49.95,49.95,49.95,49.95,101
2020-12-30 14:24:00-05:00,49.95,49.98,49.95,49.98,620
2020-12-30 14:28:00-05:00,50.08,50.18,50.08,50.18,2120
2020-12-30 14:30:00-05:00,50.25,50.57,50.245,50.245,464
2020-12-30 14:34:00-05:00,50.28,50.32,50.28,50.32,327
2020-12-30 14:36:00-05:00,50.23,50.23,50.1,50.1,1003
2020-12-30 14:38:00-05:00,50.25,50.25,50.21,50.21,221
2020-12-30 14:42:00-05:00,50.11,50.11,50.11,50.11,341
2020-12-30 14:46:00-05:00,50.1,50.1,50.1,50.1,147
2020-12-30 14:48:00-05:00,50.1,50.1,49.94,49.94,565
2020-12-30 14:50:00-05:00,50.205,50.205,50.205,50.205,181
2020-12-30 14:54:00-05:00,49.94,49.94,49.94,49.94,100
2020-12-30 14:56:00-05:00,49.89,50.16,49.7,50.16,1612
2020-12-30 15:00:00-05:00,49.77,49.77,49.77,49.77,301
2020-12-30 15:04:00-05:00,50.115,50.115,50.115,50.115,372
2020-12-30 15:10:00-05:00,50.0,50.0,49.98,49.99,574
2020-12-30 15:12:00-05:00,50.31,50.31,50.31,50.31,100
2020-12-30 15:14:00-05:00,50.045,50.31,50.045,50.31,401
2020-12-30 15:16:00-05:00,50.05,50.05,50.05,50.05,203
2020-12-30 15:18:00-05:00,50.06,50.06,49.98,49.98,332
2020-12-30 15:20:00-05:00,50.075,50.075,49.84,49.85,660
2020-12-30 15:22:00-05:00,50.02,50.06,49.95,50.04,1142
2020-12-30 15:26:00-05:00,50.27,50.27,50.08,50.08,319
2020-12-30 15:28:00-05:00,50.08,50.2,50.08,50.2,669
2020-12-30 15:30:00-05:00,50.34,50.34,50.11,50.11,521
2020-12-30 15:32:00-05:00,50.25,50.33,50.24,50.33,1693
2020-12-30 15:36:00-05:00,50.29,50.3,50.2,50.2,683
2020-12-30 15:44:00-05:00,50.18,50.18,50.07,50.07,819
2020-12-30 15:46:00-05:00,50.06,50.0892,49.84,50.0892,3408
2020-12-30 15:50:00-05:00,49.93,50.42,49.93,50.42,4075
2020-12-30 15:52:00-05:00,50.0,50.0,50.0,50.0,205
2020-12-30 15:54:00-05:00,50.42,50.42,50.0,50.205,1823
2020-12-30 15:56:00-05:00,50.36,50.36,50.0,50.35,1828
2020-12-30 15:58:00-05:00,50.22,50.46,50.01,50.12,9890
2020-12-31 09:30:00-05:00,50.12,50.66,50.12,50.66,1204
2020-12-31 09:32:00-05:00,50.86,51.69,50.86,51.69,374
2020-12-31 09:34:00-05:00,51.44,51.62,51.44,51.62,243
2020-12-31 09:36:00-05:00,51.61,51.61,51.61,51.61,100
2020-12-31 09:38:00-05:00,50.02,51.4,50.02,51.4,280
2020-12-31 09:40:00-05:00,50.85,50.85,50.85,50.85,592
2020-12-31 09:42:00-05:00,50.64,50.64,50.475,50.475,1067
2020-12-31 09:44:00-05:00,49.63,49.63,49.63,49.63,732
2020-12-31 09:48:00-05:00,49.88,49.88,49.88,49.88,682
2020-12-31 09:50:00-05:00,49.5,49.715,49.5,49.715,1226
2020-12-31 09:52:00-05:00,49.715,49.715,49.615,49.615,876
2020-12-31 09:54:00-05:00,49.7297,49.75,49.7,49.7,2675
2020-12-31 09:56:00-05:00,49.69,49.69,49.69,49.69,220
2020-12-31 09:58:00-05:00,49.67,49.67,49.67,49.67,208
2020-12-31 10:00:00-05:00,49.81,50.21,49.81,50.11,2150
2020-12-31 10:02:00-05:00,50.11,50.34,49.82,49.82,900
2020-12-31 10:06:00-05:00,49.81,49.81,49.81,49.81,676
2020-12-31 10:08:00-05:00,49.81,49.82,49.53,49.53,2376
2020-12-31 10:10:00-05:00,49.57,49.57,49.57,49.57,100
2020-12-31 10:14:00-05:00,49.57,49.57,49.57,49.57,100
2020-12-31 10:16:00-05:00,50.01,50.13,50.01,50.09,1297
2020-12-31 10:22:00-05:00,49.555,50.17,49.555,50.17,557
2020-12-31 10:24:00-05:00,49.58,49.58,49.58,49.58,110
2020-12-31 10:26:00-05:00,49.99,49.99,49.63,49.63,438
2020-12-31 10:28:00-05:00,49.62,49.62,49.62,49.62,371
2020-12-31 10:30:00-05:00,49.72,49.72,49.72,49.72,100
2020-12-31 10:32:00-05:00,49.99,50.09,49.695,49.695,501
2020-12-31 10:36:00-05:00,49.7,49.81,49.7,49.73,7881
2020-12-31 10:38:00-05:00,49.7,50.27,49.7,50.085,869
2020-12-31 10:40:00-05:00,50.085,50.085,49.905,49.905,492
2020-12-31 10:44:00-05:00,49.9,49.9,49.9,49.9,106
2020-12-31 10:46:00-05:00,50.24,50.24,49.945,49.945,317
2020-12-31 10:48:00-05:00,49.92,49.92,49.92,49.92,927
2020-12-31 10:50:00-05:00,49.87,49.87,49.87,49.87,302
2020-12-31 10:52:00-05:00,49.875,49.875,49.875,49.875,101
2020-12-31 10:54:00-05:00,49.865,49.865,49.865,49.865,100
2020-12-31 10:56:00-05:00,49.86,49.86,49.86,49.86,135
2020-12-31 11:00:00-05:00,49.845,49.845,49.84,49.84,578
2020-12-31 11:02:00-05:00,49.835,49.835,49.835,49.835,146
2020-12-31 11:08:00-05:00,49.89,49.89,49.52,49.52,400
2020-12-31 11:12:00-05:00,49.79,49.79,49.5,49.635,2643
2020-12-31 11:14:00-05:00,49.53,49.69,49.52,49.635,1350
2020-12-31 11:24:00-05:00,49.775,49.9,49.58,49.58,500
2020-12-31 11:26:00-05:00,49.57,49.57,49.57,49.57,213
2020-12-31 11:28:00-05:00,49.58,49.7,49.58,49.7,373
2020-12-31 11:30:00-05:00,49.85,49.85,49.85,49.85,100
2020-12-31 11:32:00-05:00,49.7,49.71,49.7,49.71,738
2020-12-31 11:44:00-05:00,49.63,49.63,49.63,49.63,208
2020-12-31 11:46:00-05:00,49.74,49.74,49.56,49.56,802
2020-12-31 11:48:00-05:00,49.56,49.56,49.56,49.56,350
2020-12-31 11:50:00-05:00,49.63,49.63,49.6,49.6,353
2020-12-31 12:00:00-05:00,49.88,49.88,49.6,49.6,579
2020-12-31 12:02:00-05:00,50.05,50.05,50.05,50.05,305
2020-12-31 12:10:00-05:00,49.82,49.82,49.82,49.82,231
2020-12-31 12:16:00-05:00,49.93,50.0,49.93,50.0,736
2020-12-31 12:18:00-05:00,49.93,49.93,49.93,49.93,150
2020-12-31 12:22:00-05:00,49.93,49.93,49.93,49.93,725
2020-12-31 12:26:00-05:00,49.79,49.79,49.74,49.74,534
2020-12-31 12:32:00-05:00,49.73,49.75,49.55,49.75,850
2020-12-31 12:38:00-05:00,49.74,49.74,49.74,49.74,214
2020-12-31 12:42:00-05:00,49.67,49.67,49.63,49.63,553
2020-12-31 12:56:00-05:00,49.56,49.56,49.56,49.56,710
2020-12-31 13:00:00-05:00,49.6,49.6,49.6,49.6,119
2020-12-31 13:02:00-05:00,49.56,49.63,49.56,49.59,460
2020-12-31 13:04:00-05:00,49.57,49.57,49.57,49.57,112
2020-12-31 13:08:00-05:00,49.645,49.645,49.645,49.645,116
2020-12-31 13:10:00-05:00,49.635,49.69,49.63,49.6596,1350
2020-12-31 13:12:00-05:00,49.62,49.62,49.62,49.62,428
2020-12-31 13:14:00-05:00,49.59,49.64,49.59,49.64,442
2020-12-31 13:18:00-05:00,49.63,49.63,49.54,49.63,702
2020-12-31 13:26:00-05:00,49.7,49.7,49.7,49.7,200
2020-12-31 13:28:00-05:00,49.73,49.75,49.66,49.66,586
2020-12-31 13:32:00-05:00,49.76,49.76,49.665,49.665,420
2020-12-31 13:36:00-05:00,49.66,49.66,49.66,49.66,100
2020-12-31 13:38:00-05:00,49.66,49.66,49.66,49.66,100
2020-12-31 13:40:00-05:00,49.66,49.7,49.61,49.695,714
2020-12-31 13:42:00-05:00,49.61,49.62,49.5,49.5,982
2020-12-31 13:48:00-05:00,49.5,49.5,49.5,49.5,100
2020-12-31 13:50:00-05:00,49.51,49.51,49.51,49.51,201
2020-12-31 13:54:00-05:00,49.5,49.5,49.5,49.5,100
2020-12-31 13:56:00-05:00,49.53,49.53,49.53,49.53,110
2020-12-31 13:58:00-05:00,49.52,49.52,49.5,49.5,631
2020-12-31 14:06:00-05:00,49.69,49.69,49.69,49.69,100
2020-12-31 14:08:00-05:00,49.6,49.69,49.6,49.67,842
2020-12-31 14:10:00-05:00,49.66,49.735,49.66,49.735,430
2020-12-31 14:12:00-05:00,49.68,49.68,49.63,49.63,830
2020-12-31 14:18:00-05:00,49.59,49.59,49.55,49.55,907
2020-12-31 14:20:00-05:00,49.59,49.59,49.59,49.59,110
2020-12-31 14:22:00-05:00,49.58,49.58,49.5704,49.5704,288
2020-12-31 14:28:00-05:00,49.58,49.63,49.57,49.63,510
2020-12-31 14:30:00-05:00,49.63,49.63,49.63,49.63,311
2020-12-31 14:32:00-05:00,49.63,49.63,49.63,49.63,121
2020-12-31 14:34:00-05:00,49.61,49.61,49.595,49.595,1304
2020-12-31 14:38:00-05:00,49.51,49.6,49.51,49.6,402
2020-12-31 14:42:00-05:00,49.605,49.605,49.605,49.605,361
2020-12-31 14:46:00-05:00,49.54,49.58,49.5,49.58,771
2020-12-31 14:50:00-05:00,49.605,49.605,49.605,49.605,210
2020-12-31 14:52:00-05:00,49.59,49.59,49.555,49.555,680
2020-12-31 14:54:00-05:00,49.5625,49.605,49.5625,49.605,580
2020-12-31 14:58:00-05:00,49.54,49.615,49.54,49.615,408
2020-12-31 15:00:00-05:00,49.615,49.615,49.6,49.61,781
2020-12-31 15:02:00-05:00,49.6,49.69,49.59,49.68,1547
2020-12-31 15:10:00-05:00,49.665,49.82,49.665,49.82,773
2020-12-31 15:16:00-05:00,49.7931,49.7931,49.79,49.79,372
2020-12-31 15:20:00-05:00,49.75,49.75,49.75,49.75,834
2020-12-31 15:26:00-05:00,49.6,49.625,49.6,49.625,360
2020-12-31 15:28:00-05:00,49.62,49.62,49.62,49.62,112
2020-12-31 15:30:00-05:00,49.615,49.805,49.585,49.805,1323
2020-12-31 15:36:00-05:00,49.8,49.8,49.745,49.79,1177
2020-12-31 15:42:00-05:00,49.8286,49.85,49.8286,49.85,310
2020-12-31 15:44:00-05:00,49.685,49.685,49.6,49.65,616
2020-12-31 15:50:00-05:00,49.78,50.01,49.78,49.83,1796
2020-12-31 15:52:00-05:00,50.11,50.11,49.96,49.96,552
2020-12-31 15:54:00-05:00,49.935,49.935,49.69,49.71,2125
2020-12-31 15:56:00-05:00,49.62,49.88,49.605,49.69,2499
2020-12-31 15:58:00-05:00,49.62,49.73,49.38,49.52,13104
2021-01-04 09:30:00-05:00,49.3,50.13,49.3,50.13,1618
2021-01-04 09:34:00-05:00,49.54,49.59,49.33,49.42,1171
2021-01-04 09:36:00-05:00,49.13,49.275,49.1,49.275,1310
2021-01-04 09:38:00-05:00,49.47,49.47,49.47,49.47,858
2021-01-04 09:42:00-05:00,49.51,49.51,49.4,49.4,1350
2021-01-04 09:46:00-05:00,49.75,49.75,49.75,49.75,281
2021-01-04 09:54:00-05:00,49.84,50.12,49.84,50.05,4702
2021-01-04 09:58:00-05:00,50.095,50.095,50.095,50.095,326
2021-01-04 10:02:00-05:00,50.09,50.09,49.85,49.85,561
2021-01-04 10:04:00-05:00,49.88,50.0,49.88,50.0,410
2021-01-04 10:06:00-05:00,50.4,50.4,50.4,50.4,670
2021-01-04 10:22:00-05:00,50.37,50.37,50.2,50.2,457
2021-01-04 10:24:00-05:00,50.37,50.73,50.37,50.55,3683
2021-01-04 10:26:00-05:00,50.55,50.55,50.55,50.55,101
2021-01-04 10:28:00-05:00,50.55,50.55,50.55,50.55,266
2021-01-04 10:30:00-05:00,50.35,50.35,49.95,50.05,2893
2021-01-04 10:40:00-05:00,49.88,49.88,49.88,49.88,118
2021-01-04 10:42:00-05:00,49.66,49.75,49.45,49.73,1030
2021-01-04 10:48:00-05:00,49.54,49.54,49.13,49.3875,3033
2021-01-04 10:54:00-05:00,49.45,49.45,48.92,49.025,1674
2021-01-04 10:56:00-05:00,49.16,49.37,49.015,49.37,2841
2021-01-04 10:58:00-05:00,49.36,49.36,49.36,49.36,569
2021-01-04 11:00:00-05:00,49.37,49.37,49.37,49.37,187
2021-01-04 11:02:00-05:00,49.385,49.385,49.385,49.385,193
2021-01-04 11:04:00-05:00,49.26,49.385,49.19,49.315,1666
2021-01-04 11:08:00-05:00,49.55,49.55,49.55,49.55,100
2021-01-04 11:10:00-05:00,49.55,49.55,49.55,49.55,396
2021-01-04 11:12:00-05:00,49.99,49.99,49.99,49.99,181
2021-01-04 11:18:00-05:00,50.0,50.0,50.0,50.0,1251
2021-01-04 11:20:00-05:00,49.91,49.91,49.91,49.91,246
2021-01-04 11:22:00-05:00,50.0,50.06,50.0,50.06,754
2021-01-04 11:24:00-05:00,50.17,50.17,50.17,50.17,100
2021-01-04 11:26:00-05:00,50.105,50.105,50.105,50.105,200
2021-01-04 11:30:00-05:00,50.03,50.03,49.95,49.95,1005
2021-01-04 11:32:00-05:00,49.805,49.805,49.805,49.805,271
2021-01-04 11:34:00-05:00,49.97,49.97,49.97,49.97,218
2021-01-04 11:36:00-05:00,49.81,49.81,49.81,49.81,125
2021-01-04 11:42:00-05:00,49.66,49.81,49.655,49.81,1547
2021-01-04 11:44:00-05:00,49.65,49.65,49.65,49.65,201
2021-01-04 11:48:00-05:00,49.825,49.88,49.825,49.825,3327
2021-01-04 11:50:00-05:00,49.97,49.97,49.97,49.97,229
2021-01-04 11:52:00-05:00,50.0,50.0,49.91,49.91,1890
2021-01-04 11:56:00-05:00,49.83,49.86,49.81,49.86,999
2021-01-04 11:58:00-05:00,49.67,49.67,49.67,49.67,200
2021-01-04 12:00:00-05:00,49.6,49.6,49.5,49.52,948
2021-01-04 12:02:00-05:00,49.395,49.395,49.395,49.395,100
2021-01-04 12:06:00-05:00,49.29,49.29,49.18,49.2225,627
2021-01-04 12:08:00-05:00,48.98,48.98,48.98,48.98,240
2021-01-04 12:12:00-05:00,48.98,48.98,48.98,48.98,339
2021-01-04 12:16:00-05:00,48.74,48.74,48.715,48.715,282
2021-01-04 12:20:00-05:00,48.72,49.27,48.72,49.27,2576
2021-01-04 12:22:00-05:00,49.285,49.46,49.25,49.35,2422
2021-01-04 12:24:00-05:00,49.165,49.165,49.165,49.165,225
2021-01-04 12:26:00-05:00,49.415,49.415,49.13,49.13,562
2021-01-04 12:28:00-05:00,49.18,49.18,49.18,49.18,1332
2021-01-04 12:34:00-05:00,49.455,49.455,49.455,49.455,547
2021-01-04 12:38:00-05:00,49.27,49.59,49.27,49.59,1315
2021-01-04 12:42:00-05:00,49.6,49.83,49.6,49.83,200
2021-01-04 12:46:00-05:00,49.83,49.83,49.6,49.6,325
2021-01-04 12:48:00-05:00,49.49,49.49,49.49,49.49,216
2021-01-04 12:50:00-05:00,49.57,49.57,49.375,49.375,305
2021-01-04 12:52:00-05:00,49.375,49.9,49.375,49.62,482
2021-01-04 12:54:00-05:00,49.62,49.9,49.62,49.9,869
2021-01-04 12:56:00-05:00,49.9,49.9,49.9,49.9,402
2021-01-04 12:58:00-05:00,49.79,49.79,49.67,49.75,1253
2021-01-04 13:00:00-05:00,49.755,49.8,49.755,49.8,537
2021-01-04 13:06:00-05:00,49.635,49.635,49.635,49.635,300
2021-01-04 13:10:00-05:00,49.84,49.84,49.84,49.84,100
2021-01-04 13:12:00-05:00,49.56,49.56,49.56,49.56,100
2021-01-04 13:14:00-05:00,49.85,49.85,49.85,49.85,394
2021-01-04 13:22:00-05:00,49.55,49.59,49.53,49.53,1301
2021-01-04 13:26:00-05:00,49.41,49.54,49.33,49.54,1557
2021-01-04 13:28:00-05:00,49.535,49.65,49.535,49.65,1511
2021-01-04 13:30:00-05:00,49.54,49.54,49.54,49.54,311
2021-01-04 13:34:00-05:00,49.665,49.665,49.665,49.665,554
2021-01-04 13:42:00-05:00,49.71,49.71,49.71,49.71,439
2021-01-04 13:44:00-05:00,49.5,49.53,49.5,49.53,425
2021-01-04 13:46:00-05:00,49.665,49.81,49.665,49.76,1288
2021-01-04 13:48:00-05:00,49.73,49.73,49.73,49.73,156
2021-01-04 13:54:00-05:00,49.69,49.69,49.69,49.69,248
2021-01-04 14:02:00-05:00,49.66,49.66,49.6,49.6,1271
2021-01-04 14:06:00-05:00,49.5,49.57,49.5,49.57,636
2021-01-04 14:16:00-05:00,49.415,49.58,49.415,49.42,1648
2021-01-04 14:22:00-05:00,49.53,49.54,49.53,49.54,436
2021-01-04 14:24:00-05:00,49.52,49.52,49.52,49.52,210
2021-01-04 14:28:00-05:00,49.58,49.58,49.58,49.58,233
2021-01-04 14:36:00-05:00,49.35,49.35,49.19,49.29,805
2021-01-04 14:40:00-05:00,49.1,49.11,49.06,49.11,516
2021-01-04 14:42:00-05:00,48.88,48.88,48.88,48.88,108
2021-01-04 14:44:00-05:00,49.11,49.11,49.11,49.11,205
2021-01-04 14:46:00-05:00,49.22,49.35,49.22,49.35,499
2021-01-04 14:48:00-05:00,49.35,49.74,49.31,49.64,1855
2021-01-04 14:50:00-05:00,49.45,49.45,49.45,49.45,100
2021-01-04 14:56:00-05:00,49.36,49.36,49.36,49.36,643
2021-01-04 15:08:00-05:00,49.35,49.36,49.35,49.36,238
2021-01-04 15:12:00-05:00,49.35,49.35,48.96,49.29,2371
2021-01-04 15:14:00-05:00,49.35,49.44,49.21,49.44,808
2021-01-04 15:16:00-05:00,49.44,49.45,49.44,49.45,501
2021-01-04 15:18:00-05:00,49.36,49.36,49.36,49.36,412
2021-01-04 15:28:00-05:00,49.37,49.37,49.37,49.37,211
2021-01-04 15:30:00-05:00,49.16,49.22,49.16,49.22,444
2021-01-04 15:32:00-05:00,49.31,49.31,49.31,49.31,1267
2021-01-04 15:36:00-05:00,49.29,49.395,49.26,49.395,527
2021-01-04 15:38:00-05:00,49.29,49.29,49.26,49.26,484
2021-01-04 15:42:00-05:00,49.29,49.29,49.25,49.25,599
2021-01-04 15:44:00-05:00,49.39,49.58,49.335,49.58,2255
2021-01-04 15:46:00-05:00,49.48,49.48,49.39,49.39,328
2021-01-04 15:48:00-05:00,49.48,49.48,49.48,49.48,100
2021-01-04 15:50:00-05:00,49.48,49.485,49.35,49.35,1564
2021-01-04 15:52:00-05:00,49.38,49.385,49.38,49.385,322
2021-01-04 15:54:00-05:00,49.3,49.355,49.2,49.355,2975
2021-01-04 15:56:00-05:00,49.26,49.38,49.155,49.38,1960
2021-01-04 15:58:00-05:00,49.38,49.49,49.27,49.49,7550
2021-01-05 09:30:00-05:00,49.17,49.17,49.095,49.095,0
2021-01-05 09:32:00-05:00,48.68,49.68,48.68,49.68,670
2021-01-05 09:34:00-05:00,49.2696,49.92,49.0,49.92,3968
2021-01-05 09:36:00-05:00,49.34,49.34,49.24,49.34,1005
2021-01-05 09:38:00-05:00,49.28,49.28,49.07,49.07,564
2021-01-05 09:40:00-05:00,49.5,49.82,49.5,49.81,595
2021-01-05 09:42:00-05:00,49.81,49.81,49.3501,49.3566,4744
2021-01-05 09:44:00-05:00,49.25,49.25,49.25,49.25,755
2021-01-05 09:46:00-05:00,49.13,49.13,48.84,48.89,1935
2021-01-05 09:48:00-05:00,49.05,49.05,49.05,49.05,631
2021-01-05 09:50:00-05:00,49.3,49.3,48.87,48.87,342
2021-01-05 09:52:00-05:00,48.85,48.85,48.85,48.85,317
2021-01-05 09:54:00-05:00,48.9,48.9,48.9,48.9,626
2021-01-05 09:58:00-05:00,48.92,48.92,48.92,48.92,474
2021-01-05 10:00:00-05:00,48.38,48.38,48.38,48.38,127
2021-01-05 10:04:00-05:00,48.38,48.38,48.38,48.38,644
2021-01-05 10:06:00-05:00,48.5,48.5,48.5,48.5,589
2021-01-05 10:10:00-05:00,48.328,48.45,48.328,48.45,300
2021-01-05 10:12:00-05:00,48.5,48.5,48.335,48.335,311
2021-01-05 10:14:00-05:00,48.31,48.31,48.08,48.08,603
2021-01-05 10:16:00-05:00,48.175,48.175,48.175,48.175,100
2021-01-05 10:18:00-05:00,48.17,48.17,48.16,48.16,202
2021-01-05 10:20:00-05:00,48.06,48.06,48.06,48.06,114
2021-01-05 10:22:00-05:00,48.155,48.155,48.03,48.03,592
2021-01-05 10:24:00-05:00,48.195,48.195,48.195,48.195,100
2021-01-05 10:28:00-05:00,48.19,48.19,48.04,48.04,689
2021-01-05 10:32:00-05:00,48.2,48.37,48.2,48.2,429
2021-01-05 10:34:00-05:00,48.2635,48.2635,48.2635,48.2635,102
2021-01-05 10:36:00-05:00,48.04,48.04,48.04,48.04,260
2021-01-05 10:38:00-05:00,48.21,48.21,48.04,48.04,389
2021-01-05 10:42:00-05:00,48.07,48.2,48.07,48.2,887
2021-01-05 10:46:00-05:00,48.2,48.28,48.2,48.28,1075
2021-01-05 10:48:00-05:00,48.29,48.37,48.29,48.37,386
2021-01-05 10:52:00-05:00,48.12,48.12,48.12,48.12,300
2021-01-05 10:58:00-05:00,48.24,48.24,48.24,48.24,499
2021-01-05 11:00:00-05:00,48.67,48.67,48.67,48.67,100
2021-01-05 11:02:00-05:00,48.7,49.4,48.57,49.15,3300
2021-01-05 11:06:00-05:00,49.23,49.23,49.03,49.03,1462
2021-01-05 11:14:00-05:00,48.92,48.92,48.92,48.92,135
2021-01-05 11:16:00-05:00,49.16,49.16,48.91,48.91,992
2021-01-05 11:22:00-05:00,49.09,49.09,49.09,49.09,327
2021-01-05 11:24:00-05:00,48.88,48.88,48.88,48.88,357
2021-01-05 11:26:00-05:00,49.1,49.1,48.95,48.95,547
2021-01-05 11:30:00-05:00,49.32,49.84,49.32,49.59,22253
2021-01-05 11:32:00-05:00,49.94,49.94,49.94,49.94,201
2021-01-05 11:36:00-05:00,50.01,50.01,50.01,50.01,594
2021-01-05 11:38:00-05:00,50.08,50.23,50.08,50.23,525
2021-01-05 11:40:00-05:00,50.44,50.44,50.44,50.44,102
2021-01-05 11:42:00-05:00,49.985,50.44,49.985,50.44,1127
2021-01-05 11:44:00-05:00,50.33,50.33,49.76,49.93,2650
2021-01-05 11:50:00-05:00,49.77,49.77,49.77,49.77,102
2021-01-05 11:52:00-05:00,49.76,49.76,49.76,49.76,100
2021-01-05 11:54:00-05:00,49.83,49.83,49.83,49.83,231
2021-01-05 11:58:00-05:00,49.91,49.93,49.77,49.77,515
2021-01-05 12:04:00-05:00,49.83,49.95,49.83,49.95,839
2021-01-05 12:10:00-05:00,50.09,50.09,50.09,50.09,150
2021-01-05 12:14:00-05:00,49.85,49.85,49.77,49.8,2038
2021-01-05 12:16:00-05:00,49.79,49.81,49.73,49.73,1317
2021-01-05 12:18:00-05:00,49.64,49.64,49.64,49.64,113
2021-01-05 12:20:00-05:00,49.77,49.81,49.77,49.81,841
2021-01-05 12:28:00-05:00,49.755,49.755,49.755,49.755,202
2021-01-05 12:32:00-05:00,49.58,49.84,49.57,49.84,468
2021-01-05 12:34:00-05:00,49.75,49.75,49.74,49.75,1216
2021-01-05 12:40:00-05:00,49.81,49.81,49.81,49.81,105
2021-01-05 12:42:00-05:00,49.7,49.81,49.7,49.81,300
2021-01-05 12:44:00-05:00,49.7,49.7,49.7,49.7,167
2021-01-05 12:48:00-05:00,49.79,49.83,49.79,49.8,1195
2021-01-05 12:52:00-05:00,49.865,49.865,49.865,49.865,186
2021-01-05 12:56:00-05:00,49.85,49.85,49.85,49.85,110
2021-01-05 12:58:00-05:00,49.94,50.0,49.87,50.0,3447
2021-01-05 13:10:00-05:00,49.98,49.98,49.98,49.98,779
2021-01-05 13:16:00-05:00,49.88,49.88,49.88,49.88,235
2021-01-05 13:22:00-05:00,49.9,50.06,49.9,50.06,322
2021-01-05 13:24:00-05:00,49.88,49.88,49.88,49.88,111
2021-01-05 13:28:00-05:00,49.89,49.985,49.89,49.985,486
2021-01-05 13:32:00-05:00,49.94,49.94,49.91,49.91,352
2021-01-05 13:36:00-05:00,49.89,49.89,49.88,49.88,1951
2021-01-05 13:42:00-05:00,49.75,49.75,49.73,49.73,458
2021-01-05 13:46:00-05:00,49.73,49.73,49.62,49.62,869
2021-01-05 13:48:00-05:00,49.77,49.78,49.63,49.78,367
2021-01-05 13:50:00-05:00,49.78,49.8,49.78,49.8,523
2021-01-05 13:56:00-05:00,49.79,49.83,49.78,49.79,897
2021-01-05 14:00:00-05:00,49.83,49.83,49.7,49.7,697
2021-01-05 14:06:00-05:00,49.9,49.9,49.9,49.9,375
2021-01-05 14:10:00-05:00,49.78,49.88,49.78,49.88,914
2021-01-05 14:16:00-05:00,49.74,49.74,49.74,49.74,243
2021-01-05 14:18:00-05:00,49.75,49.75,49.75,49.75,381
2021-01-05 14:20:00-05:00,49.88,49.88,49.88,49.88,130
2021-01-05 14:22:00-05:00,49.91,49.91,49.91,49.91,227
2021-01-05 14:26:00-05:00,49.85,49.97,49.84,49.84,2765
2021-01-05 14:28:00-05:00,50.05,50.05,50.05,50.05,235
2021-01-05 14:32:00-05:00,49.88,49.95,49.82,49.88,1554
2021-01-05 14:34:00-05:00,49.78,49.78,49.78,49.78,498
2021-01-05 14:38:00-05:00,49.94,49.94,49.86,49.86,598
2021-01-05 14:42:00-05:00,49.925,49.925,49.88,49.91,804
2021-01-05 14:44:00-05:00,49.94,49.96,49.94,49.96,584
2021-01-05 14:46:00-05:00,49.94,49.94,49.94,49.94,109
2021-01-05 14:50:00-05:00,50.1,50.1,50.07,50.07,383
2021-01-05 14:52:00-05:00,50.04,50.04,50.04,50.04,553
2021-01-05 14:54:00-05:00,49.88,49.93,49.85,49.85,465
2021-01-05 14:58:00-05:00,49.9,50.01,49.9,50.0,930
2021-01-05 15:00:00-05:00,49.96,49.96,49.88,49.9,724
2021-01-05 15:02:00-05:00,50.0,50.03,49.94,49.94,763
2021-01-05 15:04:00-05:00,50.08,50.08,50.01,50.075,628
2021-01-05 15:06:00-05:00,50.11,50.11,50.11,50.11,338
2021-01-05 15:08:00-05:00,50.06,50.21,50.06,50.21,683
2021-01-05 15:16:00-05:00,50.15,50.15,49.95,50.08,2184
2021-01-05 15:18:00-05:00,50.07,50.07,50.0,50.0,564
2021-01-05 15:20:00-05:00,50.06,50.06,49.91,49.91,903
2021-01-05 15:22:00-05:00,49.75,49.85,49.75,49.85,1352
2021-01-05 15:26:00-05:00,49.73,49.73,49.63,49.63,696
2021-01-05 15:28:00-05:00,49.71,49.71,49.71,49.71,176
2021-01-05 15:30:00-05:00,49.6,49.6,49.49,49.59,1161
2021-01-05 15:32:00-05:00,49.6,49.93,49.56,49.93,1052
2021-01-05 15:38:00-05:00,49.745,49.745,49.66,49.71,939
2021-01-05 15:42:00-05:00,49.64,49.7,49.64,49.7,521
2021-01-05 15:44:00-05:00,49.72,49.79,49.68,49.68,488
2021-01-05 15:46:00-05:00,49.84,49.84,49.84,49.84,204
2021-01-05 15:48:00-05:00,49.675,49.675,49.56,49.61,607
2021-01-05 15:50:00-05:00,49.675,49.675,49.52,49.52,1193
2021-01-05 15:52:00-05:00,49.55,49.81,49.55,49.8,1844
2021-01-05 15:54:00-05:00,49.77,49.77,49.66,49.66,1744
2021-01-05 15:56:00-05:00,49.74,49.74,49.74,49.74,402
2021-01-05 15:58:00-05:00,49.72,49.82,49.61,49.82,4600
